origin_country,destination_country,field_of_study,year_of_enrollment,scholarship_received,enrollment_reason,graduation_year,gpa_or_score,visa_status,post_graduation_visa,language_proficiency_test,test_score,placement_status
India,UK,Business,-1.8524366544718094,Yes,Scholarship,-0.8298484698404998,0.6066180505412531,Tier 4,PSW,TOEFL,-0.04079984639207984,1
Canada,Canada,Arts,-1.8291332173819748,Yes,Job Opportunities,-1.5913165433226226,1.2924447926881986,Student Visa,Blue Card,TOEFL,-2.4238730116375393,0
Finland,Germany,Business,0.03185041502254576,No,Job Opportunities,-0.15176920671793168,2.1494094909620096,F1,Work Permit,TOEFL,1.109991066504417,1
Finland,UK,Social Sciences,0.014742324895058072,No,Quality of Life,0.6734295441278749,0.5627913770742546,F1,OPT,None,-2.5245422478414445,1
South Africa,Canada,Social Sciences,0.9744770822752841,No,Political Stability,1.5754520149933517,0.6798855696865584,F1,Work Permit,IELTS,0.06527595710733727,1
Germany,Finland,Arts,0.9770568875944345,No,Quality of Life,1.5557254628293122,1.8757703739422276,F1,Blue Card,None,1.3742218116813314,1
UAE,India,Natural Sciences,0.9454286869252796,No,Political Stability,0.7828064186273842,0.32434233732837203,J1,Blue Card,PTE,0.3315490332266211,0
South Africa,UAE,Social Sciences,-0.9578670980183119,Yes,Quality of Life,-1.6137872774774602,1.2539688898991719,F1,OPT,TOEFL,1.0743943012518098,0
Russia,Canada,Computer Science,1.8668955115357324,No,Job Opportunities,1.553448844711657,-0.8507000330557335,F1,Work Permit,IELTS,0.6843039997505913,0
USA,Canada,Engineering,0.8709064158736063,Yes,Political Stability,0.7209215372750029,1.2957225959516723,Tier 4,OPT,IELTS,-2.3801207331282326,1
Germany,Canada,Natural Sciences,0.06776354892824024,No,Political Stability,0.7556736107956759,2.13342557923606,Student Visa,Post-Study Visa,PTE,0.24150819238742244,0
Ireland,UAE,Arts,0.03566846344023838,No,Higher Ranking,-0.09678761914893667,1.819254007402803,Tier 4,OPT,Duolingo,-2.444302801945488,1
Canada,UAE,Natural Sciences,-1.889120266530687,No,Quality of Life,-2.393385135721818,0.30492584656946214,Tier 4,PSW,Duolingo,-0.08784668351791482,1
Russia,UK,Business,0.8723532353493173,No,Scholarship,1.5075328556589394,1.7919837448450042,F1,OPT,IELTS,0.12596125695543933,1
South Africa,UAE,Law,0.9509365233569481,No,Higher Ranking,1.5393720027323856,-1.7905939699218412,Schengen Student Visa,Blue Card,None,-2.462250024408469,1
Germany,South Africa,Computer Science,-0.9621016071481533,Yes,Scholarship,-1.5211855085500061,-1.5200660962604549,F1,Blue Card,Duolingo,0.18904363114282324,0
Canada,India,Engineering,-1.817451227312735,No,Political Stability,-1.515091997229858,-1.3176450721806523,Schengen Student Visa,OPT,IELTS,1.0942959983977198,0
Canada,USA,Medicine,-1.8320113193457868,Yes,Quality of Life,-0.8020060740443358,1.6760561293537377,F1,OPT,TOEFL,-0.11337845022589142,1
UAE,UK,Computer Science,-0.9423693685868049,Yes,Scholarship,-0.0510704845670331,-0.594379176250682,Student Visa,PSW,IELTS,0.6522540401633017,0
Russia,Canada,Computer Science,1.8319485009439398,Yes,Job Opportunities,2.399088781056514,1.393693955132291,J1,OPT,IELTS,-2.4262388170982505,1
South Africa,India,Natural Sciences,1.7986223882882997,Yes,Job Opportunities,2.3147089124113696,-1.7550398330758068,Study Permit,OPT,Duolingo,0.6357260025045728,0
Russia,USA,Social Sciences,-0.9280645606679444,Yes,Job Opportunities,-1.6398311067501596,-2.0277910067115963,Tier 4,Post-Study Visa,PTE,0.13362205492943688,1
UAE,Finland,Computer Science,1.757175439645555,Yes,Higher Ranking,0.7121081733100878,0.6935137335406377,Study Permit,OPT,Duolingo,0.64116810279729,1
UAE,Canada,Engineering,0.9355761883133257,No,Higher Ranking,-0.06387586317726386,2.013393084178799,Schengen Student Visa,Post-Study Visa,TOEFL,0.3996412076503184,0
India,USA,Social Sciences,0.9097084807615787,Yes,Political Stability,-0.051081565158519665,-0.6474101711350004,Schengen Student Visa,Blue Card,PTE,0.015640404448144754,0
UAE,Finland,Arts,0.8686256970594626,Yes,Higher Ranking,0.7604261027736959,-0.39358585879892655,Study Permit,PSW,TOEFL,1.0175959061354565,1
Russia,Finland,Engineering,0.0172872798479088,Yes,Political Stability,-0.04384505206257845,1.0905037874157193,Study Permit,Work Permit,IELTS,-0.09749081820201323,0
Ireland,Russia,Social Sciences,1.9341563529990682,Yes,Job Opportunities,2.340438662588229,-0.7608230860602259,Tier 4,Post-Study Visa,TOEFL,1.274073879023846,0
Germany,India,Arts,-1.8300868630243479,Yes,Higher Ranking,-1.666620587455539,-0.7450701549328893,Tier 4,Work Permit,IELTS,1.2279160873986863,0
USA,Finland,Business,-0.013707643832879493,No,Job Opportunities,0.011559283401856683,1.473031204960772,F1,Post-Study Visa,TOEFL,1.4725899680659902,0
UK,Russia,Computer Science,-0.9153907743033314,Yes,Political Stability,-0.08248517491342332,0.14395480207787814,Tier 4,Post-Study Visa,PTE,0.018002666576896496,1
USA,Finland,Law,-0.9702431056803479,Yes,Political Stability,-1.5250639162212538,-1.2843079872859482,Study Permit,OPT,Duolingo,-0.04807769080772449,0
Russia,Germany,Computer Science,1.769848373059906,Yes,Political Stability,2.225417263339792,-2.1938477815809674,Tier 4,Blue Card,None,-2.5084312793207255,1
Canada,Finland,Business,1.9356992546546268,No,Political Stability,0.6750144456828466,1.0120103792255284,Tier 4,Blue Card,TOEFL,1.218287909111686,0
India,India,Natural Sciences,-0.06455932619749208,No,Job Opportunities,-0.014515678640145812,-1.894959530275212,Tier 4,PSW,TOEFL,1.2261747143722803,0
Russia,Russia,Arts,0.9313809921196865,Yes,Political Stability,1.522526210802648,-2.2757461809528228,Study Permit,Post-Study Visa,TOEFL,-0.11890258914486042,1
India,Germany,Business,1.8057116232386927,Yes,Quality of Life,1.538969191655777,-1.5956046173537675,Tier 4,OPT,IELTS,0.7615273072178993,1
USA,UAE,Medicine,-1.8603901304516477,No,Higher Ranking,-2.404444634104624,0.9098885211402263,Schengen Student Visa,Blue Card,TOEFL,0.720020372681654,1
UK,Canada,Business,-0.9259413080086906,No,Quality of Life,-0.006496367160767978,-0.9819805379055737,J1,Blue Card,Duolingo,0.8753086349973365,1
Germany,South Africa,Arts,0.9612185846543294,No,Higher Ranking,1.6663068446362075,-0.5227512211565446,F1,Work Permit,PTE,1.2497063598184326,1
UK,Russia,Natural Sciences,-1.8949208142492515,No,Higher Ranking,-2.35601505490804,2.0454271315324477,F1,Work Permit,None,1.1661303286854459,1
UK,South Africa,Medicine,-1.880997899716016,No,Higher Ranking,-2.4744760160954375,0.6312499625266046,J1,Post-Study Visa,None,-2.529993008439743,1
Germany,South Africa,Medicine,-1.8038605561288394,Yes,Scholarship,-1.609930086093365,-0.8382328338079958,Tier 4,PSW,Duolingo,0.3990849969240559,0
Canada,India,Medicine,-1.7979552760250002,Yes,Scholarship,-2.344166650068935,-1.6185815231703178,J1,Blue Card,IELTS,0.2026043671870997,1
USA,Germany,Business,1.811272749554509,No,Job Opportunities,1.497207544230784,-0.4474225229824915,J1,Blue Card,TOEFL,0.4926607894540977,1
India,South Africa,Computer Science,0.8474314835218031,No,Quality of Life,0.7591122927380485,-0.7607513832532814,Study Permit,Post-Study Visa,PTE,0.7161271580324856,0
UAE,Finland,Arts,-0.043464166511189395,No,Quality of Life,0.8559500378734939,0.8373589494126737,Tier 4,PSW,Duolingo,1.0756181885028568,1
Germany,Finland,Social Sciences,1.7864378766427191,No,Quality of Life,0.7064124235507461,1.5003631818754657,Schengen Student Visa,Blue Card,PTE,1.14702663474039,0
UK,USA,Natural Sciences,-0.9880817349220853,Yes,Job Opportunities,-1.5015689284125122,-0.5279415099434368,Tier 4,OPT,IELTS,0.9011324364733863,0
Ireland,UAE,Medicine,0.8999739693240526,Yes,Political Stability,1.6249101027291386,-1.9827759410793453,F1,Work Permit,Duolingo,-0.07732178077485474,1
Ireland,USA,Law,-0.05846864013218835,No,Quality of Life,0.005817912995792592,1.4866594925158965,Study Permit,OPT,TOEFL,0.35815826787930216,1
UK,Canada,Natural Sciences,1.8268071353527244,No,Job Opportunities,1.5767180671702923,0.505749071329848,Tier 4,Blue Card,None,-2.499909504565899,1
Ireland,UK,Business,0.03341076679733527,No,Job Opportunities,-0.7356100135450131,-1.6542188935402513,J1,Blue Card,IELTS,1.0985290382449056,0
Ireland,UK,Law,-1.8593039298829144,No,Job Opportunities,-1.5718654031803152,2.219471681644441,Study Permit,Post-Study Visa,TOEFL,0.20371712185795832,1
Russia,Germany,Computer Science,1.7350996698630214,Yes,Job Opportunities,2.2413157087561677,0.8794157039552362,J1,OPT,PTE,0.007794232839637649,1
Finland,Russia,Social Sciences,1.7752444428398886,Yes,Job Opportunities,1.512756737362269,-1.3813813097461078,Schengen Student Visa,Work Permit,IELTS,0.07419434286863782,1
USA,Ireland,Business,1.783390493797254,No,Higher Ranking,1.441322395698986,0.8100157465138919,Tier 4,Work Permit,Duolingo,1.4010486658879593,1
Ireland,Canada,Law,-1.8224811618744654,Yes,Higher Ranking,-0.7623827417000104,-0.16509026289431233,J1,OPT,IELTS,0.3731998342918374,1
South Africa,Ireland,Law,1.8351547669234842,Yes,Higher Ranking,0.7612800461096189,0.9545371050704881,Tier 4,Blue Card,IELTS,0.20662145458904974,1
South Africa,South Africa,Law,0.9121916702037505,Yes,Quality of Life,1.5748312768556232,-0.6643213742073779,Student Visa,Blue Card,None,0.7755157700827706,1
UK,UAE,Arts,-0.9815711081623794,No,Higher Ranking,-1.6028950150815169,1.4426116063530807,Schengen Student Visa,Post-Study Visa,Duolingo,1.4193434421481907,0
Canada,Germany,Natural Sciences,1.8531189688120902,No,Quality of Life,2.3304464608299864,0.42485374208380566,Schengen Student Visa,PSW,Duolingo,1.5173801694642794,1
Germany,UAE,Law,1.8803516201967077,No,Quality of Life,1.482970676859372,-0.8707543830058256,J1,Post-Study Visa,TOEFL,0.30538763080775455,0
Canada,Russia,Engineering,-0.03580394687215912,No,Quality of Life,-0.8880747790098313,0.6380706603340796,Study Permit,OPT,Duolingo,0.1083222525801015,1
South Africa,UK,Natural Sciences,0.06488070411795002,No,Scholarship,-0.7560869979397382,1.2059298218739742,Schengen Student Visa,PSW,TOEFL,1.2305222157997342,0
USA,Germany,Computer Science,-0.9936814490566197,Yes,Job Opportunities,-0.8556140313410995,1.209108322543616,F1,OPT,None,-2.5185308539224756,1
Ireland,Ireland,Computer Science,-0.05054735837638772,Yes,Quality of Life,0.764878642171033,-1.9692892991520172,Tier 4,Post-Study Visa,TOEFL,0.4400721135178465,1
UK,USA,Medicine,0.8275945140465863,Yes,Political Stability,0.7408556780176916,-0.8514676226049356,Student Visa,OPT,IELTS,0.23596823790626625,1
USA,USA,Natural Sciences,1.8532175625818916,No,Job Opportunities,2.250803045595413,-0.3744756156155759,Tier 4,OPT,Duolingo,1.0341066860904826,0
UK,Canada,Medicine,-0.01661725733193961,No,Scholarship,-0.008116794711218362,1.2360081659012934,Schengen Student Visa,OPT,PTE,0.9236357040721009,0
India,Germany,Natural Sciences,-0.04785846147180203,Yes,Political Stability,-0.0631471527661795,1.8449078509128374,Tier 4,Blue Card,IELTS,-2.466256075209559,0
Russia,Canada,Law,-1.8815013097126227,No,Political Stability,-2.365090094728615,0.9288825832243306,J1,Blue Card,None,-2.44349319874369,0
Germany,UK,Business,1.8496248978359948,No,Quality of Life,2.3230896609194542,2.153355415205157,Tier 4,PSW,PTE,0.8889005773977277,0
Germany,Russia,Arts,0.843421454135683,No,Scholarship,0.7867016206540293,0.2804900701027206,F1,OPT,PTE,0.3308144724836236,0
UAE,Germany,Business,0.9589303975231183,Yes,Political Stability,1.6030542321113357,1.760068392278896,J1,Work Permit,None,-2.6028221811312107,1
India,Canada,Social Sciences,-1.7948818924259944,Yes,Higher Ranking,-0.8139058395058705,0.22452952099550733,Schengen Student Visa,Work Permit,Duolingo,1.1876620011069094,1
Canada,India,Social Sciences,-0.8471915628548017,No,Scholarship,0.03299596870723957,-1.5257160526007636,Study Permit,Post-Study Visa,PTE,0.8653753139061866,1
Finland,Finland,Medicine,0.902247197901963,Yes,Job Opportunities,-0.02444329271128901,1.3349036443333766,Study Permit,Post-Study Visa,PTE,0.09485634689004689,1
Ireland,USA,Social Sciences,0.8618839099163176,No,Quality of Life,0.8093138015002859,0.9959080320908094,F1,PSW,None,0.8241555882608776,0
USA,UAE,Computer Science,0.9403700410739372,Yes,Political Stability,0.047955564619687946,-0.22076595031035198,J1,Post-Study Visa,Duolingo,-0.20944267416577672,0
Ireland,India,Computer Science,-1.0367875935677116,No,Scholarship,-1.6284530403619846,1.3094392096325673,Schengen Student Visa,OPT,IELTS,0.5484361194017529,0
Finland,Germany,Social Sciences,1.006252826337281,No,Job Opportunities,-0.024101986269094284,1.8682813889284673,Study Permit,Post-Study Visa,IELTS,-2.5176027454083227,1
UAE,USA,Natural Sciences,0.828175325784252,Yes,Job Opportunities,-0.06032402447714735,1.2535203707018927,Study Permit,OPT,IELTS,-0.25718238444816083,1
USA,Germany,Engineering,-1.8020417159899913,No,Scholarship,-1.6127189979402672,-0.15662882313823312,F1,Post-Study Visa,None,-2.5401488081763604,0
USA,Russia,Engineering,-0.03446663008448341,No,Scholarship,0.7975041372884094,-2.1587422457098397,Schengen Student Visa,Work Permit,None,0.4004431165436086,1
UK,UAE,Medicine,-0.9352181615572431,No,Quality of Life,-0.05597933293861282,1.5263073850319604,Student Visa,Blue Card,IELTS,0.13425166795933818,0
South Africa,Canada,Law,1.7448557323305858,Yes,Higher Ranking,2.2817080238374574,0.5174107754315385,J1,OPT,None,-2.4541701741626802,1
South Africa,Canada,Natural Sciences,0.03679980632795927,Yes,Scholarship,0.8399382415784868,0.8088001278960981,F1,Work Permit,TOEFL,0.1591314821217837,0
Ireland,Finland,Arts,-0.9129921793791952,No,Quality of Life,0.07143342038854139,-1.6157472446626602,Tier 4,Post-Study Visa,TOEFL,1.1863792234392512,1
Germany,Russia,Law,-0.9399501751495085,Yes,Higher Ranking,-0.6960362956597566,1.6148432371094987,Schengen Student Visa,PSW,PTE,1.1316645237809562,0
Canada,Russia,Business,-0.034617208942285496,No,Higher Ranking,-0.8194642030827405,1.6861720880665585,Study Permit,Blue Card,IELTS,1.4254555301746659,0
USA,Russia,Natural Sciences,-0.9985875464086027,Yes,Quality of Life,-0.03574566216151402,2.1385759196296075,Tier 4,Work Permit,TOEFL,0.4414856041709053,0
UAE,Germany,Engineering,-1.9175161126315838,Yes,Quality of Life,-2.305027241699908,0.2159527686859204,Student Visa,Work Permit,PTE,-0.2568997774535456,0
Canada,USA,Medicine,0.8421604623151743,No,Job Opportunities,0.6594895475241701,0.20117192454850255,Tier 4,Work Permit,PTE,1.05581975317602,1
UAE,Finland,Social Sciences,0.04028661731177009,Yes,Higher Ranking,0.7273664584468631,-1.8937708051464912,Tier 4,Post-Study Visa,TOEFL,0.22554174626044066,1
South Africa,Germany,Natural Sciences,0.9798421471090629,No,Scholarship,0.6958493833379428,-1.7637862196650358,F1,PSW,None,0.5116411139400404,1
UK,South Africa,Business,-0.9994558709480941,No,Scholarship,-0.7385459415024378,-0.7973750218093875,J1,Work Permit,TOEFL,1.2596376198654953,1
India,South Africa,Business,-1.821355782122426,No,Higher Ranking,-0.8501761995652644,0.8641697015760228,F1,Blue Card,PTE,1.2810840974319337,0
India,Finland,Natural Sciences,1.7141753057624676,No,Job Opportunities,1.5884515577417482,0.01956499346120625,Study Permit,Post-Study Visa,Duolingo,0.9982058212428616,1
Germany,USA,Computer Science,-0.12396600753440894,No,Higher Ranking,-0.039762744077571376,-0.33494394849913756,Study Permit,Work Permit,None,1.3122685986251263,0
USA,Canada,Engineering,1.7881192306477292,No,Job Opportunities,1.5192592274442693,2.15911963873273,J1,PSW,PTE,0.7444063335718898,1
India,Canada,Computer Science,-0.9588214297967329,No,Scholarship,0.08445119647692227,-2.2088405287528143,F1,Post-Study Visa,Duolingo,0.518770341073776,0
India,UK,Arts,-0.11341386442229971,No,Political Stability,-0.8078504115351071,1.0484792018344484,Study Permit,OPT,TOEFL,0.6547538602671116,0
Canada,Germany,Business,-0.9920407177862074,Yes,Political Stability,0.022259539292373145,1.149446695753114,Schengen Student Visa,PSW,TOEFL,1.2353368463243413,0
South Africa,India,Computer Science,-0.8455164575925531,Yes,Job Opportunities,-1.5599995108958635,-1.4146474158211517,J1,OPT,Duolingo,-0.22237917470989382,0
Germany,Canada,Engineering,1.722177019842751,Yes,Scholarship,1.6226570531717492,-0.8737029118118445,Student Visa,Work Permit,PTE,1.0624332588044096,1
Germany,Finland,Engineering,-0.8612038131660542,Yes,Job Opportunities,-1.591356189141882,-1.1933211863452167,J1,Work Permit,TOEFL,0.7579702706510566,1
Russia,India,Computer Science,-1.8538624260947965,Yes,Scholarship,-1.525037447570782,1.961657533206967,Student Visa,PSW,TOEFL,0.18665108856723447,1
Russia,Ireland,Business,-1.8951790053968625,No,Scholarship,-2.344437852568897,0.15790246946034608,J1,PSW,IELTS,0.08832463109359066,1
Ireland,UAE,Arts,-0.008634240736190707,Yes,Higher Ranking,-0.06387510553402498,1.757565934166677,Student Visa,Work Permit,TOEFL,-2.4804908465666635,1
Finland,Ireland,Engineering,1.7901328286932345,No,Quality of Life,0.8250435986222036,1.4437667679684778,Schengen Student Visa,Work Permit,PTE,1.0398140660222999,0
India,Russia,Business,-1.8064529593710588,No,Scholarship,-2.4292673696006006,-1.2074824017008692,Study Permit,Work Permit,PTE,-0.2040523851399796,1
India,Finland,Computer Science,0.021403094109605822,No,Quality of Life,0.6826430584418183,-2.281839446957917,Study Permit,Work Permit,PTE,1.3970226791423541,0
Russia,Ireland,Business,-0.9287795053372198,Yes,Political Stability,-0.8333915604268542,2.0873248403848703,Student Visa,OPT,None,-2.4483915039059427,1
USA,South Africa,Law,-1.7560582083519436,Yes,Job Opportunities,-2.2678035552525193,1.181000266822499,Schengen Student Visa,Blue Card,IELTS,-2.510357154278297,1
UK,UK,Social Sciences,-0.9153682303494323,No,Political Stability,-1.5754923578769986,-1.0173507757158398,Tier 4,PSW,TOEFL,1.4502326515987831,1
Canada,South Africa,Computer Science,-0.9604090496374609,No,Quality of Life,-0.04713559695861904,-0.5010376909297802,J1,PSW,Duolingo,0.46715678212187184,1
USA,Finland,Natural Sciences,-1.8754118510455964,No,Scholarship,-1.573800955165271,-0.36691776315719005,Schengen Student Visa,Work Permit,None,-2.472566099172355,0
UAE,Canada,Computer Science,0.899152357519409,Yes,Job Opportunities,0.00564285256746698,0.2231569280516093,Student Visa,PSW,TOEFL,0.23351668027199798,0
Finland,South Africa,Business,1.7620403819040382,No,Job Opportunities,2.249698305220402,-1.592665869365179,Student Visa,PSW,PTE,0.10196156871177,0
Germany,USA,Arts,-0.8912057789681053,Yes,Quality of Life,-1.6015200773309555,-0.4553721299330144,Study Permit,Post-Study Visa,Duolingo,0.5240112728961573,0
Ireland,Russia,Social Sciences,-0.9608096585883619,Yes,Higher Ranking,-1.5610786032682196,-1.3683907580753711,Tier 4,Work Permit,TOEFL,-0.08889825792328666,1
Canada,UK,Natural Sciences,-0.8621855172093799,Yes,Quality of Life,-1.5213615261909776,-0.14385538098209294,Tier 4,Blue Card,Duolingo,-2.5035645250431666,1
UK,USA,Law,-0.016955219298803864,No,Scholarship,-0.8515184731816045,0.6420566857649103,Student Visa,PSW,PTE,0.18889288529084938,0
Germany,Finland,Arts,0.9526045814724677,No,Quality of Life,0.8074691266965136,0.2469896764394636,Student Visa,Work Permit,IELTS,1.22409411897766,1
UK,India,Law,-1.86836359595546,No,Job Opportunities,-0.694258894627839,1.9626929645581244,J1,Blue Card,IELTS,1.0262932522670318,0
Germany,UAE,Social Sciences,-1.8128297866786496,No,Job Opportunities,-0.7629620296932895,-1.3173038745000478,J1,Blue Card,Duolingo,0.40656788049667725,1
Canada,Finland,Medicine,-0.00823777783908764,No,Job Opportunities,0.7350978657932848,-0.06677180579488898,Tier 4,Post-Study Visa,IELTS,0.28887147491361487,0
USA,Canada,Business,1.877284969003725,Yes,Scholarship,1.5497540885547492,-2.004824919181938,J1,OPT,TOEFL,0.7660446393492458,1
Finland,Canada,Business,-0.08193908903415327,Yes,Quality of Life,-0.8255483830980105,0.40655116007034386,J1,Work Permit,PTE,1.292232814172569,1
Germany,UK,Natural Sciences,-0.9308293787036883,Yes,Political Stability,-1.5756654987112615,-1.3319110919897368,Tier 4,OPT,Duolingo,1.1032502800956052,0
Russia,Ireland,Law,1.7321539063658757,No,Job Opportunities,1.542292222485147,-1.8362168645614685,Schengen Student Visa,OPT,None,-0.20552576496079117,1
Ireland,Ireland,Social Sciences,0.8143678685456328,No,Scholarship,0.7241584265807157,-0.16893439115179687,Study Permit,Work Permit,TOEFL,0.36694331472534836,1
Germany,Ireland,Social Sciences,-1.9268340815375862,Yes,Scholarship,-0.8064489578494453,-1.2930618343108562,Schengen Student Visa,Blue Card,IELTS,-0.18623922264550505,0
South Africa,India,Business,1.796989061570748,No,Quality of Life,2.260329555278385,-0.5667040157723852,J1,Blue Card,IELTS,-2.4237626441519438,1
UAE,USA,Social Sciences,1.7879102273160175,Yes,Political Stability,1.6139612558075278,2.117871439819179,Tier 4,Work Permit,IELTS,0.11731726703330252,1
UK,UK,Natural Sciences,-1.9010175311325723,No,Higher Ranking,-2.3729015912427753,-2.2958135712926326,Student Visa,Post-Study Visa,Duolingo,0.5679895295035334,0
UK,UAE,Arts,-0.851090596254691,Yes,Higher Ranking,-0.8737219582775168,-0.9170713697487132,F1,Post-Study Visa,IELTS,0.9826759516490823,1
India,India,Natural Sciences,1.8631839707538465,Yes,Political Stability,0.7384670860584956,-1.0817489469075254,Schengen Student Visa,PSW,PTE,1.2940733123678112,0
Russia,UK,Computer Science,-1.877998542791795,No,Higher Ranking,-0.784707222439926,2.0602102999298273,Tier 4,OPT,None,-2.496000344413122,0
Finland,USA,Natural Sciences,0.930670555919985,No,Quality of Life,0.7820894957363493,-0.42018675280893153,Study Permit,PSW,None,-2.4449488798852523,0
Finland,Ireland,Medicine,-1.818482752135429,No,Scholarship,-1.5789909580315258,1.8132460244544908,Tier 4,OPT,PTE,0.3820029846278017,0
Ireland,South Africa,Arts,-1.7622459261644106,Yes,Quality of Life,-1.516111106420715,0.5204718395167431,Study Permit,Blue Card,Duolingo,0.12848163304466034,0
Finland,India,Medicine,-1.8047106444240368,No,Political Stability,-2.4184756081420353,0.26180007087174373,J1,Blue Card,TOEFL,1.2824482427527746,0
UK,UAE,Arts,1.7779203029423376,No,Job Opportunities,0.6981363342798494,-0.9759933340106225,Schengen Student Visa,Post-Study Visa,None,-2.4651369462040655,0
Ireland,South Africa,Engineering,-1.8055202114474653,No,Quality of Life,-2.397463197109978,-1.4195290358655603,Schengen Student Visa,Work Permit,None,-2.456825732346008,0
Germany,Germany,Arts,0.011655912412766563,No,Higher Ranking,-0.8170081677376149,-1.5676234510268798,J1,Work Permit,Duolingo,0.16895083944599115,1
South Africa,UK,Natural Sciences,0.019607551360604276,No,Scholarship,0.006492453209208507,-0.31923688920957577,Schengen Student Visa,Work Permit,TOEFL,-2.4968641726677268,1
UK,UAE,Computer Science,0.8095580064620507,Yes,Higher Ranking,-0.07671689830629742,1.6516217738024905,Tier 4,PSW,IELTS,-2.468382110379849,1
Canada,India,Computer Science,0.0479598026483343,Yes,Scholarship,0.05840433336292904,-1.4878942155170904,Schengen Student Visa,Post-Study Visa,None,1.0564856004241852,1
Ireland,Ireland,Business,-1.0884737281957453,Yes,Higher Ranking,-0.8567966782278778,1.2351161647521351,F1,Work Permit,PTE,0.5317841212421699,0
Russia,UK,Arts,-0.8606025621560804,Yes,Job Opportunities,-0.08612423698882589,1.732983508454902,Tier 4,PSW,IELTS,-0.10196289045255233,1
Finland,Finland,Business,-1.8223392366283846,Yes,Job Opportunities,-2.355725984121263,-0.8253698212702925,Schengen Student Visa,Blue Card,PTE,-0.09817688968379301,1
Russia,Germany,Law,1.7377239299075273,Yes,Scholarship,2.4241200108117793,1.4010863771345152,Tier 4,OPT,Duolingo,-0.3177897581676739,0
UAE,South Africa,Arts,0.8868307414870163,Yes,Political Stability,0.7959278137760889,-1.4463904318642167,Study Permit,Blue Card,IELTS,1.1622513643137005,1
South Africa,UK,Social Sciences,1.899274142617064,Yes,Political Stability,1.4820489049280958,2.289967393902188,Schengen Student Visa,OPT,Duolingo,-0.166302040463809,1
Canada,South Africa,Medicine,0.06486001416870363,No,Political Stability,0.7253533160209067,0.9433018955656526,Schengen Student Visa,Post-Study Visa,TOEFL,0.786847177449537,0
South Africa,South Africa,Engineering,-1.8651855865672415,Yes,Job Opportunities,-1.5599337826295183,0.6355487249903932,Schengen Student Visa,Work Permit,PTE,1.486805682438166,1
South Africa,Canada,Engineering,0.057156649999507904,No,Political Stability,0.8080414807617206,-1.5250640038749037,Student Visa,OPT,TOEFL,-0.223032960484583,0
UAE,Canada,Social Sciences,-1.006536320242308,Yes,Political Stability,-0.08398305239752869,1.707830348856647,Tier 4,Blue Card,None,0.8587878725592487,0
Finland,Ireland,Computer Science,0.010277297568869389,No,Higher Ranking,0.025037212680512542,-1.3982403248204305,Schengen Student Visa,Blue Card,Duolingo,-0.24812250159659827,1
Finland,Ireland,Business,-1.6927028609845662,Yes,Higher Ranking,-1.5741307934916495,1.5183312307860435,J1,PSW,TOEFL,-0.03100777066837533,0
Germany,Ireland,Law,-0.9297849749798833,Yes,Quality of Life,-0.02106967395703363,1.3684061558217444,F1,Post-Study Visa,None,0.31689768071020125,0
Germany,Canada,Engineering,0.9232856591579104,Yes,Job Opportunities,1.5570362231304418,-2.1737428651987303,F1,Post-Study Visa,Duolingo,0.025930350093220526,1
Ireland,Russia,Law,-0.014689278818628441,No,Quality of Life,-0.05673806822376519,1.9748435261169126,Tier 4,Post-Study Visa,TOEFL,0.1552242045462596,0
Canada,Finland,Business,-1.844752711981355,Yes,Higher Ranking,-0.6960814638467837,0.36939876069540445,J1,Work Permit,TOEFL,0.18724583449434187,0
India,Russia,Law,1.7877109260361328,No,Political Stability,2.3182657031472207,-0.16248210343096295,Schengen Student Visa,Work Permit,None,1.346855868789484,0
Russia,Canada,Social Sciences,-0.9730775834945062,Yes,Higher Ranking,-0.8007229774364273,2.1052800348896366,Schengen Student Visa,Blue Card,None,-2.53148603014211,0
UK,Ireland,Social Sciences,-1.0101987022282501,Yes,Higher Ranking,-1.592479815838495,-1.6856834790062207,Tier 4,Work Permit,Duolingo,1.2248036148924515,0
Russia,South Africa,Natural Sciences,0.8882604059406759,No,Job Opportunities,0.03157354689327538,-0.20444836080252232,J1,Post-Study Visa,Duolingo,0.3408761222687131,1
India,UAE,Arts,-1.7747119134237073,Yes,Job Opportunities,-0.8163138747094129,0.32043295571376673,Schengen Student Visa,PSW,TOEFL,1.177955321001794,0
UAE,UK,Medicine,0.9072212639447066,Yes,Quality of Life,0.8888177123887782,-0.28028780615544213,J1,OPT,IELTS,0.8754057773650555,1
Finland,Ireland,Business,-1.84409580424305,No,Higher Ranking,-1.6312409902456917,0.773750928060735,Tier 4,Blue Card,None,-2.467761851595297,0
USA,Ireland,Social Sciences,-0.9960748761559948,Yes,Higher Ranking,-1.6689366280388462,0.4356841535001328,Tier 4,Blue Card,Duolingo,0.8158275865726272,1
Russia,Germany,Natural Sciences,1.881795239272141,Yes,Scholarship,0.8019353932354425,-0.4383047082992177,Tier 4,OPT,PTE,0.23427125920586783,1
Canada,Finland,Social Sciences,1.631224048906477,No,Quality of Life,1.5911790947722269,1.5101947550916066,Study Permit,Work Permit,IELTS,1.1614791639275386,1
UK,UAE,Engineering,-0.05124261010659123,No,Higher Ranking,-0.8187966769483574,2.1790229845871756,Tier 4,OPT,PTE,-0.12974282597253126,0
South Africa,India,Law,0.8654611520073385,Yes,Job Opportunities,-0.02767445684142152,0.45302539408482967,F1,OPT,None,-2.496330964290362,0
South Africa,Ireland,Engineering,0.8525519178185499,No,Quality of Life,0.7812718382761096,-1.7901769226940514,Tier 4,OPT,IELTS,0.18155868443736228,1
Germany,South Africa,Natural Sciences,-0.15453624057918702,Yes,Political Stability,0.7682680011420524,1.6940627607060996,Student Visa,Blue Card,Duolingo,1.0910529867907284,0
UAE,Russia,Social Sciences,-0.04654537456145135,No,Scholarship,-0.7695342822880442,1.6706969035734494,F1,Work Permit,IELTS,0.46090473372666924,1
UK,Finland,Social Sciences,-0.9174571642686252,No,Political Stability,-1.6270538642927235,-0.5830784045889601,Study Permit,Post-Study Visa,Duolingo,1.0478406710283223,1
UK,Ireland,Medicine,0.8323338522028275,No,Political Stability,1.4961456850600299,1.0105641646527088,Schengen Student Visa,PSW,Duolingo,-0.010553868630341693,0
USA,Germany,Arts,-1.8961232816855957,No,Quality of Life,-0.8564931243122648,-0.48329499749843063,J1,Blue Card,Duolingo,-0.12159460580210735,1
Canada,USA,Medicine,-0.8899163094219877,No,Job Opportunities,-0.010787480177162145,1.2148225088406184,F1,Post-Study Visa,Duolingo,0.8760238000149765,0
Canada,UAE,Engineering,-0.9719197173173992,Yes,Higher Ranking,-0.8065307759905114,1.2589837960791028,Study Permit,Blue Card,TOEFL,0.25444697566110275,1
Germany,Canada,Social Sciences,1.8231047161911482,Yes,Quality of Life,0.8177208051881878,0.16792645229550052,Tier 4,PSW,IELTS,0.007508663988442479,1
Ireland,Germany,Engineering,0.08599460587132951,No,Political Stability,-0.8162777623802373,0.14087707184754877,Schengen Student Visa,OPT,None,-2.4963432881403413,0
Finland,South Africa,Social Sciences,1.0292704199822489,No,Job Opportunities,-0.07340573857507156,-0.05500806845857986,F1,OPT,PTE,0.20321751071156968,1
Canada,USA,Computer Science,0.832274255603019,Yes,Political Stability,0.7700028053347302,1.3236985643948584,Schengen Student Visa,OPT,IELTS,0.7266531985766137,0
UK,Canada,Business,1.8692609247688323,No,Quality of Life,1.5479251845138382,-0.5803112181020363,Student Visa,Post-Study Visa,None,-2.550056837593334,0
UK,India,Social Sciences,1.8089909591239464,No,Higher Ranking,2.367301348003987,0.485386634735348,F1,Work Permit,Duolingo,1.1955981800081679,1
India,UK,Law,-1.8628200167164841,No,Quality of Life,-0.8285140325577395,-1.5285625792148407,Schengen Student Visa,OPT,Duolingo,0.0058887791306732745,1
USA,Ireland,Engineering,1.7418683933324015,Yes,Higher Ranking,2.342841829823112,1.8681213092353008,F1,Post-Study Visa,None,-2.521213760215684,0
Russia,India,Natural Sciences,0.9320073978449787,Yes,Quality of Life,-0.03825192361283562,-1.2667929901179746,Study Permit,Blue Card,PTE,-0.04425858765559339,0
Russia,Ireland,Natural Sciences,-1.9094452924840355,No,Quality of Life,-0.824158469904194,-0.3816492661527781,Study Permit,PSW,None,-2.438018839180878,1
Russia,Finland,Arts,-1.8229580585622653,Yes,Job Opportunities,-2.3184969597261453,-1.150900945344181,Student Visa,PSW,None,-2.513575615648805,1
India,Finland,Medicine,0.05967224791662453,Yes,Scholarship,-0.8312527562433909,-1.8987836455549967,J1,PSW,Duolingo,0.30143269883584645,0
South Africa,UAE,Arts,1.7177714931693024,No,Scholarship,1.5227855842335742,1.2357142685840299,Study Permit,Post-Study Visa,TOEFL,1.285516544609822,1
Russia,UK,Arts,-0.9806771650892865,No,Higher Ranking,-0.15538041117904106,-0.7248897735879932,Study Permit,PSW,IELTS,-0.3079412567742532,1
USA,Russia,Law,1.7947927898493354,Yes,Quality of Life,0.7867063369978532,1.4308051571806608,Schengen Student Visa,OPT,TOEFL,1.203403144237065,1
UK,Germany,Business,1.891389283114536,No,Quality of Life,2.371325798840561,-2.0293660959251834,Tier 4,Post-Study Visa,IELTS,0.5913895263653091,0
UAE,Ireland,Social Sciences,0.8502183325162093,No,Job Opportunities,1.5722763025510758,-0.025807616512242365,Tier 4,Blue Card,Duolingo,-0.16784560878731755,1
Germany,Finland,Arts,-0.9429403314863596,Yes,Higher Ranking,-0.0327190608313448,-0.04401223923965352,Tier 4,Post-Study Visa,TOEFL,0.3542368595080648,0
Ireland,Finland,Computer Science,0.8433609799995727,No,Scholarship,0.7723991282245124,0.5957622479117989,J1,Post-Study Visa,TOEFL,-2.4815132091870993,1
Canada,Germany,Engineering,1.8399806857660703,No,Higher Ranking,1.503806225592165,-1.4403592453081024,J1,Post-Study Visa,None,-2.3916665049467967,0
Finland,Russia,Medicine,0.07362306779935132,Yes,Political Stability,0.016746277656186265,-1.6317956580208157,F1,Work Permit,PTE,-0.09135878051602084,1
South Africa,South Africa,Engineering,0.9464033161894823,No,Higher Ranking,1.5006527784155628,1.6766729883146119,Study Permit,OPT,None,-2.494333299604496,0
UAE,UK,Arts,-1.0143707900632641,No,Political Stability,-0.0015609305994831839,-2.1914942614859196,F1,PSW,Duolingo,1.3826623113522132,0
UK,Ireland,Arts,-0.9424835993412354,No,Job Opportunities,-1.5849482723993482,-0.033175812759996176,J1,OPT,TOEFL,0.7113971623989579,1
UK,India,Natural Sciences,1.8289779885364121,Yes,Scholarship,2.3172445144552327,1.5504615142767197,Study Permit,Post-Study Visa,IELTS,1.3601804144212621,1
India,India,Medicine,0.9085447250122963,Yes,Higher Ranking,0.7256629854121998,-0.863992505925276,Schengen Student Visa,OPT,None,0.7097166539900573,0
Ireland,India,Natural Sciences,1.7977700274753174,Yes,Political Stability,1.4884786183841745,-0.2380388430868865,Schengen Student Visa,Work Permit,PTE,0.009434334503730105,0
South Africa,UK,Law,1.8513294184886335,No,Higher Ranking,2.362073227325403,-1.2167002305514905,Study Permit,Post-Study Visa,PTE,0.7941191220860626,1
Canada,South Africa,Natural Sciences,-0.065374205290697,No,Scholarship,-0.013671524111945353,-0.5515342919763273,Student Visa,Post-Study Visa,PTE,1.2908371495236266,0
UK,Germany,Engineering,-0.9746809366831423,No,Political Stability,0.009220432034281002,2.1016002496684703,J1,OPT,PTE,-0.12341846827783284,1
India,Germany,Engineering,0.9832912073033968,No,Job Opportunities,0.7259325855281898,-0.7929880862212374,F1,OPT,IELTS,0.16859454409983096,0
USA,UAE,Medicine,0.98259324811327,Yes,Higher Ranking,-0.05883000517174808,2.2568111887827897,F1,Blue Card,Duolingo,-0.09446794761687677,1
UK,UAE,Law,1.8108692109884603,Yes,Higher Ranking,0.7171453243357669,-0.13888452919593702,Schengen Student Visa,PSW,Duolingo,0.9621015371050211,0
Canada,UK,Law,0.04120706377636753,Yes,Quality of Life,0.8212272054281955,1.2520850414371705,J1,OPT,PTE,-0.2387385851883843,0
Canada,Finland,Computer Science,-0.8746453578614964,Yes,Quality of Life,-0.8084613231629588,1.1312322974097606,Student Visa,Work Permit,PTE,1.1624453071437404,1
UAE,Ireland,Medicine,-1.8982519964437403,Yes,Higher Ranking,-0.8129418334094952,-2.0099211538708683,J1,Work Permit,PTE,1.2262917458305473,1
Russia,South Africa,Natural Sciences,0.0337479838655488,No,Political Stability,0.7419050751205637,-1.378955102717357,J1,Work Permit,None,0.6094831713788621,0
UAE,Ireland,Natural Sciences,-0.07221992525714714,No,Higher Ranking,-0.1193261009306952,-0.26318591871314656,Schengen Student Visa,Work Permit,Duolingo,0.3966021441782624,0
India,Russia,Law,-0.9065626510427534,No,Scholarship,-0.042465384677923976,-0.026608112857198593,J1,OPT,TOEFL,1.22424561280476,0
Canada,Russia,Social Sciences,-0.8659084734797614,Yes,Higher Ranking,0.0036563396690170065,-0.8605847210297003,Schengen Student Visa,Work Permit,PTE,0.4982594353418254,0
South Africa,Russia,Law,1.804844505525971,Yes,Quality of Life,0.7448464769837557,-1.1821649696241638,Study Permit,Work Permit,TOEFL,-0.18699157730062352,1
Russia,UK,Engineering,1.8795820822175524,No,Scholarship,1.5684315941208857,-0.8677765634467423,Study Permit,PSW,None,-2.4945993726846196,1
UAE,South Africa,Medicine,-1.8729477968115527,Yes,Political Stability,-2.338117851910639,0.0313787851937992,F1,Work Permit,Duolingo,-2.4370080277808137,0
Canada,USA,Medicine,-0.04731297311928547,Yes,Higher Ranking,-0.011206770503938234,-0.6513117585071206,Student Visa,Work Permit,Duolingo,1.0869839953123497,1
Russia,Germany,Law,0.9662729838682254,Yes,Political Stability,0.8434823394466485,-2.1334143930492555,Tier 4,Post-Study Visa,PTE,-0.19284697470458378,1
Canada,Finland,Computer Science,-0.9107043494422701,Yes,Quality of Life,-0.8808485934484198,2.304962818370818,F1,Post-Study Visa,None,-0.0068211997555610165,1
South Africa,Ireland,Natural Sciences,-0.8112710563708967,Yes,Scholarship,-1.6156728211142992,-1.1276292839448292,Student Visa,PSW,None,-2.4753133627329214,1
Canada,Finland,Business,0.8415694615161295,No,Higher Ranking,-0.01987530569228856,-0.6973852166868239,F1,Work Permit,IELTS,1.330406427852832,0
India,India,Computer Science,1.808363064431241,Yes,Quality of Life,2.4589950391044884,-1.411292039588249,Study Permit,Blue Card,None,-0.13671694010197227,0
Germany,UK,Arts,1.7827370997120497,No,Political Stability,0.8699194476668755,1.657310256035235,Student Visa,PSW,None,0.4957900213271787,0
Germany,Russia,Law,0.911942967982559,Yes,Scholarship,1.5890244672733573,1.6978854156862464,Student Visa,Post-Study Visa,TOEFL,0.17905758025144927,1
Canada,UK,Social Sciences,-1.8293760268384012,No,Quality of Life,-1.6194565857816854,-0.06299872772041568,Schengen Student Visa,Post-Study Visa,IELTS,0.36487641650785974,1
Russia,Ireland,Arts,-1.8154770213186127,No,Job Opportunities,-2.312765487197561,-1.6066349559344861,Schengen Student Visa,Work Permit,IELTS,1.2763548425814923,1
UAE,UAE,Natural Sciences,-1.8821528116805233,No,Scholarship,-2.4233394754942528,-0.28809722340444116,Schengen Student Visa,Work Permit,Duolingo,0.04734533350762219,0
USA,UAE,Computer Science,-1.7994218227820222,No,Job Opportunities,-1.5284958664997508,-0.5990842971450828,Tier 4,Blue Card,IELTS,1.2536914582634575,0
Russia,UK,Engineering,0.005723945776337782,Yes,Job Opportunities,0.045766454165080905,-1.2666910899313342,Tier 4,Blue Card,TOEFL,1.4164781969161533,1
Germany,UK,Social Sciences,0.024621549097557607,No,Higher Ranking,-0.8353682145657794,0.735916917567269,Schengen Student Visa,Work Permit,None,-2.507344231500503,0
UAE,USA,Natural Sciences,0.018658087933448635,No,Political Stability,0.10141101818591232,0.37262346595399837,F1,Work Permit,TOEFL,-2.468457661727223,0
UAE,Finland,Engineering,-1.8712809866290268,No,Higher Ranking,-1.6014070045881919,-1.1390777343018716,Study Permit,Blue Card,Duolingo,0.1885968157825013,1
UK,South Africa,Social Sciences,-0.9659834830190209,Yes,Quality of Life,-1.553703841833996,-1.1758611890701405,Student Visa,OPT,None,-0.0334208713520008,0
Germany,USA,Social Sciences,-0.9743834938767506,Yes,Higher Ranking,-0.022651335279437104,-1.5862855190487033,Schengen Student Visa,PSW,TOEFL,0.8257070352148397,0
Germany,India,Arts,0.8447816455160242,Yes,Political Stability,-0.025317126330555002,-0.7701912278911178,J1,OPT,TOEFL,-0.07749915940145544,1
Russia,India,Law,-1.8350742354732505,Yes,Higher Ranking,-2.376232205378627,1.1848286437957485,Schengen Student Visa,Blue Card,TOEFL,1.181853426926331,1
Ireland,South Africa,Arts,-1.894844253387623,No,Higher Ranking,-0.6977124308405194,-1.734511829626415,Schengen Student Visa,Work Permit,PTE,1.3759187726562467,1
USA,UK,Social Sciences,1.7229643613748684,Yes,Quality of Life,0.8081649633707129,-1.3230926243227843,J1,PSW,Duolingo,-0.09348059350407291,0
Germany,Germany,Natural Sciences,-0.9666041764062744,No,Higher Ranking,-0.0703204559601383,0.23160538954399248,J1,Blue Card,Duolingo,0.877830128103967,0
Ireland,Germany,Business,-0.8544027827565926,Yes,Higher Ranking,-1.5579254716336888,1.7491909368703673,Schengen Student Visa,Post-Study Visa,Duolingo,1.315997445768335,0
Russia,Finland,Social Sciences,1.809932552619701,Yes,Scholarship,1.5262946463515994,2.2900373876088427,Study Permit,Work Permit,PTE,0.4221773343942262,1
Canada,Ireland,Law,-1.783378195263978,No,Higher Ranking,-0.7286460222202602,-0.7380682348681366,Schengen Student Visa,OPT,None,-2.455403648385798,0
UK,USA,Social Sciences,1.7777353423506477,No,Quality of Life,2.295326691001192,-2.0388646517772417,Study Permit,PSW,PTE,0.15990730931464028,0
UAE,Russia,Law,-0.9135191060817812,No,Scholarship,-1.5933388568796851,1.111464431546176,Student Visa,Blue Card,Duolingo,0.721959648697536,0
Canada,Russia,Arts,-0.9807938708922588,No,Political Stability,-1.5846959377115934,-1.6305077126245697,Schengen Student Visa,Post-Study Visa,IELTS,0.44005387199935486,0
USA,Germany,Business,-0.9953017408852771,Yes,Scholarship,-1.6910121803655846,-1.2694223319742493,Study Permit,Work Permit,Duolingo,0.4324298953266783,0
South Africa,USA,Natural Sciences,-0.8691694874932533,No,Higher Ranking,-1.5979361693608072,1.9763326661753822,Study Permit,Blue Card,Duolingo,0.6221614249163652,1
India,USA,Social Sciences,1.829985235039184,Yes,Quality of Life,1.5445604724489346,1.8235990193552472,J1,OPT,None,-2.52734807120071,1
Ireland,Finland,Medicine,-1.9093207435787758,No,Job Opportunities,-2.3104782290727552,-1.0971523201178204,Student Visa,Post-Study Visa,Duolingo,-0.2583377829867632,1
South Africa,UAE,Computer Science,1.9167034273780708,Yes,Job Opportunities,0.7639681660422133,2.0803982191684165,Study Permit,Blue Card,None,0.758187483256144,1
India,Finland,Medicine,1.7083120063689412,No,Quality of Life,1.5657273922732986,-0.08213793603865117,Study Permit,Blue Card,None,1.5014779062348622,0
Germany,Canada,Arts,0.03734835637248318,Yes,Scholarship,-0.8774084292298475,-1.4572673834431062,J1,OPT,TOEFL,0.7615822149724589,1
India,Canada,Law,1.7321634464377693,Yes,Quality of Life,1.5042878393750743,-1.899369074445336,Tier 4,Work Permit,IELTS,0.07385899634114312,0
South Africa,UK,Business,1.7585923947091553,Yes,Job Opportunities,1.5901253087007015,0.32133896820475966,F1,Blue Card,IELTS,0.1006588008418964,1
Canada,South Africa,Law,0.8696894139680656,Yes,Political Stability,-0.04496089051658059,0.948993109231275,J1,PSW,PTE,-0.036482454631571515,0
Ireland,India,Medicine,0.1059986631888056,Yes,Higher Ranking,0.7707408022419634,1.9530048341820996,F1,Work Permit,PTE,0.20975761249722133,0
UK,Ireland,Law,0.8537579801277493,Yes,Higher Ranking,-0.08540233553823783,0.1806962638066068,Schengen Student Visa,Blue Card,Duolingo,-2.5133402264928018,0
Canada,South Africa,Natural Sciences,-0.011700100910314846,No,Higher Ranking,0.02515451301161521,0.023582972293201804,Schengen Student Visa,Work Permit,Duolingo,0.11020441701839154,0
Canada,UK,Medicine,-0.8447032588913259,No,Political Stability,-1.5668839124039846,-0.03372759213559521,Student Visa,Work Permit,Duolingo,0.5225791075112292,0
UK,Ireland,Natural Sciences,-0.9311960888785583,Yes,Quality of Life,-0.7629583477402624,-1.6352385841552235,Tier 4,Work Permit,None,0.6676162851219078,1
Finland,Canada,Social Sciences,-0.8877690714878119,Yes,Higher Ranking,-0.837072135298044,2.145995054284157,Study Permit,Work Permit,Duolingo,0.2911650420409035,1
Russia,Finland,Engineering,-0.9663736247819477,No,Scholarship,-1.571642252217045,0.29882064368142325,Study Permit,Blue Card,TOEFL,0.9647371760713583,0
India,UK,Business,-0.9127234896891638,Yes,Political Stability,-0.01090876566117825,2.255470684953607,Schengen Student Visa,PSW,Duolingo,1.2147537497235426,1
UAE,India,Computer Science,-0.8726112803507999,Yes,Political Stability,-0.7971027663729462,-0.9253370727725616,Study Permit,Work Permit,IELTS,0.6312788602136125,0
Russia,South Africa,Computer Science,1.8740974259062184,Yes,Quality of Life,1.563953749976464,-0.5256886090915762,Schengen Student Visa,Blue Card,TOEFL,0.14543581538962258,0
Canada,Russia,Arts,-0.036295813703645874,Yes,Higher Ranking,-0.6718724112602544,-0.3721619709023673,Tier 4,PSW,Duolingo,1.043157931674468,1
UK,Germany,Business,1.7886184190284993,Yes,Job Opportunities,0.7662421266155739,0.2070044059837161,Study Permit,PSW,IELTS,1.058555382220797,1
USA,India,Computer Science,1.8705242924435594,No,Job Opportunities,2.2559126741170368,0.7379644918179241,F1,Work Permit,TOEFL,1.3563133248457322,1
USA,Canada,Social Sciences,1.8609040641757484,No,Higher Ranking,2.321114153456003,1.912915300378183,F1,PSW,IELTS,0.36743679425356685,1
India,Germany,Engineering,0.9469918219277323,No,Job Opportunities,0.7295676818313428,-0.5052587561179013,Study Permit,Blue Card,Duolingo,-0.05546105415768239,0
UAE,UK,Law,1.8164709514849626,Yes,Political Stability,1.403209668324403,1.0177306103437689,Study Permit,PSW,PTE,-2.4118899941576446,0
USA,UK,Engineering,-1.7615865758243556,No,Job Opportunities,-0.8802708820384184,-1.3756557438174914,Study Permit,Post-Study Visa,None,-2.4672784987270964,0
UAE,Canada,Business,-0.08125653030354749,No,Scholarship,-0.027932746650155868,0.3486576993989147,Study Permit,OPT,IELTS,1.363813542559512,1
South Africa,UK,Computer Science,-0.018848139893892234,Yes,Quality of Life,-0.7593912153163501,1.3686516907370623,F1,Post-Study Visa,IELTS,1.4086724664082986,0
Canada,India,Natural Sciences,0.8815228180929133,Yes,Political Stability,0.7823846507911402,-1.6891856573704553,J1,Post-Study Visa,Duolingo,1.507384791916118,0
Finland,UK,Law,1.8813738423683768,No,Scholarship,1.5523936885182004,-0.8463591814907612,Student Visa,Work Permit,None,-2.427637317054518,1
Finland,Germany,Law,-1.8037968024713742,No,Higher Ranking,-1.506230947341845,0.5530133835176178,Study Permit,OPT,PTE,1.1048762642777954,0
USA,India,Computer Science,-0.9847811592788107,No,Scholarship,-0.7021195315267145,-1.4813723101157685,F1,Blue Card,IELTS,0.39651536705518003,1
Canada,Germany,Business,-1.7933166206852118,Yes,Scholarship,-2.3326630448412877,0.13467375079365385,F1,Blue Card,Duolingo,0.03312950350654008,1
Finland,UAE,Engineering,-0.014115579679670929,No,Quality of Life,-0.011535501506882206,0.17261462313720516,J1,Blue Card,Duolingo,-0.25345945248894347,0
UAE,South Africa,Engineering,1.76082936922852,No,Higher Ranking,1.4612499551505234,-0.5004825956506946,Schengen Student Visa,Work Permit,None,0.7090971905812256,1
Russia,India,Social Sciences,-0.9384344148726368,Yes,Quality of Life,-1.5990108590520473,-1.4265103376971493,F1,Work Permit,None,0.9406841801551311,1
UK,Ireland,Medicine,1.8002263791046158,No,Job Opportunities,0.7498826965711222,-1.5278389732601436,Study Permit,Blue Card,TOEFL,-0.19415677868845463,0
Germany,Finland,Computer Science,-1.8123087850808146,Yes,Job Opportunities,-0.7567204949329605,-0.3623882037804204,F1,Blue Card,None,-2.490083032769636,1
Finland,India,Engineering,-0.9242135967282826,No,Higher Ranking,-0.12697442352049007,1.0106612670993211,Student Visa,PSW,TOEFL,0.7866757641452785,0
Russia,India,Natural Sciences,0.9159405664039685,Yes,Job Opportunities,0.7441418490285255,-0.5801680460758534,Student Visa,Work Permit,TOEFL,-2.5016533130188727,0
India,Finland,Law,-0.08508148363605098,Yes,Higher Ranking,-0.7598277421604264,0.22601661107350204,Student Visa,Work Permit,TOEFL,0.8250551398171773,1
Canada,Ireland,Law,0.057612101508364745,No,Scholarship,-0.722605238247521,1.1992078633525074,J1,OPT,PTE,0.3629778896166665,1
UK,India,Social Sciences,-1.8260308947006842,No,Scholarship,-1.6041446626311153,-0.4580411572410302,J1,Post-Study Visa,Duolingo,0.29360678154564135,1
India,Finland,Medicine,0.8481130222674653,Yes,Job Opportunities,1.4816753386886288,-0.84538358779005,F1,Blue Card,Duolingo,-2.5299686776938373,1
Ireland,UK,Engineering,1.8260643948907767,Yes,Quality of Life,0.8456981957848734,-1.7537694739642444,Tier 4,OPT,TOEFL,0.3409248320998144,0
USA,Finland,Law,0.9387202137802604,Yes,Quality of Life,0.7375963838200433,-2.0427148457189057,J1,Post-Study Visa,None,-2.527146605759422,1
Germany,Ireland,Law,0.9539051635883941,No,Quality of Life,1.5172873758596817,0.20571720761582096,Tier 4,Post-Study Visa,IELTS,0.6288890939266084,1
UAE,India,Business,-1.7863952253144788,No,Quality of Life,-2.372044366526381,-2.163734728861211,Tier 4,Post-Study Visa,PTE,-2.4456874924708103,0
USA,UK,Business,1.801027787200174,Yes,Higher Ranking,2.3353576903590474,1.7277274599414918,Study Permit,Post-Study Visa,IELTS,0.4696596908578499,0
Ireland,USA,Social Sciences,-1.776803678197604,No,Political Stability,-1.615771934959891,1.2688326595617774,Tier 4,OPT,None,-2.459305824779437,0
UK,Russia,Engineering,-1.8824832681585446,No,Scholarship,-2.345755064692379,-1.1782369191168125,Tier 4,Blue Card,IELTS,-0.17407450862686996,0
Canada,South Africa,Law,1.8172185240751477,Yes,Political Stability,2.3205785324701202,-0.14753873568779635,F1,OPT,Duolingo,0.21145113555423553,0
USA,Germany,Social Sciences,0.8739297631675527,Yes,Higher Ranking,0.6793216955277874,-0.5074390001311679,Schengen Student Visa,Work Permit,TOEFL,0.12466803740785591,0
Russia,Finland,Arts,1.8265216493165943,No,Higher Ranking,0.8017990844297207,1.0923881810373488,F1,Post-Study Visa,PTE,0.45504121635861183,0
Ireland,UAE,Engineering,-0.8832208850054879,Yes,Quality of Life,0.016334547563345406,0.9545867626296668,Study Permit,Post-Study Visa,PTE,-0.10370065069285893,1
UK,South Africa,Business,0.0010067399730863385,Yes,Job Opportunities,-0.7968211343674857,-1.3877692552252223,Tier 4,PSW,IELTS,0.424430576639145,0
UK,Russia,Engineering,-1.8373908155975283,Yes,Higher Ranking,-0.7124989598098185,2.055715804587926,Tier 4,Work Permit,TOEFL,1.2036350600678944,1
Canada,South Africa,Social Sciences,-0.12819282029072113,No,Quality of Life,0.8309136791586648,-1.9362627686555296,Tier 4,Work Permit,IELTS,1.2906161914832508,1
Russia,UAE,Natural Sciences,-1.9177723988321993,Yes,Quality of Life,-0.841242051089999,0.14909308549945963,Student Visa,Blue Card,PTE,1.4307379189484157,1
Germany,Germany,Computer Science,1.8772803154255082,Yes,Higher Ranking,1.4803199508979177,1.4436986691493228,Student Visa,OPT,None,-0.2978253938852063,0
Ireland,Canada,Computer Science,-0.02468912051904044,Yes,Job Opportunities,-0.05900275646536379,0.9948369731915188,J1,Blue Card,Duolingo,-0.2012184422180266,0
India,UK,Natural Sciences,-0.027094938586507016,Yes,Political Stability,0.8327816036315261,0.4090515610537564,J1,OPT,PTE,-0.21841747964048533,1
UK,India,Natural Sciences,-0.05158966434858517,No,Scholarship,0.8375182874247991,0.1497072601828892,Study Permit,OPT,TOEFL,0.25271720215880195,1
Russia,Canada,Arts,-1.8940038960752479,Yes,Quality of Life,-2.424215142664532,2.1836806957099144,F1,PSW,None,0.1781608804346019,1
Canada,India,Engineering,-1.88523549220161,No,Scholarship,-2.2816602340842205,-0.16841283239304428,J1,Blue Card,None,-2.5636152022697307,0
Canada,Ireland,Law,-0.006019479718154657,Yes,Scholarship,0.8514076766333619,-1.598833859629734,J1,Work Permit,PTE,1.277013977441218,1
Canada,Finland,Business,0.8214596333089907,No,Scholarship,0.7631801813927069,0.28291555789840167,J1,Blue Card,None,-2.4804301960532382,1
India,Germany,Computer Science,1.7902588162972548,No,Job Opportunities,1.5816471363271585,2.0453046176142373,Tier 4,PSW,IELTS,0.05139482183131612,0
Canada,India,Arts,1.7514188231822165,No,Political Stability,1.543828158644302,-0.429182758885672,F1,Post-Study Visa,Duolingo,0.7167239842802725,1
India,India,Natural Sciences,1.814709312252312,Yes,Political Stability,2.342701736950692,2.155371225929457,Student Visa,Post-Study Visa,TOEFL,1.4324037623433643,1
South Africa,UK,Computer Science,-0.08442609693060976,Yes,Political Stability,-0.80255643120372,0.8465080684487448,Student Visa,Post-Study Visa,Duolingo,0.8814667497457539,0
UAE,Finland,Business,-0.9266029841360149,Yes,Higher Ranking,-0.7836686272517972,-1.008722845508582,Schengen Student Visa,OPT,None,-2.4687504495336228,1
UAE,India,Medicine,-0.8900796025665368,No,Scholarship,0.007029634257777358,1.5561270799812372,Study Permit,OPT,TOEFL,-0.14484981848944273,0
UAE,Germany,Computer Science,1.78727824723989,Yes,Job Opportunities,2.3433656713304725,0.2346291505870882,Study Permit,Blue Card,None,-2.4726413440083888,0
Ireland,Finland,Engineering,-1.7799248894263109,No,Scholarship,-1.5954258279619804,-0.7953814308530798,Tier 4,PSW,Duolingo,-2.4395091260207993,1
UK,Finland,Medicine,1.7244639046837178,No,Higher Ranking,2.363055277506607,0.5679270966060666,Study Permit,Post-Study Visa,TOEFL,-0.056049821682870316,0
Canada,UAE,Law,-0.9603517737207994,No,Political Stability,0.050919719809094544,-0.7928242731810639,Study Permit,OPT,Duolingo,0.48846190658042443,1
Finland,USA,Arts,-0.03400945922823002,Yes,Job Opportunities,0.8297542455133186,-0.6832174206231673,Study Permit,Post-Study Visa,None,1.000918455232207,0
Russia,Canada,Engineering,1.781819614160654,Yes,Job Opportunities,2.308576463218582,2.2361244923893833,F1,Post-Study Visa,None,-2.510514621826047,0
Ireland,India,Engineering,0.9253253689640386,No,Political Stability,-0.05287204540050733,1.2083294276970158,J1,Post-Study Visa,None,-2.5002002173419644,0
Russia,Germany,Medicine,-1.003400952032586,Yes,Higher Ranking,0.04959325316580224,2.006868588271355,Student Visa,Post-Study Visa,None,-2.5029535972934576,0
Finland,Russia,Computer Science,1.7563155893904412,Yes,Scholarship,2.354409333273389,0.5867913499538989,J1,PSW,Duolingo,-0.24983468693162242,0
UK,USA,Arts,1.8770269697746125,Yes,Political Stability,1.514088773145773,0.9243432277430311,F1,OPT,TOEFL,1.209459475137541,0
India,Germany,Business,1.8909897881769484,No,Job Opportunities,2.3682059767347376,0.5324698232500341,Tier 4,OPT,Duolingo,1.1103803454779384,0
Finland,UAE,Business,1.7576214117841706,Yes,Quality of Life,0.7361985303652727,0.5345426683762893,Schengen Student Visa,PSW,None,-2.541034104038876,1
South Africa,Germany,Law,-0.09983352030253591,Yes,Higher Ranking,-0.8693898031475908,1.6905976982763338,F1,OPT,IELTS,0.2588200206549274,1
Ireland,South Africa,Computer Science,-0.07348265109152516,No,Job Opportunities,-0.043267099207306245,1.2982953097712795,Schengen Student Visa,PSW,PTE,1.0455106768581417,0
Finland,UK,Medicine,-0.014295322435604808,Yes,Political Stability,-0.7425944838875558,1.6130347862073287,Tier 4,Blue Card,PTE,1.1545204087980174,1
Ireland,USA,Social Sciences,-1.8354158767966493,Yes,Scholarship,-2.360860241134034,2.0073122156694727,F1,Blue Card,None,0.6241847262912757,0
Germany,UAE,Engineering,1.8108367134496521,Yes,Higher Ranking,2.392750206488746,-0.6881855439110207,Tier 4,Blue Card,None,-2.436872883111015,0
South Africa,Ireland,Natural Sciences,1.7706306549189852,Yes,Higher Ranking,2.2803860148190838,1.067310420685528,Schengen Student Visa,Work Permit,None,-2.533226822043331,1
Finland,USA,Engineering,0.024884743794868228,No,Job Opportunities,-0.7977957891092934,2.0621950062469527,Study Permit,OPT,TOEFL,1.2867369290833222,1
Russia,UK,Medicine,-1.9317572353062964,Yes,Political Stability,-2.380904047250019,0.7336658306717467,J1,PSW,Duolingo,0.6272563133278297,0
Finland,Russia,Social Sciences,0.8580399444467794,No,Political Stability,0.7295950565909541,1.0606127622730297,F1,Post-Study Visa,Duolingo,0.0344882580030296,0
Finland,UK,Computer Science,-0.968345901896439,Yes,Political Stability,-1.5597832060869623,1.4277003224966407,Study Permit,Post-Study Visa,TOEFL,1.0680711717390259,1
UK,Finland,Business,0.8069516893546733,No,Quality of Life,0.7879283035802739,-1.8693603835479244,Tier 4,PSW,TOEFL,1.042006729773542,1
Ireland,UK,Law,-1.775297146618273,Yes,Job Opportunities,-2.350065285229959,2.2702950672127042,Schengen Student Visa,Blue Card,TOEFL,1.287479204941927,0
Canada,South Africa,Law,0.8924059465267317,No,Scholarship,0.019802440091210207,-0.491578672064231,Student Visa,Work Permit,PTE,1.3516492165247875,0
UK,India,Engineering,1.7799456947184584,Yes,Higher Ranking,1.5241512902429515,0.7948464010773834,Tier 4,OPT,Duolingo,0.33093892008959935,0
Ireland,Germany,Medicine,0.8844003544290684,No,Job Opportunities,-0.03455543328914201,-0.8377951359091094,J1,Post-Study Visa,TOEFL,0.5544000290294375,1
Finland,South Africa,Social Sciences,1.7907005069218744,No,Higher Ranking,2.366258675209674,1.91833201835909,Study Permit,PSW,None,0.7734824141988098,0
Russia,South Africa,Law,0.9446246630991408,Yes,Scholarship,-0.05023492344422312,-0.6632342432806264,F1,Blue Card,IELTS,1.3827166543308729,0
Canada,Finland,Natural Sciences,-1.7993607586278473,Yes,Political Stability,-0.8374330999626762,1.005871930114688,Tier 4,Blue Card,Duolingo,0.16029025091118804,1
Finland,UAE,Business,-0.002199371685358718,Yes,Quality of Life,-0.737509583029161,-2.019963890918088,Student Visa,Work Permit,Duolingo,0.27418814861530405,1
South Africa,Germany,Natural Sciences,-1.824945669380789,Yes,Job Opportunities,-0.8043708249968052,-0.16654254961089168,F1,OPT,IELTS,-2.47156983166849,1
USA,UK,Natural Sciences,1.8138257707287793,No,Political Stability,0.7529430105662307,-0.31876354126022544,Student Visa,Work Permit,Duolingo,0.8310706734914688,1
Finland,Ireland,Business,-1.7308398627220742,Yes,Higher Ranking,-1.6859556569687886,-1.4963351093036088,Student Visa,PSW,TOEFL,1.0204370491524029,0
Russia,Germany,Social Sciences,-1.0746661041799916,Yes,Scholarship,-1.6107436259711625,1.485073301954269,J1,Blue Card,None,-2.463999803164457,1
Finland,UAE,Natural Sciences,-1.89395560934772,No,Political Stability,-2.37605889998765,1.2276977339615747,Schengen Student Visa,PSW,Duolingo,1.0842791525756208,0
Canada,Finland,Social Sciences,0.8354257557533746,No,Higher Ranking,1.6231926573904862,1.0118200600994096,Tier 4,OPT,Duolingo,0.15618761456572838,1
Russia,Germany,Engineering,0.901582887503462,No,Quality of Life,0.7662816476107437,-0.1408693693266917,Schengen Student Visa,OPT,PTE,0.12960118015468414,1
Finland,USA,Law,-0.8815234325765522,Yes,Scholarship,-0.8294467046148083,-1.5298218965964265,J1,Post-Study Visa,PTE,0.9243772895598698,1
India,UK,Engineering,1.7912583571586207,No,Quality of Life,2.2671875935666237,1.8838246412106052,Study Permit,Post-Study Visa,PTE,0.9165038375776104,0
Canada,India,Business,0.8034885272795026,Yes,Scholarship,-0.08019371982309138,1.107185376591371,Study Permit,Work Permit,IELTS,0.39801878651229444,1
India,South Africa,Natural Sciences,1.8175840019524243,Yes,Higher Ranking,2.303153180482483,-0.7944710696596216,Schengen Student Visa,OPT,TOEFL,0.027400710066896358,1
USA,Germany,Natural Sciences,-1.8333788184792914,No,Higher Ranking,-1.5600216042069484,0.6581306838249772,Study Permit,Blue Card,Duolingo,-0.11163520309085118,0
USA,Russia,Business,0.06464324260469115,Yes,Job Opportunities,-0.8462062395201557,1.480166721547667,Student Visa,Work Permit,None,0.8812294129197601,1
UK,Germany,Computer Science,0.016208925455005935,No,Political Stability,-0.031169884501942604,-1.5456404250430078,Student Visa,Blue Card,Duolingo,-0.030935094661496656,1
Canada,Russia,Medicine,-0.037774604157825326,Yes,Scholarship,-0.014428178081531353,0.2602904638560487,F1,PSW,Duolingo,-0.1815652507802912,0
Canada,India,Law,0.9263421697266805,No,Political Stability,0.710606372139733,0.6801205129152854,Schengen Student Visa,Work Permit,TOEFL,0.09535416900678834,1
UAE,Russia,Law,-0.039958978098169326,Yes,Political Stability,0.7481882433178986,1.4798182666035926,Schengen Student Visa,Post-Study Visa,PTE,1.364430713039682,0
Germany,UK,Business,0.9867876484233136,Yes,Political Stability,0.007169493673218268,-0.8358817792969935,Schengen Student Visa,Work Permit,Duolingo,0.2952854415923448,0
Russia,USA,Computer Science,0.925388516916249,No,Scholarship,1.616197273199403,0.7938493429369398,J1,Work Permit,Duolingo,1.2761879573915837,1
Finland,Canada,Natural Sciences,-0.06449576840782527,Yes,Scholarship,0.8021080595259644,2.0336460345905745,Schengen Student Visa,Work Permit,None,-2.4596182470086076,1
Canada,Germany,Law,-0.004807281582977132,No,Scholarship,-0.7835411320876765,1.8390457219422298,Tier 4,Work Permit,None,-2.456093475372318,0
UK,Russia,Engineering,-1.839550120960202,Yes,Job Opportunities,-0.8612745944123413,-0.030999156732445327,Study Permit,Post-Study Visa,None,-2.4525230850635023,0
UAE,UAE,Arts,0.8506303476637086,Yes,Scholarship,0.7332284018887755,0.37087545187570325,Student Visa,Blue Card,IELTS,-0.08048542603417877,0
Russia,UAE,Arts,0.9315706570348948,Yes,Scholarship,0.7181620538168229,1.4775567064795885,Schengen Student Visa,Post-Study Visa,IELTS,-0.1951708558700495,0
Finland,Germany,Medicine,-1.845267761924472,No,Job Opportunities,-1.4772587383079057,-1.2669318946141286,F1,Post-Study Visa,None,0.781931347040591,0
Germany,Russia,Medicine,-0.9812001222539789,Yes,Job Opportunities,-0.07505144770654953,1.080439871931874,Tier 4,Work Permit,TOEFL,0.0950028170933194,1
Germany,South Africa,Medicine,-0.009013685406821608,No,Higher Ranking,0.7156545134198502,-0.7463525801076136,Schengen Student Visa,OPT,TOEFL,-0.2633071078297088,0
South Africa,Germany,Arts,-0.8746317587413146,No,Scholarship,-1.6182613825544283,0.6604223922781193,Tier 4,OPT,PTE,-0.04358742778182598,1
UK,India,Arts,-0.00801661629755734,Yes,Job Opportunities,-0.7800341407444265,0.0972947671000436,J1,OPT,IELTS,1.293849108416813,0
Germany,Germany,Computer Science,0.9349908395414249,Yes,Higher Ranking,0.78499712730127,-1.4744869487563155,F1,PSW,PTE,1.1776751765041282,1
USA,Finland,Arts,0.8879734652235304,Yes,Quality of Life,1.5684806678325542,-1.8932928144548988,Study Permit,Blue Card,None,-2.4402157499718617,1
UK,Finland,Medicine,-1.900926681594973,Yes,Scholarship,-2.385546949253076,-2.0072761665709744,Student Visa,PSW,PTE,0.5087935563863557,0
Canada,USA,Natural Sciences,1.781479490548597,Yes,Higher Ranking,2.4382587850679314,0.043206756216481325,Schengen Student Visa,OPT,None,-2.4110657196397676,1
UAE,Ireland,Law,1.7603347639855438,No,Job Opportunities,2.316168524628527,-1.8065099574685197,F1,PSW,PTE,1.3691435947448196,1
Canada,Canada,Arts,-0.9012055680369722,Yes,Political Stability,-0.016731297776056243,1.9490063105408628,Study Permit,Work Permit,None,-2.5098800229933005,1
Germany,Germany,Engineering,0.9515290952645262,No,Scholarship,0.03722249134447983,-1.8387909032656216,J1,PSW,None,0.15067490588627905,1
UK,UAE,Social Sciences,0.9017673936244174,No,Scholarship,1.574667344950842,-1.3235042761057858,J1,Work Permit,IELTS,-0.028813798056935416,0
Russia,USA,Medicine,1.7677722192128489,No,Scholarship,1.5023817677768856,-2.121987151808254,F1,OPT,IELTS,-0.10471801476742082,0
India,USA,Engineering,1.7530768803607664,Yes,Quality of Life,1.5312474931023974,0.02180236391516644,Study Permit,OPT,TOEFL,0.11773806597479276,1
USA,Canada,Social Sciences,-0.98593952216175,Yes,Scholarship,-0.7342624536738762,1.1508722953138608,Schengen Student Visa,PSW,TOEFL,1.1836182050058388,0
South Africa,Finland,Social Sciences,1.8246685718976263,Yes,Higher Ranking,0.7387912138821958,-0.7791000119096978,J1,OPT,TOEFL,0.22195608294344976,1
Russia,USA,Arts,-1.8177372787378738,No,Quality of Life,-0.7133244984879371,-2.140802063772226,Study Permit,Work Permit,IELTS,1.2573726969358883,0
USA,Germany,Natural Sciences,0.9497832905077721,No,Quality of Life,0.6975070338892745,-0.9602301504244425,Schengen Student Visa,OPT,Duolingo,-0.29579136697201025,0
Germany,UAE,Law,-0.8053489768613581,Yes,Political Stability,-1.6309451698395518,1.504356938484399,F1,Blue Card,Duolingo,0.4110957035980149,1
Canada,India,Arts,1.7629391725281118,No,Higher Ranking,2.347124376435942,-2.2430338692774163,Student Visa,Work Permit,PTE,0.45755052724278256,0
Russia,Finland,Business,1.8049998159608796,No,Job Opportunities,1.5485881881724395,-0.01917733577617096,F1,Post-Study Visa,TOEFL,-2.3721334306853503,1
Ireland,India,Natural Sciences,-0.890548530474385,Yes,Job Opportunities,-0.8934411311308975,0.439995259950866,Study Permit,Blue Card,None,-2.402189960864733,1
USA,South Africa,Law,1.8322802295026361,No,Quality of Life,1.615167398240978,-1.6064598930848748,F1,Post-Study Visa,IELTS,0.8296609489308561,0
India,South Africa,Computer Science,-0.8880475122078842,Yes,Political Stability,-1.6419114958573096,-0.3559398882940723,Schengen Student Visa,PSW,IELTS,0.4154936752195756,0
UK,South Africa,Law,0.8880812897664274,No,Scholarship,0.7616619090623795,-1.4956930029357491,Tier 4,PSW,Duolingo,0.26908961257235897,0
USA,South Africa,Computer Science,-0.9243088822032015,Yes,Job Opportunities,-0.8482867909314564,-0.8900681611142933,Student Visa,OPT,Duolingo,1.2034933181096188,0
UAE,Finland,Business,-1.76557920075775,No,Political Stability,-1.5897616807891901,-1.6197249195854735,F1,Blue Card,IELTS,0.01376704541460627,0
Ireland,Canada,Natural Sciences,0.02774611197265213,Yes,Quality of Life,0.04615353819602809,-0.9359327230655665,Schengen Student Visa,PSW,TOEFL,-2.5915623544407693,1
Russia,Germany,Medicine,1.8369593528397916,No,Political Stability,0.7354696935191047,1.3290414078820054,F1,Blue Card,None,-2.515745662271978,1
UAE,Finland,Social Sciences,-1.9085407434029782,No,Higher Ranking,-2.3263181288782984,0.48307623306290365,Schengen Student Visa,Blue Card,IELTS,0.9771681653007487,1
Canada,Ireland,Business,-1.8076999002052672,Yes,Scholarship,-2.377912761535169,-1.510235507837083,Schengen Student Visa,OPT,IELTS,0.3009803488058656,1
Germany,UAE,Medicine,0.027542113480480003,No,Political Stability,-0.036007627308881296,-1.0954503358868428,Tier 4,PSW,None,-2.5193467834492154,1
UAE,UK,Law,1.8694142254083195,No,Political Stability,2.3294707478439705,0.38994813990196825,Student Visa,PSW,None,-2.4640575496515016,0
Canada,Ireland,Social Sciences,-1.8251425035153532,No,Job Opportunities,-1.5948569474997207,0.973874664663283,J1,Blue Card,TOEFL,1.1912692728194836,1
India,Germany,Arts,0.012527113741835684,No,Scholarship,-0.04289285865633749,-0.10999311853071271,Tier 4,Work Permit,Duolingo,0.5607739401730452,0
India,Canada,Natural Sciences,-0.006418402502617885,No,Higher Ranking,-0.008210611192343925,-0.0979935079559999,Tier 4,Post-Study Visa,PTE,1.2090826530967025,0
Finland,USA,Business,-1.8475663193319878,Yes,Political Stability,-0.816272466567407,1.5203519083200185,F1,PSW,TOEFL,0.6440665605577249,0
UAE,Germany,Computer Science,1.760426334698332,Yes,Quality of Life,1.5143411086646972,-1.536625676174754,Schengen Student Visa,PSW,PTE,-0.15310524175965498,1
Finland,UAE,Law,-1.7731753217840966,Yes,Scholarship,-2.3429760506401895,0.9684976890366856,Tier 4,Blue Card,None,-2.5618777102627504,0
UK,South Africa,Arts,-1.8746995916041942,No,Job Opportunities,-0.7602661134713646,0.8697268391616306,F1,Post-Study Visa,None,-2.4613281105433114,1
UK,UK,Medicine,-1.8761505227163822,Yes,Quality of Life,-2.3720896533897715,2.247917830078812,J1,Post-Study Visa,TOEFL,0.3141009520504898,1
South Africa,India,Business,0.8714589032613265,No,Political Stability,1.5702355313025071,-1.4105615584837718,Tier 4,Post-Study Visa,TOEFL,0.9358708312988746,0
USA,Russia,Natural Sciences,-1.773355764612048,Yes,Quality of Life,-1.584442284236407,0.7719744335630842,Study Permit,Blue Card,Duolingo,1.0326276782376418,1
South Africa,Russia,Business,1.8611452006099427,Yes,Higher Ranking,2.2699086956342485,-0.8882242581151019,Schengen Student Visa,Work Permit,IELTS,0.8103860355016802,0
India,UAE,Law,1.8094287940725264,Yes,Scholarship,2.359592563766934,0.5638188265440728,Schengen Student Visa,Work Permit,Duolingo,-2.4899077577556996,1
South Africa,Canada,Arts,-0.015454548915042936,No,Political Stability,-0.8079651439893163,0.5227961845548431,Student Visa,Blue Card,IELTS,1.2106761911092734,0
Canada,UK,Law,-0.8939871085918488,Yes,Higher Ranking,-1.4444195946936778,-0.6196803927512825,Student Visa,Post-Study Visa,PTE,-0.12376703521001589,1
UK,South Africa,Medicine,-1.908430755365396,No,Job Opportunities,-2.39988427726826,-0.9222748144167835,Study Permit,Post-Study Visa,TOEFL,0.003960956763636761,0
UAE,South Africa,Law,-1.0051344965199414,Yes,Higher Ranking,0.026889371602499424,-2.2622850585180188,J1,Work Permit,IELTS,-0.30460689270289465,1
Germany,Ireland,Arts,0.9169334346365088,Yes,Political Stability,0.09664971302152396,1.6502352522025323,Study Permit,Post-Study Visa,PTE,-0.263390365972308,0
Germany,UK,Social Sciences,1.774279646206365,Yes,Scholarship,1.589036814414539,2.137627750575956,Study Permit,Work Permit,IELTS,-2.4178884447609943,1
South Africa,India,Social Sciences,-0.029230688091326125,No,Quality of Life,-0.7394170851414087,0.5383318891069764,Schengen Student Visa,Post-Study Visa,Duolingo,0.5188214160910227,0
USA,South Africa,Business,-1.828591248898275,No,Higher Ranking,-2.331506599720603,0.45830588006275436,Tier 4,PSW,TOEFL,-0.13232096541229646,1
India,UK,Engineering,1.8087970254190286,No,Quality of Life,1.5084694206312796,1.1594372334228307,Study Permit,Work Permit,PTE,1.1587408214415922,1
UAE,UK,Engineering,0.9664440091258987,Yes,Job Opportunities,0.829240184150265,-2.3076424393343973,J1,PSW,IELTS,0.7352152224460102,1
India,Ireland,Medicine,-0.9766135679511382,No,Scholarship,-1.4914204229194175,-0.4807340132283732,Student Visa,Post-Study Visa,PTE,0.03767577619147279,1
India,Ireland,Arts,-0.014044566022598052,Yes,Political Stability,0.7196715754180905,0.4430981804538648,J1,Blue Card,TOEFL,0.04952187124435308,0
USA,Russia,Arts,-0.034201484060263285,No,Job Opportunities,-0.022068408758398377,2.0403992340264425,J1,Post-Study Visa,None,0.8204505133512295,0
Ireland,Russia,Arts,0.8785820595450577,Yes,Quality of Life,-0.059378930583980916,0.6648654627483879,Tier 4,Blue Card,None,-2.5219444340935255,0
USA,Ireland,Computer Science,-0.06327241242829765,Yes,Scholarship,0.029842363863238432,-0.14529759820481974,Study Permit,OPT,IELTS,1.48873383229882,0
India,Canada,Arts,-0.10117682407683945,No,Higher Ranking,-0.03228923915415752,0.360695471167389,Student Visa,Blue Card,Duolingo,1.3798954328441262,1
India,Finland,Social Sciences,1.7960063677581313,No,Political Stability,2.3158531754519065,-1.6640744393890037,Study Permit,Post-Study Visa,None,-2.537812096205359,0
Canada,Finland,Natural Sciences,-0.07442193108108194,No,Political Stability,-0.007995240330810586,0.1676914122165908,F1,OPT,Duolingo,0.9286775975726226,1
Russia,USA,Natural Sciences,-1.8139979592501692,Yes,Scholarship,-2.4074280291553345,1.4237251971966427,Student Visa,Work Permit,Duolingo,1.0427959365218216,1
Russia,South Africa,Natural Sciences,-0.04369516698981545,No,Political Stability,-0.027643925381654326,1.1713296591210343,Schengen Student Visa,Blue Card,PTE,0.4691124184631713,0
Finland,UK,Natural Sciences,-0.9559889584327391,Yes,Political Stability,-1.585811692644319,1.3522935587390414,Student Visa,Post-Study Visa,Duolingo,1.223755859415065,1
Germany,USA,Arts,0.9897414098006674,Yes,Scholarship,1.5791555528171886,-0.6599662841717822,Study Permit,PSW,None,-2.481258117464066,0
Russia,Russia,Arts,1.8360412903298446,No,Scholarship,0.8160636454605892,-1.988621929285427,Study Permit,Work Permit,IELTS,0.2524281620368713,1
USA,Germany,Engineering,0.8844035791483619,No,Job Opportunities,1.6199272556875557,0.9711935814655724,Tier 4,PSW,None,-2.4749859220970905,0
Finland,UK,Law,-0.8710057884396539,Yes,Political Stability,-0.8920837297081072,-1.1626105934168163,Schengen Student Visa,PSW,TOEFL,-0.29238450422626083,1
Ireland,Germany,Law,1.7509209872759868,No,Job Opportunities,1.617938701590543,2.087189946746578,J1,PSW,PTE,0.11635082070451763,0
India,Russia,Arts,-0.9060678808392636,No,Scholarship,-1.4633998752227695,-0.25566232944632644,J1,Post-Study Visa,PTE,1.1262687237857876,1
Russia,Germany,Arts,-0.07852584446223093,No,Quality of Life,-0.09179371831962833,-1.6277431008317949,Study Permit,Work Permit,TOEFL,0.8341425367098404,1
Canada,Russia,Engineering,-0.8165803861963543,Yes,Higher Ranking,-0.09112261527259023,-1.0570102494987736,J1,Work Permit,None,-0.010965637806900064,0
India,Canada,Arts,-0.02099719434386577,Yes,Political Stability,-0.7625873542647928,0.4781484380156111,Schengen Student Visa,PSW,PTE,-0.23227520459535128,0
Germany,Finland,Computer Science,-0.930902750851286,Yes,Political Stability,-0.03976002520733965,-0.14522521795522517,J1,OPT,TOEFL,1.1218447497844597,0
USA,Ireland,Engineering,1.9187541494185838,No,Higher Ranking,2.3589045427095727,-0.4561710688023079,Schengen Student Visa,Post-Study Visa,TOEFL,0.7556304316705166,1
Finland,South Africa,Social Sciences,0.8365222397621239,Yes,Political Stability,0.7994794087166944,1.0048044132583778,Study Permit,Work Permit,None,-2.5584640820464015,1
Finland,UK,Business,1.864874745724291,Yes,Quality of Life,2.3303134779464303,-0.36947238715793745,Tier 4,Work Permit,IELTS,0.8169191566492552,0
Ireland,South Africa,Arts,-1.8077730335758893,No,Higher Ranking,-0.7963044593817249,-0.8740374946721375,J1,Post-Study Visa,Duolingo,1.3056426776868209,1
India,UAE,Social Sciences,-1.769797520101824,Yes,Political Stability,-0.8846201052300637,-0.11164065368488414,Student Visa,Blue Card,IELTS,1.302010444426122,1
USA,Canada,Law,-1.9133365665246718,No,Job Opportunities,-2.3373250224395505,-1.8953765890552927,F1,Blue Card,PTE,1.132291572539701,0
India,USA,Arts,-0.9677429502336606,No,Political Stability,-1.55650776071211,0.4821358139898074,Student Visa,Work Permit,TOEFL,1.2099738010755205,0
Russia,UAE,Arts,1.7638120046141263,Yes,Scholarship,2.2605249308730784,-0.9161160960357404,Study Permit,PSW,Duolingo,1.3790761946552053,0
Russia,Finland,Social Sciences,0.8388068598774069,No,Scholarship,1.4551911209679538,-0.7034955251016067,Tier 4,Post-Study Visa,Duolingo,0.3244965623619248,1
USA,Canada,Engineering,1.8179728604928773,Yes,Scholarship,0.7647075031529293,-1.0000159252289886,Student Visa,Post-Study Visa,PTE,0.8229378764222485,0
Finland,Ireland,Law,-0.015905910665986633,Yes,Political Stability,-0.8664665820635288,0.684616055852227,Student Visa,Post-Study Visa,Duolingo,0.4046991912440766,1
India,UK,Law,-0.9336064622664847,No,Job Opportunities,-0.804575433946349,-0.8273372115399373,Student Visa,PSW,PTE,-2.5179557093843923,1
USA,Ireland,Arts,0.8842838144462675,Yes,Higher Ranking,-0.011059694460994097,-1.338296669076686,Student Visa,Post-Study Visa,None,-2.457987079709672,0
Germany,Russia,Engineering,0.020603939088697808,No,Quality of Life,-0.781704862004626,-1.3125874805015083,Study Permit,Work Permit,IELTS,-0.08560811063629242,1
Canada,UAE,Business,-0.8619010106665892,Yes,Scholarship,-0.7975952314383788,0.27405732080944567,Student Visa,OPT,IELTS,-2.327391864836739,0
Finland,South Africa,Law,-1.787345676848517,No,Scholarship,-2.4564319785640096,0.4709206373895422,F1,PSW,TOEFL,0.21751493331796284,0
Russia,India,Computer Science,1.796928375738094,No,Scholarship,0.8782877526726786,1.124093336728483,Student Visa,Post-Study Visa,TOEFL,0.49254171881598535,1
South Africa,Finland,Computer Science,0.05119852415126203,Yes,Quality of Life,-0.7853970831015086,1.621640980515946,F1,Work Permit,Duolingo,1.1899385600193444,1
Russia,Germany,Natural Sciences,0.9538850298488858,No,Higher Ranking,0.8394381058434252,-1.3451866070938738,Tier 4,PSW,PTE,-0.23301647965009176,0
UK,Finland,Law,-0.9237591876438801,No,Political Stability,-1.5715141892897366,0.8504332887408517,J1,OPT,None,-2.496605787757275,0
Russia,Ireland,Social Sciences,-0.9437446653791847,Yes,Scholarship,-0.05229143469526919,-0.02933085645608836,Tier 4,PSW,TOEFL,0.7433655016495865,0
South Africa,UAE,Natural Sciences,-1.8214738382674316,No,Quality of Life,-2.349126835035705,-1.50812796132637,F1,Work Permit,IELTS,1.4210231649784286,1
Russia,UK,Social Sciences,1.843936506328837,No,Political Stability,0.7769997004752706,-2.0600208431792675,Schengen Student Visa,Blue Card,IELTS,0.7512498789836419,1
India,UAE,Medicine,1.904574487321638,No,Scholarship,2.3382293891881045,-1.3770816635301297,Student Visa,PSW,PTE,-0.09218284785000178,1
Russia,Germany,Business,-0.8699041119908153,Yes,Scholarship,-0.004635108968107491,-0.019878130090732214,Tier 4,Blue Card,TOEFL,0.6138537108239518,0
Russia,South Africa,Computer Science,-0.9246826228812741,Yes,Political Stability,0.04316788702126792,1.9807993452531922,Schengen Student Visa,PSW,Duolingo,-0.2892435496326828,1
Russia,USA,Natural Sciences,0.8771794961457432,No,Higher Ranking,1.5245614280780146,-1.98552535186334,Schengen Student Visa,Post-Study Visa,TOEFL,0.9661863894701397,1
Germany,UAE,Computer Science,1.7717962045472448,No,Political Stability,2.4111175004004997,-2.138586762500072,J1,Blue Card,IELTS,0.3943314541322717,1
Ireland,USA,Medicine,-1.8928647620592627,No,Job Opportunities,-0.7270622053142544,-1.8148725860994213,Study Permit,Work Permit,None,-2.4823197088443965,0
UK,UK,Social Sciences,-0.11240484972048433,No,Scholarship,-0.7473728435987798,0.8450845127696521,Student Visa,Work Permit,IELTS,0.6976690372023926,1
India,Ireland,Law,0.8817361763715106,Yes,Job Opportunities,0.08456474353409205,1.220519075481046,J1,PSW,IELTS,1.0455672147158723,1
India,UK,Natural Sciences,-1.8181017168128073,Yes,Job Opportunities,-0.7641229855350041,1.7814324886104704,Tier 4,Work Permit,None,-2.539528087040503,1
Ireland,USA,Engineering,-1.8693914752105636,No,Quality of Life,-1.565867889515446,2.2258022247008187,Schengen Student Visa,OPT,IELTS,0.5961502403539891,0
UK,Germany,Computer Science,1.7905951935133149,Yes,Job Opportunities,1.521313931823589,1.2760805972602922,Schengen Student Visa,PSW,TOEFL,0.8015720468823966,1
Finland,South Africa,Engineering,-0.9713524296861356,No,Higher Ranking,-1.614407921535076,1.3468724892753365,J1,Post-Study Visa,PTE,-0.06427519566464485,0
South Africa,India,Arts,-0.9123524066014009,Yes,Job Opportunities,-0.7377963468610804,1.6015292698758494,Tier 4,Work Permit,PTE,-0.2146399586496221,1
Germany,USA,Engineering,-0.9277050760984965,No,Job Opportunities,-1.6284576724582247,-0.10902457633975435,Study Permit,PSW,None,-0.02615833228586084,0
UK,Russia,Business,-0.9247837634712455,Yes,Quality of Life,-0.8437863705949549,1.4837658520515382,J1,Work Permit,TOEFL,0.3947310183697502,1
USA,Canada,Arts,-1.7946327090006708,Yes,Political Stability,-2.461372717746706,-1.8159792494550109,Student Visa,Blue Card,PTE,0.9226670047663913,1
UAE,Finland,Arts,0.9026033010529553,No,Political Stability,1.616631410398654,1.1529799547213462,F1,PSW,None,-2.437831318484635,1
Germany,Germany,Medicine,0.8879768582019576,No,Scholarship,0.7198282707199047,-0.8931978006872696,F1,Post-Study Visa,None,-2.4366134614002295,0
India,Finland,Medicine,-1.892524603982688,Yes,Scholarship,-2.3071709164783902,-0.13397669136218082,Tier 4,PSW,Duolingo,0.9780727431899016,1
South Africa,Ireland,Social Sciences,-1.8959521555352727,Yes,Political Stability,-1.6064514416863824,-1.891163233993777,F1,PSW,None,-2.46859004748177,1
Russia,Germany,Medicine,-1.6689536326377346,No,Quality of Life,-0.7347527344333973,1.340016239565734,Study Permit,Blue Card,Duolingo,-0.19864730594682423,0
UAE,South Africa,Law,1.867678656421319,Yes,Political Stability,0.7389342683278751,-1.3022816376844146,Student Visa,Post-Study Visa,IELTS,-0.06819105118015188,0
Germany,UK,Business,1.8008706385091982,Yes,Scholarship,0.786844915907935,1.4902734700973836,Student Visa,PSW,None,-2.513249532560272,1
Germany,UK,Social Sciences,-0.8684960436266356,No,Higher Ranking,-1.5402203775742183,-1.6853825719835553,Study Permit,OPT,None,0.6891788221970682,1
South Africa,USA,Natural Sciences,0.7871113912548742,Yes,Higher Ranking,0.0021323609485575656,0.8217404437613761,Tier 4,OPT,None,-0.20383802897019637,1
USA,Russia,Social Sciences,1.8014667935519972,No,Higher Ranking,1.4351588713824985,2.046050930966942,F1,Blue Card,PTE,-2.5166304761044653,0
Finland,Canada,Business,1.8269558077566124,Yes,Scholarship,1.6250249167271098,1.874535022973447,Tier 4,Post-Study Visa,Duolingo,-2.477932169932843,0
USA,UK,Arts,-0.9044871159745687,Yes,Scholarship,0.04084443094744512,1.3818629334199544,Student Visa,OPT,Duolingo,0.06664777713012902,1
India,Ireland,Natural Sciences,-0.06495137628137518,No,Scholarship,-0.698731670439089,-1.964692037615795,Tier 4,Post-Study Visa,IELTS,-0.04767228505352018,0
South Africa,UAE,Natural Sciences,0.850658424268405,Yes,Scholarship,1.5876679054076346,-0.24245283689595792,Tier 4,Post-Study Visa,IELTS,-0.12802155528221207,0
Russia,Germany,Computer Science,1.9031773678188106,No,Scholarship,2.3220143233304755,-0.14176228008152475,Tier 4,OPT,Duolingo,0.7297118530927121,0
South Africa,Russia,Business,0.8608527086726726,Yes,Political Stability,1.611693275717281,1.9281820841019603,F1,OPT,IELTS,0.9836500803311855,1
South Africa,UK,Medicine,1.8887262924738975,Yes,Quality of Life,2.32518136442474,-1.5841876146465408,F1,Post-Study Visa,Duolingo,0.6138093975168698,1
South Africa,Canada,Social Sciences,-1.8417878219647794,Yes,Higher Ranking,-0.9342703598385487,-0.5007421731290952,J1,Post-Study Visa,PTE,-2.47572494691217,1
Germany,India,Arts,1.765226723497213,No,Quality of Life,1.5585903192305028,-1.812299212882374,Schengen Student Visa,Work Permit,None,-2.448920706633065,1
South Africa,India,Law,0.9407444105336944,Yes,Higher Ranking,0.042283580279900784,-1.5557076336031261,Tier 4,Work Permit,None,-2.5463571811289487,0
Canada,Germany,Engineering,-0.9838692741766594,Yes,Higher Ranking,-0.7665227169091072,0.04112016138161221,Schengen Student Visa,OPT,None,1.4799209390943942,1
USA,Russia,Natural Sciences,1.8214192923826522,No,Political Stability,2.3380453435358897,2.024338990040744,Tier 4,Post-Study Visa,None,1.13183993628181,1
Russia,Russia,Law,0.03919286034585359,No,Job Opportunities,0.7838114147182433,-1.7824608743689232,Student Visa,Work Permit,PTE,0.6244888247901953,0
UAE,USA,Natural Sciences,-1.8358655199292089,No,Job Opportunities,-0.8541602510801084,1.6625467173614823,Schengen Student Visa,PSW,TOEFL,1.0311889231362372,0
India,Ireland,Natural Sciences,0.9020128601581799,No,Job Opportunities,0.019529409761266357,-1.6495183301803364,Student Visa,PSW,TOEFL,0.7534614823361524,0
India,UK,Social Sciences,0.8328483320071138,Yes,Political Stability,-0.02784971993080762,-1.0620858139418148,J1,PSW,PTE,1.2400454658423445,1
UK,Finland,Computer Science,-0.9046156527407812,Yes,Job Opportunities,-0.01752018100621802,-0.6779222917533277,Student Visa,PSW,TOEFL,1.0313078176162593,0
UAE,USA,Arts,0.012629144451041506,No,Scholarship,-0.8245096160876465,1.4175726403583417,J1,Blue Card,PTE,0.007944068153509974,0
UAE,Ireland,Computer Science,-1.9048040710662764,No,Quality of Life,-0.8568546718523702,-1.028671153396591,J1,Blue Card,None,-2.3938099010449556,1
UK,USA,Social Sciences,1.8415435625244283,Yes,Quality of Life,2.352874118810803,2.0425598896311365,Study Permit,Post-Study Visa,PTE,0.45841308448694307,0
Canada,USA,Arts,0.016585793052658913,No,Higher Ranking,-0.011917375602592872,1.4252189779967972,Student Visa,Blue Card,None,-2.480129314484379,0
USA,Germany,Medicine,0.004943663689860061,No,Higher Ranking,0.7538168492855718,-0.71516824960859,Schengen Student Visa,OPT,PTE,0.14573692584885461,1
UK,South Africa,Engineering,-1.9238890432902298,Yes,Higher Ranking,-2.317030131769129,-1.0305470052268786,Tier 4,OPT,None,-2.4369259405588295,1
Russia,Ireland,Arts,0.9555045048902405,No,Scholarship,0.025356776669379664,-1.7190847009366979,Study Permit,PSW,IELTS,0.5807389060117722,0
Ireland,UK,Law,-0.019167467278837988,No,Quality of Life,-0.7681676130321903,-2.0232127078557762,F1,Blue Card,Duolingo,-0.1905045507690048,0
Ireland,Canada,Social Sciences,-1.8170227654982125,No,Scholarship,-0.825467455497038,-0.2512483578714843,J1,Work Permit,IELTS,-0.21415148694621325,1
South Africa,Finland,Engineering,-0.053072305136864985,Yes,Higher Ranking,-0.7002335512753536,-0.4701940741509787,J1,Work Permit,None,-2.50116923326579,1
India,Russia,Engineering,0.9822058261209853,No,Political Stability,1.5043917529440514,-0.7523390769975067,Student Visa,Post-Study Visa,IELTS,0.20713727784087468,0
Russia,UAE,Medicine,0.883063652172099,Yes,Job Opportunities,1.5838615270711243,1.7141509150176923,Study Permit,Post-Study Visa,PTE,1.0466523106336445,1
Germany,Canada,Medicine,-1.8646590962734524,No,Scholarship,-2.3526158845916356,0.2583573472675741,J1,Blue Card,TOEFL,-2.4920832676996167,1
UAE,Ireland,Medicine,-0.9065541823041657,No,Quality of Life,-0.8270418119516247,-1.0532873680056676,Study Permit,OPT,PTE,0.6714804516918413,1
USA,Germany,Law,0.941599703012545,Yes,Political Stability,1.550712673104708,-0.9227687001752609,J1,Post-Study Visa,IELTS,0.08378129473520496,1
Russia,Finland,Medicine,0.8119092224286207,Yes,Job Opportunities,0.7727170286107783,2.189596258965122,Study Permit,Blue Card,PTE,1.1220648553033066,0
Ireland,UK,Engineering,-1.8251426896651477,No,Political Stability,-1.6667353182019669,-1.8279991924306507,Tier 4,OPT,Duolingo,0.7432717813234041,0
Ireland,Germany,Computer Science,1.7929951453958692,Yes,Political Stability,0.7340567562263577,-1.1370381611307376,Student Visa,Post-Study Visa,IELTS,0.33103494058687916,0
Germany,India,Medicine,0.8331882003793549,No,Quality of Life,0.6995084596678568,-1.1496412998271306,F1,Blue Card,IELTS,0.024944746512167396,0
South Africa,Finland,Arts,0.95778656906811,No,Higher Ranking,0.723056748759309,1.072867245083551,Tier 4,Post-Study Visa,PTE,0.7832993922390142,1
Canada,UK,Medicine,-0.9334675311518834,Yes,Higher Ranking,-1.5426310592284278,2.3095431838081923,J1,Post-Study Visa,IELTS,1.260108999703604,0
South Africa,Ireland,Law,-1.901243365061293,Yes,Political Stability,-1.651705493970954,-2.0637978195683657,Tier 4,PSW,Duolingo,0.21067300553287038,1
Ireland,South Africa,Arts,0.9694733747252766,No,Job Opportunities,-0.07393137540643732,0.9168365701450046,Study Permit,Blue Card,Duolingo,0.1404707386028521,1
Finland,Ireland,Law,-0.8802031279178176,No,Scholarship,-1.5225811988064482,-2.139733473601534,Schengen Student Visa,Work Permit,IELTS,0.8089303549837268,0
Russia,Finland,Medicine,-1.8695157594117504,Yes,Job Opportunities,-2.3562592179645687,-1.150261378030766,J1,Work Permit,IELTS,1.0188562168839181,1
Finland,Germany,Arts,-0.03545421297069259,No,Higher Ranking,-0.8302857162504932,0.7712600956530715,F1,Post-Study Visa,Duolingo,0.7374017155580264,1
Ireland,South Africa,Medicine,-0.9875639722281706,No,Higher Ranking,-0.7312072933947817,-1.7840671036687858,Student Visa,Post-Study Visa,None,-2.485272169581917,1
Finland,Ireland,Engineering,-0.033379771087638295,No,Quality of Life,-0.817500812576905,2.137277118817891,Tier 4,Work Permit,Duolingo,1.213766527052184,0
Russia,South Africa,Social Sciences,0.8189358793875939,No,Political Stability,1.5100428490840054,0.19558502727331484,J1,Work Permit,TOEFL,-0.23031759623968823,1
India,UAE,Computer Science,-0.9287158980398307,Yes,Higher Ranking,-1.5575744497039163,-0.704175903751041,Student Visa,Post-Study Visa,Duolingo,1.1264587934916972,0
South Africa,Germany,Business,0.7992561133384444,No,Scholarship,1.5751788758597287,-1.7187240875672842,F1,Blue Card,IELTS,-2.6036236451169965,0
USA,South Africa,Arts,1.8314717869425345,No,Higher Ranking,0.7378822049894319,-2.1346979874882677,J1,Post-Study Visa,PTE,-0.030775335970393277,0
UK,South Africa,Engineering,-0.023364151202448752,No,Political Stability,-0.020492077486412456,2.1076767300163555,F1,PSW,PTE,0.00199186046108539,1
USA,India,Social Sciences,-1.7942479203726531,Yes,Quality of Life,-0.8035770624557931,1.7600446909730667,Tier 4,Post-Study Visa,PTE,1.0156575202544895,1
Canada,India,Computer Science,1.7688360860614525,Yes,Scholarship,2.351746364681848,-0.5783418266232239,F1,PSW,None,-2.480358032923433,1
South Africa,UAE,Law,1.7796074105749318,No,Higher Ranking,1.4768282727781283,-1.5811335609875659,Schengen Student Visa,PSW,TOEFL,-0.06997571295447035,1
Canada,South Africa,Arts,-1.9474990661832225,No,Scholarship,-0.7790493736220058,-1.921651297949528,Study Permit,Post-Study Visa,TOEFL,0.8979636817427411,1
Finland,Canada,Medicine,0.004048621074028322,Yes,Scholarship,-0.08267048011398147,0.10483121697434529,Study Permit,Work Permit,PTE,1.3409253414359288,0
Russia,South Africa,Social Sciences,1.763882825363823,No,Higher Ranking,0.6836326240858188,-0.8524536462538578,Student Visa,OPT,Duolingo,0.36866712919231265,1
USA,Canada,Law,-0.8715769386403808,No,Political Stability,0.02593989388813855,0.7172806407039517,Schengen Student Visa,PSW,TOEFL,1.3206352189446489,0
USA,India,Law,1.8163264304676876,Yes,Higher Ranking,0.8575349543742649,-0.478666952315946,Tier 4,PSW,IELTS,0.9667257099816978,1
UAE,Canada,Medicine,1.8117312155753529,Yes,Higher Ranking,1.4751644980685317,0.8803824864686592,J1,Work Permit,IELTS,-2.416398689601179,1
South Africa,UK,Business,-1.8968941555589292,Yes,Job Opportunities,-0.8671501774191924,-1.5315060170706385,Study Permit,Post-Study Visa,PTE,0.15241402949742625,1
Germany,Finland,Natural Sciences,0.020888491252374068,Yes,Political Stability,-0.032952689933367155,-2.0341555184292255,Study Permit,OPT,TOEFL,-2.512314080224457,0
USA,Canada,Natural Sciences,-1.830156981114465,No,Higher Ranking,-2.33702970525173,0.6600373347961541,F1,PSW,PTE,1.1812192875222798,0
UK,Finland,Computer Science,-1.7998554985521567,Yes,Job Opportunities,-1.49589564048873,1.4510054124917746,Study Permit,OPT,IELTS,0.5960574315694943,0
Germany,UAE,Medicine,-0.015755333738417473,Yes,Quality of Life,0.7272882304326516,-2.133601285990226,Study Permit,PSW,Duolingo,1.3339120380101963,1
Ireland,Russia,Social Sciences,-1.0721514690037253,No,Political Stability,-0.002655849142302699,-0.003510215542328242,F1,Blue Card,TOEFL,-0.11673169235781312,1
Russia,Finland,Engineering,-1.8346245135599522,No,Job Opportunities,-2.3447878220139513,1.3660752964371925,F1,PSW,PTE,1.2729273878342533,0
South Africa,India,Business,-0.06345187413529389,No,Political Stability,-0.011878581177498411,0.9026779344047137,Study Permit,OPT,IELTS,0.1765115362588415,0
Canada,Russia,Business,1.9093893072016845,No,Quality of Life,2.3348327454888342,-0.9789842983906797,Study Permit,Work Permit,PTE,0.09951369479029099,0
Russia,Germany,Engineering,0.060205288835677724,No,Scholarship,0.035150643660658024,0.15788732923054144,F1,Blue Card,PTE,0.8925215020437297,1
UK,South Africa,Social Sciences,0.9267521380096425,Yes,Higher Ranking,-0.08264102696999112,2.1086539747381945,Schengen Student Visa,Blue Card,None,1.1859706127639755,0
South Africa,Ireland,Social Sciences,0.022548806948036577,No,Higher Ranking,-0.07786114987370867,-1.5893817073544998,J1,OPT,PTE,1.3786232884475025,0
Russia,Finland,Computer Science,0.9430672345232282,Yes,Quality of Life,1.57218793362243,0.07774689179962573,Study Permit,Blue Card,IELTS,0.571384775140391,0
Finland,India,Natural Sciences,0.0712778754755889,Yes,Quality of Life,-0.7537954913986784,-0.8056376832959893,J1,Blue Card,IELTS,0.08521045869886935,1
Germany,Russia,Arts,-1.8523750197983753,Yes,Scholarship,-2.382114331439456,1.5899282441236358,Tier 4,PSW,PTE,-0.13537106620429304,0
Finland,UAE,Natural Sciences,1.801404323930742,Yes,Job Opportunities,0.7524185088780072,1.402454480927132,Study Permit,Work Permit,Duolingo,0.11362582076953345,0
Russia,Ireland,Computer Science,-0.8750985736368029,Yes,Political Stability,-1.60182763797986,-0.4086618517342722,Student Visa,Blue Card,IELTS,-0.24013505952494132,0
Finland,Germany,Computer Science,0.9216824279126317,Yes,Job Opportunities,0.8361813796345026,0.05728500799894099,Schengen Student Visa,Work Permit,None,-2.5157365354518686,1
USA,Finland,Medicine,-1.7781865583162098,Yes,Higher Ranking,-0.7584024061436339,-1.066866521833371,Schengen Student Visa,PSW,None,-0.3453558573885758,0
Russia,South Africa,Law,1.8139198976761721,Yes,Higher Ranking,0.7474881138369649,-2.051881865713831,Study Permit,Post-Study Visa,IELTS,1.0306118135886628,1
South Africa,Finland,Business,0.9148381572171199,No,Political Stability,1.510066688275035,2.144721337344901,Student Visa,PSW,Duolingo,1.0949085927327002,1
South Africa,India,Arts,0.8735095996994399,Yes,Job Opportunities,1.5426932784096905,1.2021786159604912,Tier 4,Blue Card,TOEFL,-0.0566988012492803,1
Ireland,Russia,Computer Science,-1.810078670636794,Yes,Higher Ranking,-1.5253961883174292,0.32217564562294565,J1,PSW,None,1.1943966305985223,1
UAE,Germany,Social Sciences,-0.026355749803176877,Yes,Job Opportunities,0.8166423089883792,0.5110849920896573,Tier 4,Blue Card,PTE,-2.459864061213723,0
Germany,Ireland,Computer Science,-1.8884074632251662,No,Job Opportunities,-1.6227500732961608,1.876558974220686,Student Visa,Work Permit,None,1.1350644479395762,1
India,South Africa,Social Sciences,-0.0008717346820453047,No,Quality of Life,-0.01678243368972193,-2.184701645721867,F1,Post-Study Visa,TOEFL,0.49268506406273205,1
UAE,UAE,Law,-1.7783367476258263,No,Quality of Life,-0.7880989604028701,1.0977898825012915,Schengen Student Visa,OPT,IELTS,-0.08625203989888296,0
UK,Germany,Law,0.887411694084111,Yes,Quality of Life,1.5786490551594794,-2.1767272748283886,Schengen Student Visa,Post-Study Visa,PTE,-2.5523504014317693,0
India,Ireland,Natural Sciences,-0.9380718362273384,No,Quality of Life,-0.8753236622429807,-1.3979360058150434,Schengen Student Visa,OPT,TOEFL,1.042825239427947,1
UAE,UAE,Social Sciences,-1.8438777233218249,Yes,Quality of Life,-2.362233107990607,0.1331795996275539,J1,Blue Card,None,-2.431962984375276,1
Germany,Canada,Computer Science,-0.048451519845784524,Yes,Job Opportunities,-0.0046679486603494035,-0.9742573553060875,Tier 4,PSW,Duolingo,1.1235044314531386,0
Finland,UAE,Engineering,1.8099990593715682,No,Higher Ranking,1.572577654433254,-0.20982943479212987,Tier 4,Blue Card,TOEFL,0.25825630702259583,0
USA,Canada,Engineering,1.728069042755853,Yes,Higher Ranking,0.7147823779068216,0.6587222009166953,F1,PSW,PTE,1.1651518480609726,0
USA,Russia,Business,-1.0260006452779764,Yes,Quality of Life,-0.8224926231063129,-1.7353696082356114,Tier 4,Work Permit,IELTS,0.34672784753510644,1
USA,Germany,Law,-0.9267613774105197,No,Quality of Life,-1.6397917886159987,1.102918282944528,Student Visa,Blue Card,IELTS,-0.143454477986931,1
UAE,Ireland,Natural Sciences,1.7958121522681771,Yes,Higher Ranking,0.771068533460296,0.6552808067882854,Tier 4,OPT,TOEFL,-0.1682786095190031,0
USA,Finland,Medicine,0.019146204367860672,Yes,Political Stability,-0.7706034703237225,-2.184975758493182,Study Permit,OPT,IELTS,0.6036538085523043,1
Ireland,Germany,Arts,0.04762778386907958,Yes,Scholarship,-0.07759989496491454,-1.4049026954533508,Student Visa,Blue Card,TOEFL,0.02991017417881564,1
Russia,Canada,Social Sciences,-1.8994831728708377,No,Quality of Life,-2.3981985751566453,2.0776847724749548,F1,PSW,Duolingo,1.5772180797645277,1
India,Russia,Computer Science,-0.09561454459839801,No,Political Stability,-0.7646947845849654,1.0774836302600725,F1,OPT,None,1.1700034641909745,0
UK,USA,Social Sciences,-1.8189634075788301,Yes,Scholarship,-0.826927618938911,0.9399185893149488,Schengen Student Visa,PSW,None,-2.4916067645028264,1
UAE,India,Engineering,1.7571781667054147,No,Job Opportunities,0.8439116105686912,0.8287041044265456,J1,Work Permit,IELTS,-0.13709345921001984,1
USA,UK,Computer Science,0.03417544581945465,Yes,Higher Ranking,0.7249384630454431,-2.0992524310388427,Schengen Student Visa,Work Permit,IELTS,0.6244897423369795,1
UK,Germany,Social Sciences,-1.8781950035871946,Yes,Quality of Life,-2.441671074057488,0.06631653720052089,Schengen Student Visa,Post-Study Visa,Duolingo,0.5270892993348997,0
UK,Russia,Computer Science,0.9016692222038154,Yes,Quality of Life,0.6509203909162051,-1.4151124968814845,F1,Blue Card,Duolingo,-0.11146713178258966,1
South Africa,Finland,Social Sciences,0.8527641683321172,Yes,Scholarship,1.5511653296329535,-0.7589423463909327,Schengen Student Visa,Work Permit,None,-2.51121569890301,1
Canada,Canada,Engineering,0.004797856401578185,No,Quality of Life,0.02748484250288483,0.7753242928157189,Student Visa,OPT,None,-2.511658469704361,0
UAE,UK,Medicine,0.016674197379527023,Yes,Quality of Life,0.019067093669345527,1.339616814616379,J1,PSW,TOEFL,-2.514482699868558,1
UAE,India,Medicine,0.9313456010473917,No,Higher Ranking,-0.027555839212104596,-1.894367903965933,F1,Blue Card,IELTS,0.7936614071089934,0
India,Canada,Law,0.9492369308136919,No,Higher Ranking,-0.1093128598374281,-1.1713004069862747,J1,Work Permit,TOEFL,0.9864407373214771,1
UK,Ireland,Arts,0.044499536083227355,Yes,Higher Ranking,-0.056539228523796475,1.902748275726169,F1,PSW,Duolingo,0.8031485729666976,0
Germany,USA,Medicine,-0.04955567797199457,Yes,Job Opportunities,-0.8346824006828021,1.5682726332395007,Tier 4,Post-Study Visa,IELTS,0.4912972890965702,0
Canada,Russia,Arts,1.8130988285973082,No,Scholarship,0.699819197057615,-1.182070617623309,F1,Post-Study Visa,PTE,1.4267399458791994,0
UK,Finland,Business,-0.9309592775409283,Yes,Higher Ranking,-0.9000473671757091,1.9581778367916247,Schengen Student Visa,Post-Study Visa,PTE,0.37531592640043077,1
UAE,Ireland,Medicine,1.8490272983759695,Yes,Quality of Life,2.3452465578612722,0.5446703218913892,Study Permit,OPT,TOEFL,1.5006533239187787,1
South Africa,USA,Social Sciences,0.9173957518913833,No,Higher Ranking,-0.049313701376060254,-1.244502779172579,Student Visa,Post-Study Visa,IELTS,0.48400988972098025,1
USA,Germany,Engineering,-1.866895226875446,Yes,Political Stability,-2.3777349547484525,-1.0186494803196837,F1,Post-Study Visa,None,-2.5123097047651575,1
Russia,Ireland,Computer Science,1.7778464123473374,No,Higher Ranking,2.3436887087793656,-0.3447416283493623,J1,Post-Study Visa,None,-2.507836628056339,0
Canada,Ireland,Business,0.9583576866670752,Yes,Political Stability,0.040269421612815784,-1.5882373812559067,Student Visa,Blue Card,Duolingo,1.454121010141608,1
Germany,India,Business,1.8248870252917513,Yes,Job Opportunities,1.4576473944516555,-0.22944865551106827,Study Permit,Post-Study Visa,IELTS,-0.2418035555668806,1
South Africa,USA,Computer Science,0.8506537860465803,No,Job Opportunities,0.8177233389887747,-1.4144526297091997,Student Visa,Blue Card,Duolingo,-2.489857396972774,1
South Africa,USA,Engineering,-0.9493591778594168,Yes,Job Opportunities,-0.08412943770463066,2.0835572045910404,Schengen Student Visa,OPT,None,0.8326816966820063,0
India,UAE,Natural Sciences,0.8464469059351092,No,Political Stability,-0.0530395648123724,-0.8274489671181543,F1,Post-Study Visa,PTE,-0.0380709208589046,0
Finland,USA,Engineering,-1.975891252181544,Yes,Higher Ranking,-2.3860182494454407,-1.352938690749879,J1,Work Permit,TOEFL,1.1079271524143683,0
Canada,USA,Computer Science,-0.9263405352329115,No,Quality of Life,-1.5124234934278744,2.0466451442069027,J1,Work Permit,TOEFL,0.4900676588537343,0
Germany,UAE,Medicine,0.8495962521910642,No,Political Stability,0.6853524462190538,-0.46883160920484657,Schengen Student Visa,Blue Card,PTE,1.4939119385296766,1
Ireland,Germany,Social Sciences,-0.946264714210832,Yes,Job Opportunities,-1.5535560794082066,0.47627880073533174,J1,Post-Study Visa,Duolingo,0.6622742878208204,1
Ireland,USA,Computer Science,0.8722007817533252,No,Scholarship,-0.0330460265141862,-1.3975077900432904,F1,Blue Card,PTE,1.167060455441673,0
Ireland,UK,Engineering,0.9304602791341618,Yes,Higher Ranking,0.033009985311556925,0.7608524558958434,Student Visa,Blue Card,None,-2.4841110280561596,1
Finland,UAE,Computer Science,0.030461696018353628,Yes,Job Opportunities,-0.7581465612631544,-1.7828292732281628,J1,Work Permit,PTE,0.141432192948482,1
Canada,India,Business,-0.06007044023409303,Yes,Scholarship,-0.03750569180831853,0.6591873878488077,Study Permit,Work Permit,PTE,0.724522855660012,0
Ireland,Germany,Social Sciences,0.9588516320742229,Yes,Political Stability,0.0028813186735356343,-1.7289050603703393,Schengen Student Visa,Post-Study Visa,IELTS,0.7914918391908551,1
UK,Germany,Computer Science,0.9786619692037397,Yes,Job Opportunities,0.6380993009317348,-1.279919965239818,F1,Work Permit,TOEFL,0.7062487211464626,1
Canada,UAE,Social Sciences,-0.053665588628566845,Yes,Scholarship,-0.8434514203979582,-1.1417454202047082,Student Visa,Work Permit,TOEFL,-2.527835286094002,0
India,UK,Computer Science,0.9153427464756095,Yes,Job Opportunities,1.6085640763210873,1.8954055779453025,F1,Work Permit,Duolingo,0.356983871510339,1
Russia,India,Computer Science,-0.929504138025657,No,Scholarship,-0.0628702762895012,-1.4711602591866766,Student Visa,Blue Card,None,-2.5378562732047683,1
India,USA,Arts,0.9102665754090347,Yes,Quality of Life,1.507815129900041,-1.554923164377047,J1,PSW,None,-2.4803234432020385,0
Germany,Russia,Natural Sciences,1.8462456103039555,No,Quality of Life,2.258622949918626,1.6321994452659294,Tier 4,Work Permit,Duolingo,-0.16406203460318863,0
UK,South Africa,Arts,-1.9134032921980768,No,Political Stability,-1.6264608213824339,-2.1246882401592226,J1,Blue Card,PTE,1.060014007145042,0
Russia,Ireland,Engineering,-1.7502736888012909,Yes,Job Opportunities,-0.8198111176602096,-1.4692044067348826,Schengen Student Visa,Blue Card,Duolingo,0.0569060613793691,1
Canada,India,Arts,0.0012742433193707516,No,Quality of Life,-0.7160117213637583,0.8129398356384693,J1,Post-Study Visa,Duolingo,0.814049345623423,1
Russia,USA,Computer Science,1.7552929494788965,No,Political Stability,2.3239616093108655,-0.03601540704450625,Study Permit,PSW,Duolingo,-0.2798991203529198,1
Ireland,USA,Computer Science,0.8846805879861805,Yes,Higher Ranking,1.575394888081656,-1.8652303484496862,J1,Post-Study Visa,IELTS,0.6741226163491529,1
South Africa,USA,Social Sciences,0.935099819710733,No,Political Stability,0.004462184102890062,-0.7951112804515402,Student Visa,Blue Card,Duolingo,0.09362231019415992,1
Finland,Germany,Computer Science,0.92142784484279,No,Scholarship,0.015887182305387385,1.0990408447291315,Tier 4,Blue Card,Duolingo,0.11888575030001086,0
Germany,Finland,Computer Science,-0.11701849005376583,Yes,Scholarship,0.794103453436794,-1.5129437040880847,J1,Post-Study Visa,Duolingo,0.027761528990873044,1
Finland,South Africa,Natural Sciences,-1.8169154964025926,Yes,Quality of Life,-0.7826225087451585,-0.6604085100771833,Tier 4,Post-Study Visa,Duolingo,0.5108257893272825,0
South Africa,Canada,Arts,-0.9397638047777161,No,Quality of Life,-1.5933992872220042,-1.9858209220419891,Schengen Student Visa,OPT,PTE,0.06091108752991853,1
Russia,USA,Law,-0.9533637765298687,No,Higher Ranking,-1.6455308685183683,2.0912543443452956,J1,Blue Card,PTE,1.2595365688852451,0
USA,Finland,Computer Science,1.772455098170268,No,Scholarship,2.3540985385603914,0.7180370370188608,Student Visa,Post-Study Visa,None,0.7800303800602073,0
USA,UAE,Law,0.8916201036105103,No,Political Stability,1.46581690327023,1.1024642149814727,Tier 4,OPT,Duolingo,0.04712648307473627,0
UAE,Ireland,Social Sciences,-0.9021691089698042,Yes,Higher Ranking,-0.726884751906973,0.4844047367479586,Schengen Student Visa,Work Permit,Duolingo,-0.15852562472611026,1
Canada,UK,Engineering,-0.8647983515703487,No,Job Opportunities,-0.009277940707273278,0.31388294118417254,J1,Blue Card,None,-2.4858926509175,0
Finland,USA,Law,1.8361319564416783,No,Higher Ranking,2.316507140948891,-1.1284357096855357,F1,Work Permit,Duolingo,-2.5657080368174165,0
India,UK,Social Sciences,0.05005248366527933,No,Scholarship,-0.040128168037621044,-1.5875864194458946,Study Permit,Work Permit,None,-2.5913569118812334,0
India,Canada,Medicine,-0.9231279299811304,Yes,Higher Ranking,-0.02884399936254957,1.5471332696724005,Schengen Student Visa,Work Permit,TOEFL,1.3501070961014268,1
Germany,Russia,Business,0.071193124112153,Yes,Scholarship,-0.8456357619651497,1.2913106918785766,Schengen Student Visa,Post-Study Visa,Duolingo,1.3618285790372617,0
Canada,South Africa,Business,0.9132920432160381,No,Political Stability,1.5660834884051262,-1.6804462665349578,J1,Blue Card,PTE,-0.027162756152475306,1
Russia,Finland,Arts,1.0033858285160873,No,Political Stability,1.5844202338205955,-1.3841402544806372,J1,OPT,PTE,1.0856947034884785,1
India,Russia,Business,-0.033898823548275364,No,Higher Ranking,-0.029173368968990657,0.8253445131042279,Tier 4,Work Permit,Duolingo,-0.09937042953125155,0
Russia,UAE,Business,1.7467111833606581,No,Political Stability,0.8618211796172828,-1.9897813947692877,F1,Blue Card,IELTS,-0.07809525396646683,1
USA,UAE,Computer Science,-0.014279731634896181,Yes,Political Stability,0.7819356490270383,0.759041834713006,Study Permit,Work Permit,PTE,-0.11302139503858569,0
USA,UAE,Engineering,1.7894191938155701,No,Scholarship,0.6953833147907473,1.8659541224572762,Schengen Student Visa,PSW,TOEFL,-0.1098786473342745,1
Germany,Ireland,Business,-1.9192694256996612,No,Job Opportunities,-2.309134104448166,0.43618728720050004,J1,Work Permit,PTE,0.12039300513249217,0
USA,Canada,Computer Science,-0.9551325180443091,No,Scholarship,-0.06370456449424682,-1.907246025571617,F1,Post-Study Visa,PTE,0.7511731140756094,1
Ireland,Canada,Natural Sciences,-0.9047000971295552,Yes,Scholarship,-1.5576137085906816,-1.1499685770835715,Student Visa,OPT,None,-2.4193490794618304,1
India,USA,Computer Science,0.9048972308454234,Yes,Higher Ranking,0.7851623074330069,0.6002353650662302,Tier 4,Blue Card,None,-2.3916858583503737,0
Russia,UAE,Engineering,-1.886323178400959,No,Quality of Life,-1.59906416584664,-0.23571562431294912,Student Visa,Post-Study Visa,TOEFL,-2.4436852494165975,0
Ireland,South Africa,Natural Sciences,1.7777167332647406,No,Job Opportunities,1.5559907223820735,1.0397211478272121,F1,PSW,PTE,1.212850740863913,1
Canada,Russia,Medicine,-1.0112839493836576,No,Higher Ranking,-0.8484791126142401,1.2870779200480709,Tier 4,PSW,PTE,0.43525045102268367,0
India,South Africa,Natural Sciences,0.8791866088672456,Yes,Quality of Life,0.7773630474758844,0.4310358254283548,Schengen Student Visa,Post-Study Visa,None,0.022217425871278285,1
Russia,Ireland,Engineering,1.8306875539662335,Yes,Political Stability,1.5547983957817497,0.8204344858413709,Study Permit,OPT,TOEFL,1.0417056929698607,0
Germany,India,Social Sciences,0.0802953181372353,Yes,Quality of Life,0.004014397878791452,-1.3825442966168913,F1,Post-Study Visa,None,-2.516895140876,0
Finland,USA,Arts,-0.983047308026057,Yes,Political Stability,-0.037016674321658345,-0.005227234386753349,Schengen Student Visa,PSW,IELTS,-2.4510460599740496,1
Canada,UK,Business,-1.8897964461641186,Yes,Political Stability,-2.3865906502018306,1.3982083572586308,Student Visa,OPT,PTE,0.9220962725393806,0
Canada,UK,Natural Sciences,-1.8222654233302369,Yes,Scholarship,-1.528601764471898,-1.0069827283863448,Study Permit,Blue Card,PTE,1.0512482111841732,1
Ireland,India,Business,-0.08684773653634639,No,Political Stability,-0.026625571284178216,2.0363719887770255,Study Permit,OPT,Duolingo,1.3333920395933683,1
USA,Finland,Law,0.7829679588736567,Yes,Job Opportunities,0.04181819931870054,1.6348412190407935,Schengen Student Visa,Blue Card,Duolingo,-0.15945328494254613,0
Russia,Ireland,Law,1.8172841031497051,Yes,Quality of Life,0.8609027057998191,-1.1937728057525274,F1,PSW,None,-2.487353823835436,0
India,Canada,Computer Science,1.841153036436397,Yes,Higher Ranking,1.5626488541240438,1.7370485533148523,F1,Blue Card,PTE,0.8071148639201629,0
UAE,Russia,Social Sciences,-1.8476847882117022,Yes,Job Opportunities,-0.7126096981375671,-1.5944669658102182,Study Permit,Post-Study Visa,PTE,-2.5276454720596804,1
Ireland,Canada,Social Sciences,-0.9555163502107133,Yes,Quality of Life,-0.8332556037630424,0.6129849129934467,Schengen Student Visa,OPT,PTE,0.22434820007200038,1
Germany,Ireland,Computer Science,-0.9281508969048251,Yes,Quality of Life,-0.0953691848832255,-0.035395976551199464,Study Permit,Work Permit,None,1.2486855481103931,1
South Africa,UAE,Law,0.8991437949249674,No,Job Opportunities,0.7622739404593589,-1.7196017079768975,F1,OPT,Duolingo,0.9323868380480632,0
Ireland,Germany,Arts,1.7633921342569252,Yes,Quality of Life,2.346733927771982,0.49824719755912644,F1,OPT,IELTS,0.3910479664750324,1
Canada,Germany,Engineering,-1.7200388435939278,No,Job Opportunities,-1.552276340590642,0.5089821966995214,Tier 4,Work Permit,Duolingo,-0.37320740184076084,0
Ireland,Ireland,Natural Sciences,0.8367600723666176,Yes,Quality of Life,0.7688790488997854,1.009611123977678,Schengen Student Visa,Work Permit,Duolingo,0.0496707283098382,0
UAE,Ireland,Computer Science,-1.7682881155987857,No,Quality of Life,-1.6004691425534834,-1.5990088352652478,J1,PSW,IELTS,1.3479847142078905,1
UK,UAE,Arts,0.9306201644664485,Yes,Quality of Life,0.766602026093782,-0.5886098693299284,Study Permit,PSW,Duolingo,-0.28175255114259673,0
Canada,Ireland,Computer Science,1.7722949058468098,Yes,Scholarship,1.4870620857106267,0.8244842786149386,Study Permit,Post-Study Visa,None,-2.4687655492389773,1
South Africa,Russia,Engineering,-0.9797413899295399,No,Higher Ranking,-0.013519939849261621,-0.4483360115269766,J1,OPT,TOEFL,1.4243298891283356,1
UK,USA,Engineering,1.8540683828209665,No,Higher Ranking,1.489854766845085,-1.658377035293931,Student Visa,Work Permit,IELTS,0.7357675642400955,1
Finland,Canada,Social Sciences,-0.03853013026636315,Yes,Higher Ranking,0.7543401532106664,-2.0352497378901844,Schengen Student Visa,OPT,IELTS,-0.07829384651159692,1
UK,UK,Computer Science,-1.0191976492933383,Yes,Job Opportunities,-0.7396786362298925,1.8928829007529453,Student Visa,Blue Card,None,-2.5765297312077755,1
Russia,Ireland,Arts,1.8491605348641613,No,Political Stability,2.3210191887676364,-0.1468123360364334,Study Permit,OPT,IELTS,0.10127752902008492,1
Germany,South Africa,Arts,-0.9614793674870362,Yes,Political Stability,-1.6137399696204013,-0.8153246572511058,Student Visa,OPT,Duolingo,-0.12417589644340006,1
Germany,UAE,Law,-1.7791744732313277,Yes,Quality of Life,-2.343777770367259,0.885139332873326,Tier 4,Blue Card,Duolingo,0.5629530339861345,1
Finland,Russia,Business,-0.04491118089426494,Yes,Higher Ranking,0.7409677967689621,1.9573587796534493,Tier 4,Work Permit,TOEFL,0.9722056145563712,1
Germany,India,Law,0.9638477071127948,No,Quality of Life,0.049489186980494024,-1.7330052967101102,Tier 4,Work Permit,IELTS,0.6910235102729914,0
South Africa,Finland,Arts,-0.9663770965031869,No,Higher Ranking,-0.721894405286332,1.359739406935943,Study Permit,OPT,IELTS,1.306162849252385,1
UAE,UK,Natural Sciences,-0.8040376033189172,No,Scholarship,-0.757477731770973,-0.3245177164652391,Tier 4,Blue Card,None,-2.509082149688576,0
Finland,Germany,Computer Science,1.800600704818275,No,Political Stability,1.5329310543746641,2.229229195173253,J1,Post-Study Visa,Duolingo,0.2311174575335938,1
UK,India,Business,-1.8686755058309459,No,Higher Ranking,-2.3975998725223295,-2.102252163258566,Schengen Student Visa,OPT,IELTS,0.8750916662377914,0
Ireland,Germany,Natural Sciences,-0.9383373134808656,Yes,Higher Ranking,-1.5276698916912508,2.0951562505556525,Tier 4,Post-Study Visa,None,-2.465558476746918,1
Russia,Canada,Engineering,-0.8801407203267628,No,Higher Ranking,-0.009513999542622716,0.7661302419770811,Schengen Student Visa,Post-Study Visa,PTE,1.3145427953643993,1
Ireland,India,Computer Science,0.8955290041155951,Yes,Quality of Life,1.543893168614232,-1.8850900228491807,Schengen Student Visa,PSW,IELTS,0.46723880309322813,1
South Africa,Finland,Computer Science,-1.8811353224557303,No,Quality of Life,-1.5796775648398917,-0.37845613560260605,Schengen Student Visa,PSW,Duolingo,-2.5720896416268455,1
Canada,Germany,Natural Sciences,0.04598738094298063,No,Job Opportunities,-0.8151402108322434,2.1360096960085553,Schengen Student Visa,Work Permit,Duolingo,-0.0821068214682669,1
Canada,UK,Computer Science,0.9378521250539913,Yes,Scholarship,-0.06429283574838321,2.14706082588789,F1,OPT,IELTS,-0.04639708189145786,1
Russia,Russia,Medicine,1.8767572699804083,No,Political Stability,0.7699770162830141,-1.9654466135079303,J1,Blue Card,PTE,0.4849644863540422,0
Germany,India,Medicine,1.9108680381268597,No,Quality of Life,2.3497769190729882,0.0688446595205652,Tier 4,OPT,Duolingo,-0.14009931258962513,1
South Africa,UAE,Computer Science,0.08572709390619619,Yes,Scholarship,0.8479134388726868,0.18431399271618729,Study Permit,PSW,Duolingo,-0.054117411525575386,0
Ireland,Canada,Computer Science,-1.8634389529239939,Yes,Job Opportunities,-2.289714770769205,2.179760149772208,Study Permit,OPT,Duolingo,0.5267838059745791,0
Russia,Canada,Natural Sciences,-0.03146666180368131,Yes,Political Stability,-0.12594408265776147,1.6232429240358972,F1,PSW,None,-2.4760897234740575,1
Germany,Germany,Engineering,-1.9358170180080012,No,Job Opportunities,-1.607479924319513,-0.2951432118887222,F1,Post-Study Visa,None,-2.490185777548617,1
South Africa,Finland,Medicine,0.927762254226798,No,Job Opportunities,0.7160717128172154,1.4075706694135168,Student Visa,Post-Study Visa,None,1.0410398222601835,1
Canada,Russia,Natural Sciences,-0.8903312167770449,No,Quality of Life,-0.7976405277970885,-1.139542369992893,Tier 4,OPT,TOEFL,1.459886259666499,0
Ireland,South Africa,Social Sciences,-1.8196954026761893,Yes,Political Stability,-2.350043756851708,-1.980257370256614,Student Visa,Work Permit,IELTS,1.1805762048992576,1
Germany,South Africa,Social Sciences,-0.9764119958967519,Yes,Political Stability,-0.04552438274038201,-0.3444266064242108,Student Visa,Post-Study Visa,Duolingo,0.8267465351516071,1
India,Canada,Engineering,-0.8190020620823826,No,Quality of Life,0.017077460932780685,-1.9523415809904634,Tier 4,Work Permit,TOEFL,-0.04090064476001837,0
USA,South Africa,Law,0.8731813392415447,No,Higher Ranking,1.5894954116183426,-0.96450168716666,Study Permit,Post-Study Visa,PTE,0.8138170721534209,1
USA,Ireland,Arts,1.8152871365541066,No,Political Stability,0.7205698080405011,-0.77057418963237,Study Permit,OPT,TOEFL,-0.1361578284180959,0
Canada,UK,Arts,-0.9548544958038209,Yes,Scholarship,-1.6261668902351243,1.262171502255986,J1,Blue Card,IELTS,1.1855660261157335,1
Russia,India,Computer Science,1.6892151893784677,No,Scholarship,2.3747342564677565,-1.4733074297602051,F1,Post-Study Visa,Duolingo,1.2214010074921937,0
South Africa,Finland,Medicine,1.8017079031481003,No,Quality of Life,0.7792464517500134,-2.0229660944139454,Study Permit,Post-Study Visa,TOEFL,0.9170864518284387,1
India,USA,Law,-0.9223395730916606,Yes,Job Opportunities,-0.8653310658820509,-0.1814157278068407,Study Permit,Post-Study Visa,PTE,0.42264739803682827,1
UK,Germany,Arts,-0.9087544199227836,Yes,Higher Ranking,-1.6865982167929536,0.01647621924894289,F1,Blue Card,PTE,-0.1361461356925635,0
South Africa,Finland,Social Sciences,-1.7418388311843351,No,Job Opportunities,-2.4391434552901985,1.4546613587185893,J1,Work Permit,PTE,0.9269045232828467,0
UAE,South Africa,Computer Science,-1.8942007257985742,Yes,Higher Ranking,-2.390784551686075,-0.10283776713075857,Schengen Student Visa,PSW,IELTS,-2.389938449021378,1
Ireland,Finland,Natural Sciences,0.07367419159678654,No,Job Opportunities,0.036574758417935976,-0.6098603226476046,J1,Post-Study Visa,None,-2.597628803972406,0
USA,Finland,Arts,1.7887269910169927,Yes,Higher Ranking,0.7401988530937409,-1.7362017951561004,Schengen Student Visa,Blue Card,Duolingo,0.7105759088947381,0
South Africa,UK,Social Sciences,0.8166802134117459,No,Job Opportunities,-0.07401870667386805,0.29296054307917735,Tier 4,OPT,IELTS,0.17130345652255013,0
Finland,Canada,Arts,-0.020208596830462888,No,Job Opportunities,-0.7334827033286763,-0.3279800835046134,Tier 4,OPT,IELTS,0.8224899275840547,1
Finland,UAE,Social Sciences,-1.9295654359139416,Yes,Scholarship,-0.8040041593631152,-0.8454210592809341,Student Visa,OPT,PTE,0.22850975408857724,0
USA,USA,Arts,-0.9126127999451293,Yes,Scholarship,-0.029715987929311596,1.6213613262412199,Schengen Student Visa,OPT,Duolingo,0.94567658464597,0
UAE,USA,Arts,1.7240163516583502,No,Political Stability,0.7410125593299972,1.1305053476304572,Schengen Student Visa,OPT,PTE,1.1554328861734395,0
India,Ireland,Business,-0.8986149169324513,Yes,Political Stability,-1.5004642125511607,-2.020051851175792,J1,Work Permit,PTE,-0.09320608199683397,0
Canada,South Africa,Medicine,-0.8972554649769978,Yes,Political Stability,-1.6120363291112212,-2.006160466808717,Schengen Student Visa,Post-Study Visa,IELTS,-0.1453588156661678,1
Finland,Canada,Arts,-0.8708669143672724,No,Job Opportunities,-0.8131638034529792,2.0984627597154684,Student Visa,OPT,PTE,0.5033612366856122,0
Canada,UAE,Social Sciences,0.8547947035608899,Yes,Quality of Life,0.7800762953133021,0.7468090565101032,J1,Post-Study Visa,Duolingo,-0.07339391086167697,1
South Africa,USA,Law,-0.022795603984228884,No,Quality of Life,-0.7284145823711506,-1.9475176794937183,Tier 4,OPT,Duolingo,1.06724360028311,0
UK,Germany,Social Sciences,1.7472650409578803,Yes,Political Stability,0.700490295301911,0.9122477250608768,Student Visa,OPT,TOEFL,0.4946103858201766,0
UK,Finland,Arts,-1.8662935506281755,No,Quality of Life,-0.791942289698013,1.1782174410457347,Study Permit,Blue Card,Duolingo,0.5453107594883966,0
UAE,India,Computer Science,0.9083508524786396,Yes,Higher Ranking,0.7669506437306183,-1.6419070039389396,J1,Work Permit,Duolingo,0.8679836255635277,0
Germany,Finland,Social Sciences,-0.8501522634608728,No,Quality of Life,-0.7198022295681612,1.9985845310208952,Tier 4,OPT,IELTS,0.31466395809515374,0
Canada,Russia,Social Sciences,-0.943936354936531,No,Higher Ranking,-1.591945704037802,0.35274092977257315,J1,OPT,None,-2.4715516128309654,0
Russia,South Africa,Law,1.8492277883376786,No,Higher Ranking,1.5680414401670135,0.2826531701941253,F1,Blue Card,PTE,0.08607016110895077,1
Russia,UK,Medicine,-1.8762889089914243,Yes,Political Stability,-0.7594416475003538,2.166892079610786,Student Visa,OPT,Duolingo,0.15379698751746082,1
USA,UAE,Engineering,1.7586606493781858,Yes,Job Opportunities,2.278926437393049,1.188492161576368,Student Visa,Blue Card,IELTS,0.013657840472192892,1
India,USA,Social Sciences,-0.06318549281925916,No,Political Stability,0.011166858261682105,-2.0490903280559567,Study Permit,Post-Study Visa,PTE,0.8903981623891798,1
Ireland,Canada,Computer Science,0.9533785329081196,Yes,Political Stability,1.5433551587043501,0.8692674573009623,Study Permit,Post-Study Visa,Duolingo,0.19875416960172212,0
South Africa,UK,Law,1.9042597384784499,Yes,Political Stability,0.7194627134196876,1.9233797904592955,Tier 4,PSW,TOEFL,0.48014711844019964,1
Russia,India,Social Sciences,-1.82077086600556,No,Job Opportunities,-2.3342283206302397,0.5197548682922024,Schengen Student Visa,PSW,TOEFL,-0.13198501020070222,0
India,Finland,Arts,-1.8787585995496139,No,Political Stability,-1.6627747785591,2.1362353465704413,Tier 4,Post-Study Visa,PTE,0.2170281542219999,0
Russia,Finland,Arts,-0.85284404106873,No,Scholarship,0.07024637506378813,-0.5869047052321367,Schengen Student Visa,PSW,None,-2.4530349330931904,1
USA,USA,Natural Sciences,-0.8076183794794962,Yes,Quality of Life,-1.6034681070021997,-1.1473328277568102,Schengen Student Visa,Blue Card,Duolingo,-0.20975061020393362,1
USA,Canada,Business,0.9323469049323279,No,Higher Ranking,-0.13093025435807049,2.1934541450634217,Tier 4,OPT,TOEFL,-0.2810541850937796,0
UAE,USA,Social Sciences,0.9782956622814808,No,Job Opportunities,-0.018677927116353504,-1.4348747552863366,Tier 4,PSW,IELTS,-2.4477643394735358,1
India,UK,Medicine,-1.9420666859072226,No,Political Stability,-2.402184838440366,-1.590852375014586,Student Visa,Blue Card,Duolingo,-0.01221903676836494,1
USA,Russia,Business,1.7896370538510906,Yes,Higher Ranking,0.7120236497854033,-1.6097186122235816,Schengen Student Visa,PSW,None,-2.523550367934889,1
UAE,Germany,Business,0.0024025028294299648,No,Job Opportunities,-0.7928776801027989,0.5452735280365907,F1,PSW,PTE,0.8169129784158365,1
USA,Germany,Business,1.8969518532588374,Yes,Scholarship,1.5509173058225796,2.2061429810792528,Schengen Student Visa,Blue Card,IELTS,1.1985798120245388,1
UK,UK,Arts,0.9485936075793644,No,Political Stability,1.5851670593652905,2.0799507200226612,Study Permit,Work Permit,PTE,0.45666513526891617,0
Russia,USA,Engineering,-0.9523758779830134,No,Political Stability,-1.6250186131417859,0.6550056942342604,J1,OPT,PTE,0.7552901244748826,1
Russia,UAE,Natural Sciences,0.03149197867813427,Yes,Scholarship,0.7116677737712938,1.2338726747796775,F1,OPT,IELTS,0.6359473060914641,1
Germany,UK,Engineering,-0.9605629115807401,Yes,Job Opportunities,-0.8172875110023594,1.0233380694818826,J1,OPT,TOEFL,0.23576172766355774,0
Canada,Germany,Social Sciences,-0.8650828192478812,Yes,Quality of Life,-0.04527825697560302,1.9276321663678697,Schengen Student Visa,Work Permit,IELTS,-0.22405153448184859,1
UK,Russia,Computer Science,-1.85726402032199,No,Quality of Life,-0.8149713295100625,0.18428195950428153,Tier 4,OPT,Duolingo,0.0488535705594757,1
South Africa,UAE,Social Sciences,1.8380373902351401,No,Scholarship,2.238665553133064,1.5514131852640074,Tier 4,Post-Study Visa,Duolingo,1.3934979923229434,0
South Africa,UK,Medicine,1.801254087682228,Yes,Political Stability,1.5020526767233524,-2.1435695759256888,Schengen Student Visa,Blue Card,TOEFL,0.8487207063103677,1
South Africa,UAE,Engineering,-0.8573761809244554,Yes,Quality of Life,0.00655877214899642,1.5486044655315392,Student Visa,PSW,None,-2.538934713848201,0
Russia,South Africa,Medicine,1.8338648770136579,No,Political Stability,0.7998650500026431,-0.6937032678896454,Study Permit,OPT,PTE,0.6501377921167999,0
UAE,South Africa,Natural Sciences,-1.8294649866641166,Yes,Higher Ranking,-2.3558818911206743,-1.4744329504780442,Student Visa,Work Permit,Duolingo,1.171027328719463,0
Russia,Finland,Medicine,1.8141079695168032,No,Job Opportunities,1.5500610026169825,0.3116689877899505,Tier 4,Post-Study Visa,IELTS,0.8817260591203544,1
Finland,Russia,Medicine,1.8213971462292178,Yes,Higher Ranking,1.5483589837310545,-0.6852308665127823,F1,Work Permit,TOEFL,1.4508386276258045,0
UAE,Germany,Law,0.8649280906836695,No,Political Stability,0.012424680845392295,-1.1349002561124362,Student Visa,Blue Card,IELTS,1.4037397960400952,0
Russia,UAE,Natural Sciences,0.8951107356504535,No,Political Stability,-0.06743233011482551,-1.0944702517367935,Tier 4,Post-Study Visa,PTE,0.48378415269550556,1
Finland,USA,Natural Sciences,0.02583093591158605,Yes,Quality of Life,0.7732185596446266,0.8687382822880227,J1,PSW,PTE,-0.0789136280940853,1
Finland,India,Medicine,-0.8787050997030124,Yes,Job Opportunities,-0.8733064391320036,-0.35331419880783654,Student Visa,Post-Study Visa,PTE,0.6520557693927862,1
Russia,South Africa,Engineering,-0.9281757728016412,Yes,Political Stability,-0.07072166702742633,0.552390013957106,Student Visa,Work Permit,Duolingo,1.1098586100503,1
UAE,India,Natural Sciences,-1.8449616463385914,No,Political Stability,-1.6327498183549563,1.311763232799534,J1,OPT,None,-2.4720103411578664,0
India,Russia,Social Sciences,-0.028512546191355286,Yes,Higher Ranking,0.7483160577401053,-0.48858854144280595,J1,OPT,PTE,0.4088216578772183,0
Germany,Finland,Law,1.0087174334675035,Yes,Job Opportunities,-0.016771495902914192,-1.3055322384615127,Study Permit,Work Permit,TOEFL,1.4511261827503814,0
South Africa,USA,Engineering,1.7549988524388127,No,Job Opportunities,0.7893288500234766,1.6207342100610955,Study Permit,Work Permit,None,-2.4454088200175725,1
Germany,UK,Arts,0.8878724023717469,No,Scholarship,1.570978564145326,-0.9619509238648295,Schengen Student Visa,PSW,IELTS,1.2978134751161507,1
South Africa,UAE,Social Sciences,-0.9620493296978267,Yes,Job Opportunities,-0.8311373998833701,1.5735164891691769,F1,PSW,IELTS,1.4139231033362922,1
India,UAE,Business,0.9733122517647564,No,Political Stability,-0.06761944948103148,0.5431082310142414,Student Visa,Post-Study Visa,PTE,1.3619065221772675,1
UK,Russia,Medicine,-0.8465783544196132,Yes,Job Opportunities,-0.7595435819182452,1.9867859260561627,Study Permit,Blue Card,IELTS,0.05716593580807919,1
India,South Africa,Social Sciences,0.032191057313002425,Yes,Higher Ranking,0.8182801281078457,-1.757720108547656,F1,PSW,PTE,0.04974232844461984,0
India,India,Business,-0.9172633010319741,Yes,Job Opportunities,0.08036796624256905,-1.5956918307365573,F1,OPT,PTE,1.4031600024948099,1
Russia,USA,Business,0.9769325653116162,Yes,Higher Ranking,1.5856296607787586,-0.694472043566974,Student Visa,Post-Study Visa,Duolingo,0.3980965738698665,1
Russia,South Africa,Engineering,0.921360727126011,Yes,Job Opportunities,-0.010500235741113747,-1.7980438041032893,Tier 4,Work Permit,PTE,1.164859376467998,1
Russia,Finland,Computer Science,-0.08686175193653564,Yes,Quality of Life,0.7766709054814915,0.5737632375676449,J1,Work Permit,None,1.44956348175874,0
Canada,UK,Engineering,-0.9483706668946833,Yes,Job Opportunities,-1.6436211140610875,0.6304718676940128,Schengen Student Visa,Post-Study Visa,PTE,0.06918715877713502,1
Ireland,UK,Engineering,-0.95569368229589,Yes,Higher Ranking,-0.8210228643955636,-2.1103381044354226,Study Permit,Blue Card,None,0.3298106390187703,1
Canada,South Africa,Medicine,1.7447485446290572,No,Quality of Life,2.4285406690460816,-1.0033412339186443,J1,OPT,IELTS,1.301353357517797,0
India,Ireland,Computer Science,1.7681635330094232,Yes,Political Stability,1.650078201551007,-1.5464767645265851,Tier 4,Work Permit,IELTS,-0.00951435627929494,0
USA,Ireland,Social Sciences,-1.7855625440007525,Yes,Political Stability,-2.345689669174359,1.0603039920738784,Study Permit,PSW,IELTS,1.1572363538945112,1
Ireland,UK,Natural Sciences,0.8968483508676217,No,Political Stability,0.7264180598831892,-0.8890292627661167,Student Visa,PSW,TOEFL,-0.22956720507403447,0
Ireland,UAE,Arts,0.037707360046745485,Yes,Job Opportunities,-0.09606429409993324,-1.2005693543009603,J1,Post-Study Visa,PTE,0.1285042222787672,1
USA,Canada,Engineering,0.04238846338836476,No,Political Stability,-0.810616396596482,1.6348506453465779,Schengen Student Visa,Blue Card,None,-2.583708750036956,0
UAE,Finland,Social Sciences,1.8243359423489436,No,Political Stability,0.7158836205091768,-0.6913701688068341,F1,Post-Study Visa,TOEFL,-2.4433712904991363,0
Ireland,USA,Law,-0.03291733480608413,Yes,Quality of Life,0.7598355133039226,-0.6890803448523438,Study Permit,Post-Study Visa,IELTS,0.1364030630088815,1
Germany,UAE,Business,1.8111318126697302,No,Higher Ranking,2.2811553738444443,-1.5144647366121458,F1,Post-Study Visa,TOEFL,1.332451882501816,0
India,Canada,Arts,0.8804870203316577,No,Job Opportunities,0.8865860928213446,1.261136296304714,Student Visa,Blue Card,Duolingo,0.6779422834961231,0
UK,USA,Arts,-0.9844625081125613,Yes,Higher Ranking,-0.8260991115820301,0.5873093134437649,Tier 4,Post-Study Visa,IELTS,-0.18259540016186276,0
UK,UAE,Computer Science,0.9224705944704157,Yes,Political Stability,0.721897971928335,-2.0514271637002683,Student Visa,OPT,None,-2.4760616772632877,0
India,Germany,Arts,1.788657801884273,No,Quality of Life,1.579227093497615,-0.6047815621125628,Student Visa,Work Permit,PTE,-0.014339960886543962,0
USA,UK,Engineering,-1.8389455984038987,Yes,Scholarship,-0.7648557562304316,0.735945194232278,Schengen Student Visa,OPT,PTE,1.3870553370345824,0
India,India,Engineering,0.03325903976022661,Yes,Scholarship,-0.006066740066979898,-1.5836363570616947,J1,Work Permit,TOEFL,1.183514656958761,1
Canada,Germany,Engineering,0.8755115243914633,Yes,Quality of Life,0.7547824439289109,-1.3699400421763446,Study Permit,Work Permit,IELTS,-0.0939622291644215,0
Russia,UAE,Natural Sciences,0.9693383958732477,No,Scholarship,1.4815648319045551,0.8064516648061668,F1,OPT,TOEFL,0.3890863440597093,0
USA,Russia,Engineering,0.913498291132311,Yes,Quality of Life,1.478091664615511,-1.884395339240792,Schengen Student Visa,Post-Study Visa,Duolingo,0.3294864952323665,0
Germany,Finland,Engineering,1.8846374837385802,Yes,Quality of Life,2.3251215722367853,1.328844530285316,F1,Blue Card,None,1.1338134067117933,1
South Africa,USA,Computer Science,1.8332149327175322,No,Quality of Life,2.3312020037735004,2.1295919030098003,Student Visa,PSW,PTE,1.3969606937317045,0
Canada,UK,Business,-0.9487377583267247,No,Job Opportunities,-0.05097308842901992,0.9049710180812447,F1,Work Permit,Duolingo,0.7080735797763283,1
Ireland,Canada,Natural Sciences,-0.8224679243917631,No,Political Stability,0.06205928487183922,-0.15985808025679268,Study Permit,Blue Card,None,-2.4789495996478683,0
Canada,Russia,Engineering,-1.9373287950054117,Yes,Job Opportunities,-2.4496257056013637,-1.1470164954975315,J1,Post-Study Visa,IELTS,1.2176276883941515,1
Russia,India,Law,1.006472125869558,No,Scholarship,0.8153055552913736,0.49494361660572744,Tier 4,OPT,PTE,0.9924238986344511,1
South Africa,USA,Computer Science,-0.026520409541959566,No,Job Opportunities,-0.7606355129909358,-2.199524033642452,Student Visa,Work Permit,PTE,1.1698237145319212,0
Canada,India,Social Sciences,-1.800238180343215,Yes,Quality of Life,-2.2937447631502077,0.07287894724514236,Tier 4,OPT,Duolingo,1.4047479055437924,0
UAE,Russia,Arts,-1.8214696651408304,Yes,Scholarship,-2.4101466061643553,-2.267481202929701,F1,Blue Card,IELTS,-0.014619574847523803,1
Germany,Canada,Law,-0.02220650578978366,No,Job Opportunities,-0.7487914184133815,1.0349664740270117,Tier 4,PSW,Duolingo,1.3260747703321258,0
UK,India,Natural Sciences,-1.8733030490771971,Yes,Quality of Life,-2.4514928831930654,-2.2502605201429873,J1,Blue Card,TOEFL,0.5551925158697142,0
Finland,UK,Arts,-0.8749226069844206,No,Quality of Life,-1.6154521869109495,-2.0146238582164844,Schengen Student Visa,Post-Study Visa,PTE,0.4177350539359415,0
UAE,Ireland,Law,1.8490434867805223,No,Political Stability,2.3380965724013594,1.359986913457978,J1,Blue Card,Duolingo,-0.27406635271948265,0
South Africa,Germany,Engineering,-1.7946455099080416,No,Higher Ranking,-1.601729495182648,-1.5801297176618883,J1,PSW,PTE,-0.11378659406078023,0
South Africa,Russia,Computer Science,0.9151368901907084,No,Scholarship,0.7043982181402875,1.9352226795693286,F1,Blue Card,TOEFL,0.9850275784693111,1
UAE,UK,Social Sciences,1.8334097017190747,Yes,Higher Ranking,0.7382081340466219,-2.280549589506622,Student Visa,OPT,Duolingo,0.22704057543684025,1
South Africa,UAE,Social Sciences,0.9686910303900139,Yes,Political Stability,0.7956922824513857,1.2838246167879321,F1,OPT,TOEFL,0.7295607642828265,1
South Africa,Russia,Medicine,-0.9222520194868261,Yes,Quality of Life,-0.8660547025471077,-1.723414609234429,J1,Post-Study Visa,TOEFL,1.2030056109795737,0
South Africa,UAE,Natural Sciences,0.9317445066058947,Yes,Job Opportunities,1.4448861106897364,2.0054877512441736,Schengen Student Visa,OPT,None,1.4011228100922672,1
South Africa,UK,Law,1.8374747977198675,No,Political Stability,1.5382177477080228,-0.9982128337796632,Study Permit,OPT,IELTS,1.129432416243125,0
Finland,South Africa,Computer Science,-1.808737408658313,No,Political Stability,-1.5914783437823707,-1.924530079310237,Student Visa,Post-Study Visa,PTE,0.4530753909820747,0
Canada,Russia,Engineering,0.9720263286040755,No,Scholarship,0.03382640825124325,-1.7894222313783081,F1,Work Permit,Duolingo,-0.18883113351317204,1
Ireland,India,Law,0.028612834259165762,Yes,Quality of Life,-0.06556746223799541,-1.08751772174122,J1,Work Permit,None,-0.2681673484677883,0
Germany,UK,Computer Science,0.8987132062570735,Yes,Scholarship,0.06649856926770394,-0.7623564301176247,Study Permit,Blue Card,None,0.4062865005558189,0
India,Russia,Natural Sciences,1.8009828591997998,No,Job Opportunities,0.823501518609228,0.6582442395534751,F1,Blue Card,IELTS,0.2727140753716589,1
UK,South Africa,Natural Sciences,-0.07767478995825873,No,Scholarship,0.7102261074739433,-2.1426586199351685,Student Visa,PSW,IELTS,0.43651200305252774,1
South Africa,India,Business,-0.8874503023210125,Yes,Quality of Life,-0.8145904331178844,0.6359980277618351,F1,Post-Study Visa,TOEFL,0.49301267538609733,1
UK,Finland,Law,1.7921760465599748,No,Quality of Life,1.5246210738186392,1.5237956373005672,Tier 4,Work Permit,TOEFL,0.7552724906457452,0
Russia,Ireland,Law,1.8670260087804873,Yes,Scholarship,2.2857351883572887,-0.244252553674975,Study Permit,Post-Study Visa,IELTS,1.070926491514762,1
USA,Ireland,Arts,-0.020940726847849554,No,Scholarship,-0.8769376974023618,0.3158194899940943,Tier 4,Blue Card,Duolingo,0.8103696909685961,1
India,India,Computer Science,-0.07120117109534577,Yes,Political Stability,-0.03718695650486152,-1.8877966837220506,F1,PSW,None,0.6615029667875985,1
Finland,Canada,Engineering,-1.7945080813652703,No,Scholarship,-1.5935517332547293,1.3599275716877153,Student Visa,Blue Card,TOEFL,0.6646913110526038,1
USA,India,Computer Science,1.8179158098376604,Yes,Job Opportunities,2.3030081600294876,-0.04784571257416631,Student Visa,Blue Card,None,-2.53120141932621,0
South Africa,India,Natural Sciences,-1.8392106398069206,No,Job Opportunities,-1.6640412887755158,-1.8618885746965355,J1,Blue Card,IELTS,-0.18016780233906432,1
Ireland,UAE,Social Sciences,0.8232174993424486,Yes,Higher Ranking,0.7860577636659541,1.990640725531161,Tier 4,Post-Study Visa,Duolingo,-0.2518774159700755,0
UK,India,Engineering,-0.9385364857295733,Yes,Scholarship,-1.4863964930839546,1.2229478188806304,Schengen Student Visa,Blue Card,Duolingo,1.260542631924384,0
UK,Germany,Engineering,-1.0787514218476776e-05,No,Job Opportunities,0.7438656475175541,-1.2726722736034566,J1,Blue Card,IELTS,-0.08530964620721078,1
UK,Russia,Computer Science,-0.06655622293494673,Yes,Political Stability,-0.03974991930528669,-1.6171568533649832,Tier 4,OPT,PTE,0.28173796971168064,0
USA,UK,Natural Sciences,-1.0131696550361229,No,Scholarship,-0.8097229598875765,-0.6355830531113488,Tier 4,Work Permit,IELTS,-0.1206201962246349,0
USA,Finland,Medicine,-1.7546497184073546,No,Political Stability,-2.4311633209908146,-1.3774698486957584,J1,OPT,IELTS,0.836641255543437,1
India,Russia,Engineering,0.9387158983043925,Yes,Political Stability,-0.11795521715823534,-0.7607330586686633,J1,PSW,TOEFL,0.7996345904486586,1
Canada,UK,Social Sciences,0.0027118298325081395,No,Scholarship,-0.05512531140359962,1.5849624404406928,J1,Work Permit,PTE,-2.4674387775638484,1
South Africa,Germany,Medicine,0.006234696938663119,No,Job Opportunities,-0.754968590747895,1.678804883292766,F1,Post-Study Visa,TOEFL,0.18906868671815907,1
UAE,India,Natural Sciences,-1.882104255490178,No,Quality of Life,-0.8110040558607042,0.7761793383780169,J1,Post-Study Visa,Duolingo,1.1917316678809367,1
Germany,UAE,Law,-1.847730950607988,No,Higher Ranking,-0.70943083626145,1.0004891170919856,Tier 4,Blue Card,TOEFL,-0.18643540455602503,0
Canada,Germany,Computer Science,1.8398367678398075,No,Quality of Life,1.4791885320281133,-0.7219121785935801,F1,Blue Card,IELTS,0.28916334353342515,1
UK,UK,Natural Sciences,1.8000926572002918,Yes,Scholarship,0.7794779261580538,-1.3622445579749332,J1,Work Permit,TOEFL,0.033080330414384504,1
UK,India,Natural Sciences,-0.0592872520314097,Yes,Political Stability,-0.8865741162004778,-1.1204142638695909,Tier 4,Work Permit,TOEFL,0.5029605569800508,0
Ireland,UK,Computer Science,-1.7968267204508193,No,Job Opportunities,-1.5905439125085952,1.5496711326323522,F1,OPT,Duolingo,1.0070450710071448,1
Ireland,India,Law,1.8013093453337032,Yes,Political Stability,0.7937935056853647,-0.814202981443568,Study Permit,Work Permit,None,-2.40559878623802,0
India,Canada,Business,-0.00499546333099026,No,Quality of Life,-0.0318168025445821,-1.0323276377379982,Student Visa,OPT,IELTS,1.15862210780746,0
India,India,Engineering,-1.8841567790085563,No,Scholarship,-2.3022590647597387,-0.6516028457708125,F1,Work Permit,None,-2.5075471962194635,0
South Africa,Russia,Business,-1.8624619690989554,Yes,Higher Ranking,-2.3262216292620685,0.6461350445883758,Study Permit,OPT,Duolingo,0.9337489265577351,0
USA,Finland,Medicine,1.876592272772398,Yes,Quality of Life,0.8098562398979264,-1.2658355305633642,F1,Work Permit,None,1.1244003949829458,1
Finland,Ireland,Arts,1.8255424209063265,No,Scholarship,2.35221590555809,1.2349223493338604,Schengen Student Visa,OPT,TOEFL,1.0449390697748668,0
Finland,India,Computer Science,-2.0047887425307964,No,Scholarship,-2.368960248467521,-0.1144295519200386,J1,OPT,PTE,0.36026849830072283,1
Germany,Russia,Medicine,-0.9193155565130735,No,Job Opportunities,-0.037527266725290984,1.3620700110997876,Schengen Student Visa,Post-Study Visa,None,-2.403659644447865,0
India,UK,Law,-1.7958247185411675,Yes,Job Opportunities,-1.5471033699846828,1.4217434521022456,J1,Post-Study Visa,PTE,-0.09200397311613534,1
Germany,Russia,Social Sciences,1.7064396995573583,Yes,Scholarship,2.3393380725533595,-1.121676334304394,Schengen Student Visa,Post-Study Visa,TOEFL,0.6398680461503335,1
Canada,USA,Medicine,-0.9147768562318657,Yes,Political Stability,-0.8834343098442654,-0.38221617909111355,Study Permit,PSW,TOEFL,0.6968891046163114,1
Canada,Russia,Business,-1.916871386652235,Yes,Higher Ranking,-0.8315187363576435,-1.092421820441806,Tier 4,Work Permit,None,-2.51326562840465,1
South Africa,Ireland,Law,-1.7794070301207612,No,Scholarship,-0.8026388867543311,0.5748010810649474,Schengen Student Visa,OPT,Duolingo,-0.09954547179454062,1
Russia,India,Arts,-0.9829343836928377,Yes,Quality of Life,-0.7736978301387818,-0.05915304142881769,Student Visa,Work Permit,TOEFL,1.1206289623358898,1
Germany,South Africa,Natural Sciences,-0.07463512462246503,Yes,Quality of Life,-0.0942106829777055,-1.7439245084623143,Tier 4,OPT,Duolingo,1.0390841948299132,1
UK,South Africa,Arts,0.9241801839314071,No,Political Stability,0.7664852171485389,-2.1721687515877632,Student Visa,OPT,IELTS,1.1221316215559962,0
Russia,UAE,Business,-1.8790860268589478,No,Scholarship,-1.6068695406122206,0.948836705297915,Tier 4,Post-Study Visa,None,-0.3479657359208297,1
UK,Finland,Engineering,0.043016734442487325,Yes,Political Stability,0.7970575312870939,-0.8383473730162617,Student Visa,PSW,TOEFL,0.14470719904724966,0
Ireland,India,Business,-0.027658561835167825,No,Political Stability,-0.03513888117922086,0.031778172893109725,Tier 4,PSW,TOEFL,0.6489225839514279,1
USA,Ireland,Social Sciences,-0.884739862069315,Yes,Quality of Life,-0.7300260894497594,-0.6578933436697294,Schengen Student Visa,OPT,None,1.0402103961240954,1
Ireland,USA,Arts,0.9049131105304389,Yes,Scholarship,1.5237147702295533,1.336480231413019,Schengen Student Visa,OPT,TOEFL,0.3302153194400093,0
Germany,UK,Business,0.9269344955754261,Yes,Scholarship,0.7003142874365099,-1.0288998239305016,Student Visa,Blue Card,PTE,0.15290523614313495,0
Canada,South Africa,Law,0.05222525782004466,Yes,Quality of Life,-0.0020285553338122188,1.9240464917895896,J1,Blue Card,PTE,1.1852540389295105,1
Canada,Ireland,Computer Science,1.8393187730579739,No,Quality of Life,2.2937453315214142,-1.1043779201530728,Tier 4,Work Permit,TOEFL,1.393219238318822,1
India,Canada,Natural Sciences,-0.17824913994495867,No,Quality of Life,-0.01799623816193034,0.4848911785362476,F1,PSW,IELTS,-0.09340098892959575,0
Russia,UAE,Law,0.0018281187171723407,No,Political Stability,-0.7713349057935376,1.0281202196735273,Study Permit,Post-Study Visa,TOEFL,0.813510187648675,0
Finland,UK,Natural Sciences,-0.9947447385832131,Yes,Quality of Life,-0.8203531412860154,1.3577798080221954,Study Permit,PSW,PTE,0.8811007140633138,1
South Africa,Finland,Arts,1.0033824702228462,Yes,Higher Ranking,0.05749712053751742,0.9811892408019997,F1,Post-Study Visa,TOEFL,0.10345969416740047,1
UAE,Russia,Medicine,-1.8250457092437458,No,Scholarship,-1.5180482471753287,-0.7294115217763177,Tier 4,Work Permit,Duolingo,-0.14969295021204734,0
Ireland,Canada,Arts,1.7719921417457312,Yes,Quality of Life,1.5423507985763725,-1.3694226099994686,J1,Blue Card,IELTS,1.1499631581385485,0
Canada,South Africa,Business,0.028339510655738052,Yes,Job Opportunities,-0.7034329708037329,1.575120839103805,Tier 4,PSW,TOEFL,-2.5192702129135722,0
Ireland,USA,Engineering,-0.8944859051560726,No,Quality of Life,-1.5162363281098186,-0.31840435598938993,Study Permit,PSW,None,1.1193829492331384,1
Canada,India,Medicine,-1.9286569651020693,No,Higher Ranking,-2.31107932204533,2.1049653580257384,J1,PSW,PTE,1.1194729331760098,0
Russia,UAE,Medicine,0.8774251750814068,No,Scholarship,1.553044017450135,0.3535838408410776,Schengen Student Visa,OPT,IELTS,-2.4358520589694357,0
Finland,Germany,Arts,0.84510664122095,No,Higher Ranking,1.6092823912570269,1.2796090711347887,F1,Work Permit,IELTS,-2.4713108927060086,0
Canada,UAE,Engineering,0.9780062961516846,No,Political Stability,0.8871188902697508,1.2997514858755208,F1,Blue Card,TOEFL,0.9965424670144272,1
Russia,UAE,Arts,-1.8610259510558849,Yes,Job Opportunities,-2.3404883680466297,-0.10638021123764985,Student Visa,PSW,TOEFL,0.6906841646334556,0
UAE,USA,Medicine,0.8827025768075024,Yes,Scholarship,0.06740040708924194,-1.0003972323682,Student Visa,Post-Study Visa,None,-2.4858879860493412,1
USA,South Africa,Business,-0.9997586011027189,Yes,Higher Ranking,-1.582405455177419,-1.3136733117460253,Student Visa,Work Permit,IELTS,-2.441656751223061,1
Ireland,Finland,Business,-0.02264620940954401,Yes,Political Stability,0.8056809335177983,0.6946048008745237,Tier 4,Post-Study Visa,Duolingo,0.5516523465716684,0
Russia,UK,Engineering,0.9585562909086102,Yes,Political Stability,-0.05879578765886023,-0.4431598872296583,Schengen Student Visa,OPT,Duolingo,0.49484438114498325,1
South Africa,UK,Arts,0.006745503883741328,No,Higher Ranking,0.004047036130680012,0.22745048244284832,F1,OPT,IELTS,0.17561253109202196,0
South Africa,UK,Engineering,-0.05732393904572334,Yes,Political Stability,-0.741090891840843,0.4936364557025574,Student Visa,Post-Study Visa,TOEFL,0.5047238781848689,1
UK,Canada,Engineering,-0.09522430242488772,No,Scholarship,0.026239507893131172,-1.3211782598181905,Tier 4,Blue Card,None,-2.499601850669092,1
South Africa,UK,Arts,-0.9414991807248695,Yes,Job Opportunities,-1.608560132366773,1.9682107366262975,Tier 4,OPT,TOEFL,0.3984619070879645,0
UAE,India,Social Sciences,0.8879293620418595,Yes,Quality of Life,0.7537500964301119,0.726179373952862,Study Permit,Post-Study Visa,Duolingo,-2.405617465345442,1
India,Ireland,Arts,-0.056855865990389026,No,Political Stability,-0.7066672593458461,1.32671274618713,Tier 4,Work Permit,IELTS,0.888992126797403,1
UAE,Canada,Natural Sciences,-1.907870298846609,No,Job Opportunities,-1.568355058722496,0.29126445411533197,Tier 4,Post-Study Visa,Duolingo,0.9991471218292285,0
South Africa,Germany,Business,-0.9488121609153863,No,Quality of Life,-0.7293928425733458,-0.08178959500185203,Student Visa,Blue Card,None,-2.4048439156171924,0
Germany,Finland,Business,-1.724062921635274,Yes,Job Opportunities,-2.361228059114342,-1.7241621626222519,Schengen Student Visa,Post-Study Visa,IELTS,-0.23494220918919737,0
UAE,Finland,Business,-0.00961702977164592,Yes,Political Stability,-0.8575276557328158,0.2108386740503314,Study Permit,PSW,None,-2.3825645053357314,0
USA,South Africa,Computer Science,-1.8300225336428473,No,Job Opportunities,-1.5603369736506023,1.3800060913030434,Study Permit,OPT,PTE,1.3755444278717492,0
UK,Russia,Engineering,1.836564989747374,No,Quality of Life,1.5019261868603444,-1.964872427465349,F1,OPT,TOEFL,1.3281174548925796,1
Russia,Ireland,Medicine,-0.966404380072875,No,Job Opportunities,-0.8346764698758171,-0.18354760804438425,Student Visa,Blue Card,PTE,0.7490961169041792,0
Russia,USA,Social Sciences,1.8006891486904733,No,Scholarship,1.5631016539135048,-1.937868923568627,Schengen Student Visa,OPT,PTE,1.4666999816834703,0
UAE,Ireland,Law,0.897114244323489,No,Higher Ranking,-0.04882220063693955,1.8933763563703643,J1,Post-Study Visa,Duolingo,0.7150379050380311,1
India,South Africa,Arts,1.8032875886642152,No,Scholarship,2.332462139056641,-1.94404565311064,Study Permit,Blue Card,Duolingo,-0.31736471699115454,1
Germany,Ireland,Business,-0.9610313947900377,Yes,Job Opportunities,-0.7982377744485659,1.1877338417951835,Tier 4,OPT,None,-2.4991727313534926,0
Ireland,USA,Arts,0.9003088801341036,No,Scholarship,1.6194112642372633,1.3048788804101548,Tier 4,Post-Study Visa,PTE,-0.15406286682035686,0
Canada,Ireland,Arts,1.8976570039134473,Yes,Quality of Life,0.7946625809323055,-1.1202136148042081,F1,Blue Card,None,-2.4254700136177028,1
USA,Finland,Business,1.7812093622932508,Yes,Scholarship,0.7616960427489659,-2.0444489229241785,Student Visa,Post-Study Visa,None,-2.4425066172421115,0
Russia,India,Arts,1.795757809440142,Yes,Scholarship,0.665674247417381,-0.2972724057341163,Schengen Student Visa,PSW,Duolingo,-2.558009353418362,1
UK,UAE,Medicine,1.8775961950819127,Yes,Higher Ranking,2.305743980264324,-1.9400503783046161,Tier 4,Post-Study Visa,PTE,0.665095492206762,1
Ireland,India,Medicine,5.362505657373513e-05,No,Job Opportunities,-0.8092726138796446,-0.2642206707409424,F1,OPT,Duolingo,0.0016064048937208808,1
Ireland,Canada,Arts,-0.9147443601507792,Yes,Higher Ranking,-1.5935723352203701,-1.9619917121622101,Schengen Student Visa,Post-Study Visa,IELTS,1.2837057189451904,1
India,Russia,Law,-0.9116898582905454,No,Scholarship,-0.7750158579740635,1.0935663733557082,J1,Work Permit,IELTS,0.6693784465755585,0
UAE,Finland,Business,-0.9657080098892614,Yes,Job Opportunities,-0.8780016270177274,-0.15065522584572844,Schengen Student Visa,Work Permit,None,-0.3356729796692786,0
Ireland,Finland,Law,0.920719084222818,No,Higher Ranking,1.5252935710543933,1.3824141167301438,Tier 4,Work Permit,PTE,-0.22172361234949275,1
UK,Ireland,Business,0.06142745389914587,Yes,Political Stability,0.8172228669263817,-0.5766414013156168,Student Visa,Post-Study Visa,None,-2.5229951037295044,1
Ireland,UK,Medicine,0.01999270557663734,No,Political Stability,0.7744951426204927,0.7869709613375229,F1,Work Permit,PTE,0.8914294902438182,1
India,Canada,Arts,-0.044517963386436064,Yes,Political Stability,-0.03833044751481786,-2.2915151226622377,Study Permit,OPT,Duolingo,-0.09134750849481173,1
Russia,Finland,Social Sciences,-0.04159209984412056,No,Job Opportunities,-0.04223498157695829,-2.0034757581501865,Schengen Student Visa,PSW,None,-2.4610072878336458,0
South Africa,UAE,Business,1.7905590965798501,Yes,Quality of Life,0.8416634029120533,-2.1058428559805433,Tier 4,Work Permit,TOEFL,0.22169367440056195,1
Germany,India,Social Sciences,-0.004872009556044561,No,Higher Ranking,0.6950096542182915,1.6353569731791127,Schengen Student Visa,PSW,PTE,1.2159026704189861,0
Canada,Ireland,Engineering,-1.8920529484854163,No,Political Stability,-0.7785226271386197,0.8593250278800164,J1,OPT,PTE,0.8489408641177169,0
Germany,India,Computer Science,-1.9486826896743163,No,Political Stability,-1.511121082661505,-0.12285224206112888,Schengen Student Visa,Blue Card,TOEFL,0.24101442240322518,1
Finland,India,Arts,-1.8474520172287627,Yes,Job Opportunities,-2.3669969687244437,-0.5241926859096223,J1,PSW,None,-2.4268596578513826,0
Canada,South Africa,Social Sciences,1.8756180580071,Yes,Higher Ranking,2.332641950242497,-1.2093199107085797,Student Visa,Blue Card,IELTS,0.34710888073472185,1
Ireland,Germany,Business,0.04280153338378966,No,Higher Ranking,-0.7754324115063735,0.4301468210010157,F1,PSW,PTE,1.4418704873336905,1
Finland,UK,Social Sciences,-0.9125226357854128,Yes,Higher Ranking,-0.888023436232463,1.672166165273457,Tier 4,Blue Card,IELTS,0.7097093153562062,1
UK,UAE,Medicine,1.7456187048999239,No,Quality of Life,1.475031566024882,-1.4928082586542097,Tier 4,OPT,PTE,0.7110145796929652,1
India,Russia,Engineering,-1.8983586154470415,No,Quality of Life,-1.5292546675510483,0.16605257368507076,J1,OPT,TOEFL,0.9678158524086659,1
Canada,UK,Social Sciences,-1.8317803912657626,No,Quality of Life,-0.8505207644498762,-0.7017350900197763,Study Permit,PSW,PTE,1.4905822523512238,0
Russia,USA,Arts,-0.9146384222118119,No,Quality of Life,-0.7608499905219667,1.4946797315296954,Schengen Student Visa,Work Permit,Duolingo,0.6570843796259619,0
India,UAE,Natural Sciences,-0.056103725294194585,No,Higher Ranking,0.7214429211310787,2.1456467374849892,Study Permit,Work Permit,PTE,0.518776190110105,0
Ireland,Russia,Arts,1.8176831386183017,Yes,Job Opportunities,0.7795702588800024,-0.9836552174215666,J1,Post-Study Visa,Duolingo,0.18760648777059952,0
South Africa,Ireland,Arts,-1.8708914245384345,Yes,Scholarship,-0.8167287145895776,-1.4751581317537703,F1,PSW,PTE,0.5981443981761779,0
Russia,Germany,Engineering,-0.9876340875285622,Yes,Quality of Life,-0.014157204543980272,0.20808629556116695,Student Visa,PSW,PTE,0.28871181490848985,0
Ireland,Finland,Engineering,0.931548921129373,Yes,Job Opportunities,1.5468054756600909,-1.5279110408771523,Schengen Student Visa,PSW,PTE,0.41636665997440303,1
Ireland,UK,Medicine,-0.05792315881202035,Yes,Job Opportunities,0.8139901740101503,1.4876935302927774,Study Permit,Blue Card,Duolingo,0.9357729992086514,1
Finland,South Africa,Medicine,0.016476197084417048,Yes,Higher Ranking,-0.8174029757575225,0.5120987061686321,F1,Post-Study Visa,TOEFL,1.299088174993703,1
UAE,South Africa,Arts,-1.8181229765574778,No,Political Stability,-2.3655701040755996,1.5150015403866346,Schengen Student Visa,Blue Card,Duolingo,0.5017232197539122,1
South Africa,UK,Engineering,-0.017865355766674196,No,Higher Ranking,0.7516783495291228,0.9422107899404852,Study Permit,Work Permit,IELTS,0.7749035149296333,1
UAE,Ireland,Natural Sciences,-0.886258542415043,Yes,Quality of Life,-1.556733862068649,0.11665925767420567,Student Visa,Blue Card,TOEFL,-0.026108392397112656,1
UAE,Finland,Natural Sciences,1.7463259366177342,No,Higher Ranking,0.7755264404049588,1.096857301331934,Tier 4,Work Permit,None,-2.406572532333164,1
USA,Ireland,Business,-0.059765734485275814,Yes,Job Opportunities,-0.02528429898711105,1.5098462358977105,Study Permit,Post-Study Visa,IELTS,0.5824090897652081,0
UK,Canada,Law,-0.9739330695896256,No,Higher Ranking,-1.5251337879000182,1.1048330512627085,Schengen Student Visa,Post-Study Visa,None,-2.461992271319345,0
USA,Finland,Social Sciences,0.8957069483481589,Yes,Scholarship,0.002620120262167191,0.6088933188527755,Schengen Student Visa,Post-Study Visa,None,-2.499177941768497,0
Finland,Ireland,Computer Science,-0.02319572744823608,No,Quality of Life,0.07319991024741111,-1.682601189978672,Schengen Student Visa,Post-Study Visa,PTE,0.3193378605286902,0
Ireland,South Africa,Business,0.9035347341148418,No,Scholarship,-0.03086156719234654,0.9158673080029262,F1,Work Permit,TOEFL,-0.10179744510837313,0
Canada,Russia,Engineering,-0.02556601540669976,No,Higher Ranking,0.7398676434635015,1.2879134527814198,Student Visa,Work Permit,None,1.3608764298883755,1
UAE,India,Engineering,-1.8538146750846805,No,Political Stability,-1.6142908826550426,-1.6579432996420667,J1,Post-Study Visa,Duolingo,1.1190370691374547,1
UAE,India,Engineering,0.9478319731309063,Yes,Scholarship,0.04195685319115196,-0.11653065826220894,Tier 4,Post-Study Visa,TOEFL,1.066134305682789,0
UK,Germany,Engineering,0.8757797394063269,Yes,Political Stability,1.5658130035770166,0.6595173085019386,Study Permit,Post-Study Visa,IELTS,0.007211673117430026,1
Ireland,India,Arts,-0.8966670118578465,Yes,Job Opportunities,-0.831405113725083,-0.46830479336480013,Study Permit,OPT,Duolingo,-2.5327411846808845,1
Finland,South Africa,Social Sciences,0.9112616187249144,No,Job Opportunities,-0.02170505946633976,-1.261657353171839,Student Visa,Work Permit,TOEFL,1.4715807797244924,1
Canada,UAE,Social Sciences,1.8499755540266878,No,Political Stability,0.829167115852998,1.2599798994509592,J1,PSW,TOEFL,0.8313069062249631,0
Ireland,Germany,Medicine,-1.8045163721747859,Yes,Job Opportunities,-1.556377583131361,-0.5194442731666223,Tier 4,OPT,PTE,0.1015816421925726,1
UAE,South Africa,Social Sciences,0.8637671083578344,No,Job Opportunities,-0.06522591414088844,-0.944823944863283,Tier 4,PSW,Duolingo,-0.2651916285200502,0
UK,Germany,Law,-1.8840093532730549,Yes,Higher Ranking,-1.540867381778208,-0.2692041268496134,F1,PSW,Duolingo,0.05423419496459633,0
South Africa,USA,Engineering,-0.9975983391795037,No,Quality of Life,-0.7214195118544362,-1.1353569369419705,F1,PSW,TOEFL,0.3878417617582528,0
Germany,Ireland,Social Sciences,-0.04642659859764942,No,Quality of Life,-0.8464279387409802,2.0663790964391793,Student Visa,PSW,Duolingo,-2.4457233844422404,0
UAE,USA,Arts,-1.8330573107099848,No,Scholarship,-0.8482815957824378,0.11723022372037643,Schengen Student Visa,Post-Study Visa,None,-0.10961835844563954,1
Germany,UAE,Business,-1.8893134619596186,No,Political Stability,-0.8305176822225382,-1.5040288445544503,Student Visa,Post-Study Visa,IELTS,-2.4695681968840293,0
South Africa,Canada,Medicine,0.9391680337798474,Yes,Higher Ranking,1.5283531728101902,-1.7962879499513984,Tier 4,PSW,None,-2.4997486124426778,1
Ireland,UK,Medicine,0.9850241546019117,No,Quality of Life,0.7385830249272355,0.43353055024951725,Schengen Student Visa,Post-Study Visa,Duolingo,-0.0888848804496528,1
USA,Canada,Social Sciences,-0.0757275282895551,No,Higher Ranking,-0.7606680124422811,2.164760453538162,Study Permit,PSW,TOEFL,-2.428672351251531,1
Canada,Germany,Natural Sciences,-0.9088383253969367,Yes,Job Opportunities,-0.1611539481151792,1.5400651415967714,F1,OPT,None,-2.4798318648369606,1
UAE,Germany,Social Sciences,-0.9228121178433927,Yes,Higher Ranking,-0.749138753872236,-0.19863499522725403,Student Visa,OPT,Duolingo,0.23786019113614318,1
South Africa,UK,Law,-0.949168515349548,No,Political Stability,-0.817626996711584,-0.9775224999835139,Schengen Student Visa,PSW,TOEFL,-0.014017627353182047,0
India,Germany,Natural Sciences,0.0032194102789832677,Yes,Quality of Life,-0.777071940421204,2.134006446863515,Schengen Student Visa,Blue Card,IELTS,1.3293957554303761,0
UAE,Russia,Social Sciences,0.9476538626448533,No,Job Opportunities,0.7914011331642423,0.772916202653228,J1,OPT,PTE,0.9804676977079526,1
UK,USA,Social Sciences,1.7601433262747188,Yes,Scholarship,0.7754515528519583,-0.6050214378060699,Schengen Student Visa,Post-Study Visa,IELTS,0.06100919754765805,1
Canada,India,Law,1.8432983096912086,No,Higher Ranking,1.5851174478334398,1.9097345358827287,F1,Work Permit,Duolingo,0.9212636244006698,0
South Africa,Canada,Law,-0.8487352609402415,No,Higher Ranking,-0.81431886546542,-1.391522554799239,Student Visa,Post-Study Visa,PTE,-2.5458331589395193,1
South Africa,UK,Law,-1.8132219545820016,No,Political Stability,-2.3043250780919786,-1.0335880518069487,Schengen Student Visa,Blue Card,Duolingo,0.43012950507088515,0
Finland,Russia,Natural Sciences,-0.04168752505015999,Yes,Quality of Life,-0.029173451760114284,-0.8647102245549072,Schengen Student Visa,PSW,Duolingo,0.9835017924354117,1
UAE,UAE,Social Sciences,-1.8707461525331361,No,Job Opportunities,-1.5433175651640771,-1.8319300303203185,J1,Blue Card,TOEFL,1.2599363256538836,1
USA,Ireland,Business,0.07058239175346274,No,Quality of Life,-0.7588742043322849,1.5276595939370485,Student Visa,PSW,TOEFL,1.2889364567328279,1
Finland,USA,Engineering,-0.049795793143012385,No,Political Stability,-0.7620936405575427,0.710105345956409,Study Permit,OPT,Duolingo,0.864257496492347,0
Canada,Russia,Computer Science,-1.953119847268785,No,Scholarship,-2.3746091998439307,0.7083878205799395,Study Permit,Work Permit,TOEFL,0.5583270768247434,1
South Africa,USA,Business,0.016905082692171995,No,Political Stability,-0.014117876957597768,1.109524330671399,J1,OPT,IELTS,1.2458854631963727,0
India,USA,Medicine,-1.0254734974669728,Yes,Higher Ranking,-1.6096386992473413,-1.4281108224629535,Tier 4,OPT,None,0.23960681168133868,0
USA,South Africa,Law,0.9279362411813916,No,Quality of Life,1.5761405894456628,0.8737980245451042,J1,OPT,PTE,-0.23462295508401476,0
South Africa,Ireland,Medicine,0.876033254027151,No,Scholarship,0.7586066381975455,1.9769053921394315,F1,PSW,PTE,-2.5237549224374987,1
USA,Finland,Computer Science,0.8694789597383636,Yes,Quality of Life,1.5451431991933975,0.4119867525366704,Tier 4,Work Permit,None,-2.4598280812814064,0
Canada,Germany,Social Sciences,1.7786459066280456,No,Political Stability,2.2655991683592607,-0.15898275461441308,Study Permit,Blue Card,Duolingo,-0.23707324649769118,1
Germany,UAE,Law,-0.935808934085796,No,Quality of Life,-1.5681051209907195,-0.14985649137264476,Tier 4,Work Permit,IELTS,1.2016284536049566,0
UK,Ireland,Business,-0.02532379321217285,No,Political Stability,-0.03817117957356206,0.43249583400962666,Student Visa,Post-Study Visa,IELTS,0.671387168196927,0
Finland,India,Arts,-0.9067880428902427,No,Quality of Life,-0.8711352846902879,-1.1234366273804657,J1,OPT,Duolingo,-0.18530571507084237,1
Canada,UK,Arts,0.9461676364016833,No,Higher Ranking,0.7066314696317713,-1.6769427748265395,F1,OPT,IELTS,0.4116372972342229,1
Germany,UAE,Business,1.840476742786903,No,Job Opportunities,2.3126214855112703,-1.265137440325289,Student Visa,Post-Study Visa,IELTS,-0.24295227014881915,1
USA,UK,Engineering,0.9000904760361303,Yes,Scholarship,1.5176079922828074,0.4146920239909973,J1,Blue Card,TOEFL,0.04977972693389206,0
UK,Canada,Natural Sciences,0.8923361634515725,Yes,Scholarship,0.7485122993391888,2.0336546583249926,Schengen Student Visa,Work Permit,None,-2.3620732333233416,1
India,Russia,Engineering,1.8477406280630222,Yes,Political Stability,2.3069852640188095,-1.0398937968533701,Student Visa,OPT,TOEFL,0.8319595940907334,0
Russia,Ireland,Business,-0.9261450009623275,No,Higher Ranking,0.0163956943071793,-0.7007383036173643,Student Visa,OPT,None,-2.431880039912828,0
South Africa,Canada,Law,0.9816523407717882,No,Job Opportunities,0.7200069641277674,1.2465270407555036,Tier 4,Work Permit,None,-2.467305378278365,1
UK,India,Medicine,1.8635718618629735,No,Job Opportunities,1.621172972520643,-1.3208706125390977,Study Permit,Post-Study Visa,None,-2.4901873436895583,0
USA,Russia,Law,-1.760776144724265,No,Quality of Life,-1.606873677141625,-0.4099566594473684,Tier 4,Blue Card,Duolingo,0.44694044716663556,0
Germany,USA,Business,1.8007040763381261,No,Scholarship,1.5605920177703976,-0.8411389927399197,Schengen Student Visa,Work Permit,TOEFL,1.2257391551052568,1
UAE,Ireland,Business,1.8747696315541136,No,Quality of Life,1.5301824830135775,-0.2266185722147291,J1,PSW,IELTS,0.49641984080561297,1
Ireland,UAE,Arts,-0.7784565870638913,Yes,Job Opportunities,-0.7938990271467997,0.5090277004638362,Schengen Student Visa,OPT,TOEFL,1.1860904067057787,0
UAE,Finland,Medicine,0.013625821361754728,Yes,Political Stability,-0.013618003930727353,-1.6640387863978627,Tier 4,Blue Card,None,-2.4877501847682124,1
Ireland,Germany,Social Sciences,1.7321871664891433,Yes,Quality of Life,2.2914853208288766,1.4841879069061141,Tier 4,OPT,Duolingo,0.04334366093877319,1
Finland,USA,Arts,-0.8923016460902115,Yes,Job Opportunities,-0.6916063417501185,-0.4690386732286233,Schengen Student Visa,Work Permit,None,-0.23387691222602397,0
Germany,USA,Business,-1.804658941314192,Yes,Job Opportunities,-0.922655230887853,0.5809762578090856,F1,OPT,TOEFL,-2.4058298704146264,0
UAE,Finland,Business,-1.8840425453955332,Yes,Higher Ranking,-0.7764422633017242,2.1592243605508408,J1,Blue Card,None,-2.472396751873817,0
Canada,Germany,Social Sciences,0.8847627960725295,No,Job Opportunities,-0.0756451738912006,-0.1192893303333851,Student Visa,Post-Study Visa,TOEFL,0.9204542684375119,0
UK,Russia,Business,1.8581023000425476,No,Scholarship,2.3958652203774418,-2.126056790620339,Tier 4,Blue Card,PTE,1.3821709448046495,0
Finland,UAE,Social Sciences,0.9722087467074167,Yes,Political Stability,1.525961152527809,-0.5329404542352235,Tier 4,Work Permit,TOEFL,0.809079526536977,0
Finland,UK,Arts,0.03510928861828815,Yes,Political Stability,0.8625834087223765,-0.7262653205222133,J1,Post-Study Visa,IELTS,1.1156112146810908,1
Finland,Ireland,Computer Science,-1.8301007204319215,No,Political Stability,-0.7434355103196397,2.192805855552612,Schengen Student Visa,Blue Card,IELTS,0.060490820524587874,0
Russia,South Africa,Computer Science,0.04196524425122848,Yes,Scholarship,0.8191615558992189,-1.2990194669006763,F1,Work Permit,TOEFL,1.1908010201722372,0
Germany,South Africa,Business,-0.9147645425495102,Yes,Scholarship,-0.10167027247979524,-1.4282432763511588,Student Visa,Post-Study Visa,TOEFL,0.8850198445834166,0
Russia,Germany,Arts,-0.9717244955025564,No,Job Opportunities,-0.8822277661590523,0.5195807257699709,Schengen Student Visa,OPT,IELTS,0.595606093043234,0
UK,UAE,Arts,1.7676298610759809,No,Job Opportunities,1.4934020981627811,-1.8200944733297608,Schengen Student Visa,Work Permit,TOEFL,1.2833276257145538,0
South Africa,USA,Arts,-1.809029046199716,Yes,Job Opportunities,-1.5184625444684232,-0.41137240817111626,Study Permit,OPT,None,-2.509576505797886,0
UK,South Africa,Medicine,-0.9386884558701706,Yes,Job Opportunities,-1.5969040729069806,-1.3927944752517536,Study Permit,Work Permit,Duolingo,-0.05974447113964077,1
Finland,India,Arts,-0.05469416227477,No,Job Opportunities,-0.872579868616247,-2.0163627062039304,J1,Blue Card,Duolingo,-0.1013738941199325,0
Finland,Russia,Medicine,-0.9469315046730555,No,Scholarship,-1.505932263195673,-2.2585590167180314,Student Visa,Post-Study Visa,PTE,0.6066273145893737,1
USA,Ireland,Medicine,-0.9472062048677649,No,Quality of Life,-0.8116901624427177,2.2077403153264745,Schengen Student Visa,PSW,None,-2.505525859374245,1
India,UAE,Engineering,0.8867971438655258,No,Scholarship,0.7899262023616448,0.6034493293989069,Tier 4,Post-Study Visa,Duolingo,0.4415920198754238,1
India,India,Natural Sciences,1.8607306975603664,No,Quality of Life,2.3219698351380718,-0.16413680295145688,Study Permit,PSW,PTE,1.0141162289579695,0
Ireland,Russia,Business,1.775548054126463,No,Quality of Life,2.323268546859067,-0.6885330367825416,Student Visa,Work Permit,PTE,0.7306537446349054,1
UAE,USA,Medicine,-0.8407880169177644,No,Job Opportunities,-0.856195303062174,1.857358958839591,J1,Post-Study Visa,TOEFL,0.5447509091431272,0
UK,India,Medicine,-1.8910512339424994,Yes,Quality of Life,-1.5902586798056455,-1.685720586781093,J1,Blue Card,PTE,-0.22105339941043187,0
South Africa,Germany,Computer Science,-0.013373156216627581,No,Quality of Life,-0.8647183936462085,1.6198471165579236,F1,OPT,TOEFL,0.27194154858404335,1
UK,Russia,Arts,1.9054858778618062,Yes,Scholarship,0.763232842343262,1.8819385303368144,Schengen Student Visa,OPT,IELTS,-0.16262420716838755,1
India,UK,Arts,-1.8727564502757499,Yes,Political Stability,-0.83869229963039,0.9193882195009858,Schengen Student Visa,Blue Card,PTE,-0.3071517118933764,1
South Africa,UK,Arts,1.8616863190513975,Yes,Political Stability,1.488984832720076,1.9515959957563125,Schengen Student Visa,Blue Card,IELTS,0.47196456969200085,0
India,Ireland,Business,0.8347233394037357,Yes,Scholarship,0.9020286604134193,-0.8987934500237024,Tier 4,OPT,PTE,1.1586203285476413,1
Russia,India,Arts,-0.9900846489856564,No,Quality of Life,-0.7479398722166545,-1.9353157753280745,Student Visa,Work Permit,Duolingo,0.42338451849678577,0
UAE,Canada,Arts,-1.7796408458917747,No,Political Stability,-2.3329383489817914,-0.03953581773338644,Study Permit,Blue Card,IELTS,0.7764374960612731,0
UAE,Russia,Natural Sciences,-1.8947636364644513,No,Political Stability,-0.8806952370621196,-1.7118377248924823,Student Visa,Blue Card,IELTS,0.19279584885739137,1
India,Germany,Arts,0.9510140337380344,No,Job Opportunities,1.5400116554780907,-1.5536956592274933,J1,Blue Card,TOEFL,1.2024578076474595,1
Ireland,Germany,Business,1.8394492529208266,Yes,Scholarship,0.857536871908518,0.18870399740810206,Student Visa,Work Permit,None,-2.4692002246493123,0
UK,Ireland,Natural Sciences,0.8104359676430434,Yes,Quality of Life,1.5391563596696503,1.795704659467001,Schengen Student Visa,Post-Study Visa,None,-2.507509905618564,0
Canada,Germany,Arts,0.039544093437396274,Yes,Higher Ranking,-0.846336979154592,0.03290102266839815,Schengen Student Visa,OPT,PTE,-0.3114898438176277,1
Canada,UAE,Social Sciences,0.9146453753388806,Yes,Political Stability,-0.060178795508509214,0.9474519147592713,Student Visa,PSW,Duolingo,0.09629713725712448,0
UK,USA,Computer Science,-0.8735418408875093,Yes,Higher Ranking,-1.6543174938149474,-1.70303445227249,F1,PSW,None,-2.4703679042770004,1
India,Germany,Computer Science,1.8272280777994436,No,Job Opportunities,2.2575778430524873,0.8519705738684523,J1,Work Permit,None,-2.468516047571756,1
Germany,UK,Computer Science,1.871686445000136,No,Scholarship,2.3409302527750127,0.5781652930163688,Tier 4,Blue Card,None,-0.19652431906638668,0
Russia,UAE,Law,-1.782481148585324,Yes,Quality of Life,-2.3811606419408013,1.4100762932470154,J1,PSW,TOEFL,0.5005821036409109,0
Ireland,Russia,Computer Science,-1.832745207975097,No,Higher Ranking,-0.7075091189134346,1.9715796364631484,Schengen Student Visa,Work Permit,IELTS,0.8735168758872066,0
India,Germany,Law,-0.006731586654646111,Yes,Scholarship,-0.009074575453041796,-1.1649240228892592,Tier 4,Post-Study Visa,PTE,0.39124147898658745,0
UK,UAE,Natural Sciences,0.04396434157709416,No,Political Stability,0.7565950835429675,0.7643587320229234,Study Permit,Post-Study Visa,None,-2.4190801590550444,0
USA,Russia,Medicine,-1.820994130772098,Yes,Political Stability,-0.8244874072420233,-1.7233275824250835,Student Visa,PSW,PTE,-0.22302615232174036,0
India,Finland,Engineering,-0.007255246542878772,No,Higher Ranking,0.6931626285940321,-1.2529018171673443,Study Permit,Work Permit,Duolingo,0.8005715357316672,0
USA,UAE,Business,0.9714289096116197,No,Job Opportunities,-0.025661564446504425,-0.9598642613508862,Schengen Student Visa,Post-Study Visa,TOEFL,-0.17876493151919415,1
South Africa,Ireland,Computer Science,-1.8557475255515539,No,Scholarship,-0.7820907182582324,2.011835441130556,Study Permit,OPT,None,0.20850400158427082,1
Russia,UK,Social Sciences,-1.836787521050415,Yes,Political Stability,-1.5683904796899106,0.04266968653711116,F1,OPT,Duolingo,0.7310125460359795,1
Canada,UAE,Social Sciences,0.8763481622286176,No,Quality of Life,0.7577378572626718,-0.332505477047909,J1,PSW,None,-2.4811903110419333,1
USA,Germany,Business,-0.9560352591681727,No,Political Stability,-0.09423231099069361,0.3235496776085947,Tier 4,Post-Study Visa,PTE,1.2340066935624239,1
Finland,Russia,Natural Sciences,-0.9644246151065365,Yes,Quality of Life,-0.8460264719642779,-2.006068907107796,F1,Work Permit,None,-2.4919818940029352,0
Finland,South Africa,Engineering,-0.018454577506399488,Yes,Quality of Life,-0.7734345924798876,-0.6185822666236405,Study Permit,Work Permit,None,-2.55062173624835,0
UK,USA,Business,0.821886423844139,No,Scholarship,0.7930645026850737,0.4380613809482408,Student Visa,Work Permit,PTE,1.0542369282718926,1
Russia,UAE,Medicine,1.8052010363490758,Yes,Political Stability,2.3314504044631286,1.3692439902039162,Student Visa,OPT,None,1.464824260644367,1
Finland,Canada,Arts,-1.8428575499018058,Yes,Scholarship,-0.7811847241348739,-0.26944411190974055,F1,PSW,PTE,0.10633360568902786,0
USA,South Africa,Business,-1.8534642504677357,No,Job Opportunities,-2.364485465767669,0.26366401410499773,Schengen Student Visa,Blue Card,PTE,-0.011733647676412842,0
India,UK,Business,-1.8447064847124903,Yes,Quality of Life,-0.766236967381353,-0.15495301854468435,Study Permit,Post-Study Visa,PTE,-0.2735712955119664,0
Canada,Germany,Business,-0.9347797627281669,Yes,Scholarship,-1.6467339191653407,-0.5618661023640137,Tier 4,OPT,None,0.11024897386108945,0
Germany,India,Social Sciences,0.8735809005920487,No,Political Stability,0.6489714601099422,1.089161840950769,Student Visa,Work Permit,PTE,0.8841575955497255,0
South Africa,USA,Social Sciences,0.8203215384910127,No,Higher Ranking,1.5911853940584366,1.9285010184765592,F1,PSW,None,-2.430855205971003,1
Finland,Germany,Medicine,-1.7734795358349953,Yes,Higher Ranking,-2.341265629613934,1.8060233599582276,J1,OPT,None,0.7892123391716973,0
Germany,USA,Engineering,0.9126141166048254,No,Political Stability,0.7022014401140999,0.14474909386335194,Student Visa,Blue Card,TOEFL,0.9949860970413212,0
UK,India,Business,1.9082235863409236,Yes,Scholarship,2.265394637390363,-0.24103988914613156,Tier 4,Post-Study Visa,IELTS,1.106279180391411,0
Germany,Canada,Medicine,0.9468765013851458,No,Quality of Life,-0.04390405422844813,0.7108855535215833,Schengen Student Visa,OPT,TOEFL,0.12982427155364012,1
UAE,Russia,Natural Sciences,0.9316795474401975,Yes,Higher Ranking,0.02398182619754505,-1.3181457961697183,Student Visa,Blue Card,None,0.7049734192602412,1
USA,Germany,Computer Science,0.9621279341294958,No,Scholarship,-0.015534400375585886,-0.933071595134793,Tier 4,Work Permit,IELTS,0.2826125274386077,0
India,USA,Arts,-1.8818409047093176,Yes,Political Stability,-1.625822794387892,1.3249879861394607,Study Permit,Work Permit,PTE,-2.3930507931901417,1
India,Germany,Social Sciences,-1.7956534067446894,Yes,Political Stability,-0.8401355277546594,-1.83745955018025,Tier 4,PSW,IELTS,1.038106736315004,1
Finland,India,Arts,-0.9468107635567586,No,Political Stability,0.07368801193518598,0.2315072287727117,Schengen Student Visa,OPT,PTE,0.53462137155574,1
Ireland,Canada,Law,1.852362776196999,Yes,Job Opportunities,2.3920242706732955,-1.0897449348154258,Tier 4,Blue Card,Duolingo,0.8577052884301533,0
South Africa,Germany,Law,-1.8210431837684817,No,Quality of Life,-0.87260478184348,-0.1157297867268455,Student Visa,OPT,PTE,1.212889783181016,0
South Africa,Canada,Engineering,0.8017718300548033,Yes,Political Stability,0.7123527880332907,0.7278210628091493,J1,PSW,None,-2.499734972230983,0
Canada,India,Medicine,-0.9970047964770012,No,Scholarship,-0.7546358047421614,-1.054425829529714,Student Visa,OPT,IELTS,0.25839285821076363,1
UK,South Africa,Social Sciences,0.9523804330363108,No,Political Stability,-0.000924106356934299,2.097071353159282,Tier 4,OPT,None,-2.5306373922895005,1
Germany,Finland,Medicine,1.7202916392967276,Yes,Higher Ranking,2.3162265235879795,0.5141021494858478,Tier 4,Blue Card,None,0.19618976281171124,1
India,India,Arts,-1.0158812715925312,Yes,Quality of Life,-1.6537203536896248,0.832635766043802,Tier 4,Work Permit,None,1.332613981757027,1
Ireland,South Africa,Law,-0.8846962516285608,No,Job Opportunities,-1.614338392972257,-0.2025470055599069,J1,Work Permit,None,-2.499881339512093,0
Germany,South Africa,Social Sciences,-1.9055479839635414,Yes,Quality of Life,-0.88834951239034,0.5687743117505147,Tier 4,OPT,PTE,0.2116835711872494,0
Ireland,South Africa,Computer Science,1.8397910093723882,No,Higher Ranking,0.8215281315604162,-0.5240690901286826,Schengen Student Visa,OPT,Duolingo,0.7719212359525994,1
USA,India,Law,-0.9978030306639306,No,Quality of Life,-1.5247587656872654,-1.6005840631549462,Tier 4,Blue Card,IELTS,0.6010607873373998,0
India,Finland,Business,0.015125086620750556,Yes,Political Stability,0.7641155882600591,-0.7337388520561281,Tier 4,Blue Card,None,-2.5039086250178633,0
Germany,Russia,Engineering,0.8656139314641447,Yes,Scholarship,-0.02129423144448296,1.9813164463592094,Study Permit,PSW,Duolingo,0.4307588392943934,1
Ireland,UK,Social Sciences,0.9282007368181605,No,Higher Ranking,0.7938234355914042,-2.2461115615763454,Student Visa,OPT,PTE,0.7334292765230825,1
Ireland,Russia,Natural Sciences,0.8187820869426093,Yes,Political Stability,-0.04720916406732463,-0.9084815276119461,Student Visa,Blue Card,IELTS,1.2328973772305463,1
Finland,Russia,Engineering,1.8472905340270596,No,Job Opportunities,2.3463712495099616,1.9640540228072159,Student Visa,Work Permit,TOEFL,1.0520387584675106,0
UAE,UK,Business,1.885998743807361,No,Job Opportunities,0.8226104540553352,1.2638690658077758,Tier 4,Work Permit,Duolingo,1.0631742720419837,1
Canada,India,Law,0.9240461934580304,Yes,Job Opportunities,1.576970428106625,-0.08283036934263557,F1,OPT,TOEFL,-2.46578079861502,1
Canada,Germany,Natural Sciences,1.9100955324075564,Yes,Job Opportunities,2.414025496546964,-1.5769795098592632,Tier 4,Blue Card,PTE,-0.10575029446942028,1
Russia,Ireland,Medicine,0.7471514008637754,Yes,Scholarship,-0.08844066871135314,-0.3099515151734027,Student Visa,Post-Study Visa,PTE,-0.02841132982558526,0
UK,Ireland,Natural Sciences,0.943680656293449,Yes,Higher Ranking,0.7120164536921938,1.0615980781196912,Tier 4,Work Permit,PTE,1.486850996133218,1
Germany,UAE,Natural Sciences,-1.8130779746317933,Yes,Higher Ranking,-0.7386027822127974,-1.4322669184035663,J1,Post-Study Visa,TOEFL,-0.1277916072032094,1
Canada,UAE,Medicine,0.8493930957645185,No,Job Opportunities,1.563375971421063,-1.1754938653289926,J1,Post-Study Visa,None,-2.443095864175988,1
Finland,Germany,Medicine,-0.9822215434519004,No,Quality of Life,-1.6853534383210573,1.1924852620114204,Schengen Student Visa,Blue Card,None,-2.458675599140856,0
Germany,UAE,Law,-0.9903628004675086,No,Scholarship,-1.580107214611383,-0.3950001270489062,Study Permit,Post-Study Visa,PTE,1.3259506383244322,0
Canada,India,Engineering,-0.9015787009827835,No,Scholarship,0.06468508247367301,0.9379363120732696,Tier 4,Work Permit,IELTS,0.4992361172196039,1
Russia,Canada,Law,0.8441912821395946,Yes,Higher Ranking,0.8194678612810311,0.7819910217996795,Study Permit,Blue Card,None,0.0036073014677090037,0
UK,UK,Social Sciences,1.0082663287555182,Yes,Political Stability,1.5805784583694718,-1.9905759221392603,Student Visa,Work Permit,IELTS,-0.12305813420817184,0
South Africa,Ireland,Business,-0.015363744653733963,No,Political Stability,-0.7412185621260927,1.7848771122666962,Student Visa,OPT,TOEFL,1.3060061240463678,0
Finland,USA,Natural Sciences,-0.9965912775945827,No,Job Opportunities,0.04171028219046717,0.33652902883697233,Schengen Student Visa,OPT,Duolingo,0.26377100412148746,1
Finland,USA,Computer Science,1.7713398322126503,Yes,Higher Ranking,1.5804240092494233,-0.42560296958589294,Schengen Student Visa,PSW,Duolingo,-2.5085098819475418,0
Germany,South Africa,Engineering,0.8731154814983813,Yes,Job Opportunities,1.4433951763051271,-1.3065201365934591,Tier 4,PSW,IELTS,-2.554601151653313,1
USA,USA,Natural Sciences,-0.9989730561038334,No,Job Opportunities,-1.6238640223961143,-0.5686593458439754,Tier 4,OPT,Duolingo,0.0939353518197481,1
Ireland,India,Social Sciences,1.8404062830105337,Yes,Scholarship,2.391593842726543,1.5023642434393298,F1,PSW,Duolingo,0.9468412398664773,0
Canada,Finland,Natural Sciences,1.749718642371114,No,Scholarship,1.5185044436331288,-1.901591718566284,Study Permit,OPT,None,-2.5131464557023726,0
Germany,UAE,Medicine,0.9537752897546794,No,Higher Ranking,0.730144428302334,1.7702767508886141,J1,Blue Card,PTE,0.02420219993851712,0
Finland,South Africa,Law,1.9021158343802937,No,Scholarship,2.2752986164467757,-0.058750960110668264,Schengen Student Visa,Blue Card,None,-2.394945590253303,1
South Africa,USA,Business,-0.8909252727194353,No,Job Opportunities,-0.8014357162185086,0.3873954746754115,Student Visa,PSW,PTE,-0.18154041227894419,1
Finland,South Africa,Business,0.02329380856098103,Yes,Scholarship,-0.7402295627923245,-0.6269660914746371,F1,Post-Study Visa,TOEFL,-0.02112678499790309,0
Ireland,Germany,Law,-0.8123997506901812,Yes,Quality of Life,-0.7945279414877398,-1.9999932831759628,J1,Blue Card,None,-2.3836378250271206,0
Germany,Canada,Medicine,1.776408814994573,No,Scholarship,1.4942476790417605,-1.5721487472916431,F1,Post-Study Visa,IELTS,1.4099282055643516,0
UK,Germany,Law,1.8323012050445406,Yes,Job Opportunities,0.836224686344833,-1.9777789171756037,Schengen Student Visa,Work Permit,PTE,1.0030060825532083,1
UAE,South Africa,Natural Sciences,0.031825648817457045,No,Quality of Life,-0.7473648673649704,1.7583013274335717,Student Visa,Work Permit,Duolingo,0.2846976894293093,0
Russia,UAE,Arts,0.8656812769273847,Yes,Quality of Life,0.7634331785201302,0.2910969705178131,Study Permit,Blue Card,None,0.5568873213769416,1
USA,Ireland,Arts,0.8758715748405385,No,Political Stability,-0.06798865598368127,-0.832133056295042,Tier 4,PSW,Duolingo,1.405946765330305,0
India,USA,Law,-0.059152740720120243,No,Scholarship,-0.03641054371936747,1.537649814121351,Study Permit,Post-Study Visa,None,1.2417335447553364,0
Germany,Ireland,Computer Science,1.8807813277737342,No,Scholarship,2.360316333065131,1.6051315403404194,J1,Blue Card,None,-2.375735738307499,1
South Africa,South Africa,Social Sciences,-1.8135668897671864,Yes,Scholarship,-2.3775887349849594,0.3568551681772616,Tier 4,OPT,TOEFL,0.37841892294658097,0
USA,UK,Business,0.9124201613870574,No,Job Opportunities,0.8154788619916649,1.3434314600001018,Student Visa,Post-Study Visa,PTE,0.16474325176568716,1
South Africa,Germany,Law,-1.8194362722193589,Yes,Scholarship,-0.8098250136601903,-1.625346292578754,F1,OPT,Duolingo,0.07476587448962316,1
Finland,UK,Business,-1.9236030153038317,Yes,Political Stability,-1.6167347316901526,0.8399950798810846,J1,Blue Card,None,-2.5238408298171757,1
Canada,UAE,Computer Science,0.8761059090911837,Yes,Higher Ranking,1.535619358897062,-0.016314323154287175,Student Visa,Work Permit,Duolingo,-2.4926658616775024,0
UK,Russia,Social Sciences,-0.9293123322392193,Yes,Political Stability,-1.5988441099189021,2.2539931215015745,Tier 4,PSW,TOEFL,0.5157059029787909,1
Finland,South Africa,Business,0.8883682326375997,Yes,Higher Ranking,0.7204064808477223,-2.148699804562267,Tier 4,Work Permit,None,-2.4434473929633254,1
Ireland,Finland,Social Sciences,0.982419307314278,Yes,Quality of Life,0.8213587017584077,2.177740197852635,J1,OPT,PTE,1.341744149068827,1
Ireland,Canada,Engineering,-1.7970171655516476,No,Political Stability,-1.532312893746608,0.026618203349489243,J1,Post-Study Visa,PTE,-2.486621970965872,1
USA,Germany,Medicine,-0.010544866561539482,Yes,Higher Ranking,-0.04439256284586639,-1.859197560710247,Study Permit,Work Permit,IELTS,0.9163057080008332,0
Canada,UAE,Engineering,0.9004327443267645,Yes,Quality of Life,-0.026166044994533157,-1.9183826082890663,F1,Post-Study Visa,IELTS,0.8507410941770015,1
India,UAE,Computer Science,-0.9361877420502275,Yes,Higher Ranking,-0.02762097875396948,0.9999321074533027,J1,Blue Card,IELTS,0.35556939969480195,0
Finland,Canada,Medicine,1.7817322389644183,Yes,Job Opportunities,1.5713315166731021,-1.3166103008633747,J1,OPT,TOEFL,-2.552274509771648,0
UK,India,Social Sciences,0.8345871886188992,Yes,Political Stability,1.515440055581957,-0.6399558181570999,F1,PSW,None,-2.4648230921627627,1
UAE,USA,Law,0.0028060136327781645,No,Job Opportunities,-0.7727634008912079,-0.20558719959091626,Student Visa,PSW,PTE,1.2453307771335045,0
Ireland,Canada,Business,1.8299955876524576,No,Job Opportunities,1.5112201424576324,-0.30636305287387205,F1,OPT,TOEFL,1.119731097391025,1
Finland,UAE,Computer Science,1.8561770873277452,Yes,Political Stability,2.3915862960710226,-1.7284885655104678,F1,Work Permit,IELTS,0.05304471940993456,1
Germany,Russia,Natural Sciences,1.8418261429677467,Yes,Political Stability,1.6400998028181275,0.5052835294630086,J1,OPT,None,-2.450198681108089,0
UAE,South Africa,Business,-1.8141653830562452,Yes,Job Opportunities,-1.5315557046057096,-0.5862088281057783,Schengen Student Visa,Work Permit,None,-2.4894021194107716,1
UAE,India,Natural Sciences,1.7729416280693928,No,Political Stability,1.5299730298176948,0.5502030909576751,Study Permit,Post-Study Visa,IELTS,0.565784709351858,0
UAE,UAE,Engineering,1.8875335898593575,Yes,Job Opportunities,2.331225339958761,-1.87402122864168,Tier 4,Blue Card,PTE,-0.26719776312006804,1
UK,Ireland,Social Sciences,1.7650732733543784,Yes,Higher Ranking,2.3161667074696175,-0.8633631981665147,Study Permit,PSW,PTE,1.4481198058058684,0
Finland,USA,Engineering,-1.8513812364578532,No,Political Stability,-0.8240936484774121,1.6932881211502688,Schengen Student Visa,OPT,TOEFL,-2.5488834584946853,1
Germany,Russia,Social Sciences,1.8705258888884817,No,Higher Ranking,2.279151497846723,1.41338299826461,Study Permit,OPT,TOEFL,1.5131942086367687,0
UK,South Africa,Computer Science,0.8921038011147395,Yes,Higher Ranking,-0.013686567284526704,1.6503738696844779,F1,OPT,Duolingo,1.1318865094150696,1
Canada,Germany,Natural Sciences,1.8415250502750773,No,Scholarship,0.8429523710851798,-0.9382892004068679,Study Permit,PSW,TOEFL,0.2722463922824071,1
Russia,South Africa,Natural Sciences,0.8668616681745799,No,Political Stability,0.825160285636183,-2.2236450438731907,J1,OPT,IELTS,-0.3053273429669474,0
South Africa,Finland,Medicine,-0.8768439717156117,No,Higher Ranking,-1.5668093237238905,-0.43583653390236543,F1,PSW,IELTS,1.0575973784145063,0
Canada,USA,Law,1.877913949194155,No,Higher Ranking,2.286988115267033,1.8720451329697099,Study Permit,Blue Card,PTE,-2.4226693221720517,1
Finland,UAE,Business,-0.9475970802690478,Yes,Political Stability,-0.009630802551382569,-1.7237565049218249,Schengen Student Visa,OPT,Duolingo,0.11140945068178501,0
USA,UK,Computer Science,0.9688382945503212,No,Quality of Life,0.7401272152601251,-2.059499082477344,F1,Post-Study Visa,IELTS,0.435532927402826,0
South Africa,India,Computer Science,1.768911114019192,Yes,Scholarship,0.7780824481681655,1.4970558745191118,J1,Blue Card,TOEFL,0.32132745892739834,0
Russia,USA,Law,-1.8212393299038314,Yes,Job Opportunities,-2.4270434661038855,-1.3574212687058083,Study Permit,Post-Study Visa,Duolingo,1.34901467159951,0
Germany,Ireland,Computer Science,1.778865338573981,Yes,Job Opportunities,2.2849349419973355,-0.47372927740822646,J1,Work Permit,IELTS,-2.4976485785044735,1
South Africa,Russia,Medicine,0.04871088588884757,Yes,Political Stability,-0.6635713644420993,-1.9527621189303508,Tier 4,Work Permit,IELTS,1.377946229463932,0
India,UAE,Arts,-0.9427556798039003,No,Quality of Life,0.013062644237817344,-0.27389819673753196,Tier 4,OPT,Duolingo,0.6707230080923533,0
India,Canada,Natural Sciences,-0.9433292752278299,Yes,Higher Ranking,-0.8305436402858899,-2.168346533018654,Tier 4,Blue Card,PTE,0.3529843436153734,0
South Africa,UK,Law,-0.9768002758326361,No,Political Stability,-0.03221780479874085,-0.5052341179334808,F1,Post-Study Visa,None,-2.4366982373446655,0
Canada,South Africa,Engineering,-0.029175711756303492,Yes,Political Stability,0.705656254381652,-2.2286134913985665,Study Permit,Blue Card,PTE,0.3896497887541227,1
Ireland,UK,Natural Sciences,1.8532176379340795,Yes,Scholarship,2.3209402056000465,2.1732342208801074,Student Visa,OPT,TOEFL,-0.22951797441317287,0
South Africa,Russia,Medicine,-0.9527540668094934,No,Quality of Life,0.01994961757507702,-1.071195887963811,Tier 4,OPT,PTE,0.1392864001124992,0
UAE,India,Computer Science,0.8932344137395634,No,Higher Ranking,0.8361158852989302,1.8271431048912714,Study Permit,Blue Card,Duolingo,0.43544994975167695,0
UAE,Russia,Natural Sciences,-0.9155639901483037,No,Quality of Life,-1.6045647439302606,0.3629063084551769,Study Permit,OPT,IELTS,1.2948942682532572,0
South Africa,India,Engineering,-1.923977900868094,No,Quality of Life,-0.8713821585892784,-0.04559615436157528,F1,PSW,PTE,0.7510196394307889,0
UAE,Ireland,Engineering,0.8809993525887213,Yes,Quality of Life,1.5973441522903407,-0.935487143617283,Schengen Student Visa,Blue Card,PTE,0.5576261264276355,1
USA,India,Engineering,-0.941609120971451,No,Scholarship,-0.8006548237434239,1.494377460078497,Study Permit,OPT,Duolingo,0.606937235981346,1
Canada,USA,Medicine,0.993067551864082,No,Quality of Life,0.6837069688799833,0.8924296927880668,Study Permit,OPT,None,-2.433148358598331,1
UAE,Ireland,Medicine,-0.9000584513573209,Yes,Political Stability,-0.10591667273918381,2.2205078679056016,F1,Blue Card,Duolingo,-2.5281961778653175,1
South Africa,Russia,Computer Science,-0.8368080013523544,No,Job Opportunities,-0.9091676637448125,0.9783908097887104,J1,OPT,TOEFL,0.004311769927851525,0
UAE,Germany,Law,-0.9271426125720941,Yes,Job Opportunities,-1.5921918397440014,-0.527179121812543,Schengen Student Visa,PSW,TOEFL,-2.4011441091829027,0
India,Finland,Business,0.982073384327878,Yes,Quality of Life,0.74734697446344,-1.3477212815975201,Study Permit,Blue Card,IELTS,0.33000118863968586,1
USA,Ireland,Medicine,0.08801732048004736,No,Scholarship,0.029760167382079757,0.4290151511688737,Student Visa,Blue Card,Duolingo,0.8085324075768652,1
India,South Africa,Medicine,0.8964654121657517,Yes,Higher Ranking,1.555577071088027,-1.4153469187818264,F1,OPT,PTE,-0.015100195765233124,0
UK,Germany,Medicine,-1.866465562163593,No,Quality of Life,-2.3468835877012397,-0.05382895017774728,Tier 4,PSW,PTE,1.2825998067321824,1
Canada,USA,Arts,-0.019244442463906584,No,Scholarship,-0.07174359177797322,-1.1787185046783581,Schengen Student Visa,Blue Card,TOEFL,-0.048337676885753564,0
Germany,UAE,Business,-1.884621718251797,Yes,Quality of Life,-2.29717565326332,-0.7857066759242735,Schengen Student Visa,Post-Study Visa,TOEFL,0.9434614381409475,1
Ireland,Germany,Medicine,-1.852240376413132,Yes,Job Opportunities,-0.7694948856752079,-1.9887189344397842,Student Visa,PSW,PTE,0.841150347389295,0
Finland,India,Engineering,-0.07225986889839059,No,Higher Ranking,0.7694739889669467,-1.7048062753283337,Schengen Student Visa,OPT,None,-2.43618033350823,1
Russia,UK,Arts,1.7875793495704702,No,Job Opportunities,0.7860122614404808,1.347837145772125,Tier 4,Blue Card,TOEFL,0.5515885768423929,1
Ireland,South Africa,Computer Science,0.9393125274461417,Yes,Higher Ranking,0.7436844275319069,-1.4665832175677889,Study Permit,Work Permit,Duolingo,0.6801823711932735,0
Ireland,UK,Engineering,1.8738916125221508,No,Higher Ranking,0.8062204416038157,1.4843298280065098,Tier 4,Blue Card,TOEFL,0.6724945819907497,1
Canada,Finland,Law,0.7560762905245505,No,Job Opportunities,1.5515042623517439,-2.040161599483295,Tier 4,OPT,Duolingo,1.1150493752862465,1
Finland,South Africa,Law,-0.15298455448532874,Yes,Quality of Life,-0.017283549112025235,1.125982677187255,Study Permit,Post-Study Visa,IELTS,-2.3846300557978815,0
Canada,India,Computer Science,0.06295065817859329,No,Political Stability,0.7474939090006847,2.1381817643269088,Tier 4,OPT,Duolingo,0.23694160825998212,0
Ireland,Ireland,Law,-1.7847869190819445,Yes,Job Opportunities,-2.4077307412616062,-1.0411972639082987,F1,Blue Card,IELTS,0.06938234098782178,1
Ireland,India,Computer Science,1.8187251002056601,Yes,Higher Ranking,2.338513803858771,-1.7407622411559878,F1,Work Permit,None,-2.51102934197889,1
Russia,Russia,Engineering,-0.8957794946624911,No,Higher Ranking,-0.8024001643016156,-0.04691057875144846,Schengen Student Visa,Work Permit,None,-2.4823058603487516,0
USA,Finland,Arts,-0.9399187896753112,Yes,Scholarship,-0.8662147495384772,1.3404132661002617,Study Permit,OPT,Duolingo,1.2417293289830613,0
India,Canada,Engineering,-0.031098700443099203,Yes,Scholarship,0.7087713450246393,-0.15772695307830042,Student Visa,OPT,TOEFL,0.6176320662777616,1
UK,UAE,Natural Sciences,0.8783661852814988,Yes,Job Opportunities,-0.13258266299864557,1.059254296180024,Student Visa,PSW,PTE,1.341069849203015,1
Germany,South Africa,Engineering,0.900343447810972,Yes,Job Opportunities,1.571570240667834,-1.8181313329675877,Student Visa,Blue Card,TOEFL,0.5079069328701362,1
USA,UAE,Social Sciences,-1.8901848160281571,No,Job Opportunities,-1.5998284629378248,1.4609859271577306,J1,Blue Card,IELTS,0.9558427705384366,1
Ireland,Germany,Engineering,-0.9985970153385962,Yes,Higher Ranking,-0.7653216604152671,-1.3785010888350433,Schengen Student Visa,OPT,None,-2.4939380664590614,0
Canada,Ireland,Computer Science,1.8103144418026198,No,Job Opportunities,0.7942035196594186,-2.245141654312053,Study Permit,PSW,Duolingo,0.7854861460896663,1
Germany,India,Social Sciences,1.795181032726244,No,Scholarship,0.7329541272225562,-0.6756328881603672,Schengen Student Visa,Post-Study Visa,TOEFL,0.757067481964664,0
Germany,UK,Business,0.9184138448532795,No,Political Stability,-0.026696680698876492,0.19055944381157222,Schengen Student Visa,Post-Study Visa,IELTS,0.06919547835204892,0
Canada,Ireland,Law,1.8384694048698034,No,Higher Ranking,1.6571740711367822,-0.4532302925062037,Schengen Student Visa,PSW,IELTS,1.2047537769496999,1
USA,Finland,Natural Sciences,1.8170915042809748,No,Higher Ranking,2.3077704619507178,-0.4164352702102366,F1,Blue Card,TOEFL,0.8839890721811386,0
India,UAE,Social Sciences,-0.9542336693906778,No,Political Stability,0.01234748510278813,0.07535479335687613,Tier 4,OPT,TOEFL,1.497721655303718,1
South Africa,Canada,Engineering,0.9506926938302509,No,Job Opportunities,1.577940750522508,0.5844628551746526,Tier 4,Blue Card,None,-2.4522022538832013,0
India,UK,Business,0.06276368976429066,No,Scholarship,-0.036661832234715336,-1.0041443036605184,Schengen Student Visa,OPT,TOEFL,0.7288409577493569,0
Russia,Canada,Law,-0.0629536561892054,Yes,Job Opportunities,0.7402960877355721,-2.14050067568703,F1,Post-Study Visa,Duolingo,-2.4896530412115387,0
India,Canada,Natural Sciences,-1.8773763179039031,No,Political Stability,-0.8564970410475599,0.04153623460509743,Study Permit,PSW,PTE,1.0039290370328753,1
South Africa,USA,Natural Sciences,0.9164127585123079,Yes,Higher Ranking,-0.010944793509240266,-1.0840969729739565,Student Visa,Post-Study Visa,TOEFL,-0.1397605959019908,1
India,Germany,Law,-0.8621921312660086,No,Quality of Life,-0.0319776355588215,-0.6020189049838132,Study Permit,Blue Card,IELTS,0.08117560022007422,1
Ireland,India,Medicine,1.7981441180107536,No,Quality of Life,1.5072361286770168,-0.8542052641999783,Tier 4,OPT,None,-2.4078352034311092,0
India,UK,Arts,1.8170963233150257,Yes,Job Opportunities,0.8057060483927723,1.1591657013507661,Tier 4,Blue Card,IELTS,0.9999774243397739,0
Ireland,USA,Social Sciences,-0.9769097542052705,No,Quality of Life,-1.6150237465475932,-0.31428100299651296,J1,Work Permit,TOEFL,0.5118914030675089,1
USA,India,Law,1.8371058289677709,No,Quality of Life,1.5156942059374596,-1.6579079557449354,Study Permit,OPT,None,-2.505065300935831,1
Russia,South Africa,Computer Science,-1.8187634151956664,Yes,Higher Ranking,-1.6037316500503946,0.4108141512949681,Tier 4,Work Permit,Duolingo,1.1521411386048077,0
Ireland,Russia,Engineering,-1.8712528189254027,Yes,Political Stability,-1.671544432429931,-1.1275802978115723,Tier 4,Blue Card,None,1.1922957804083483,1
UAE,Germany,Computer Science,-1.8445251509561749,Yes,Quality of Life,-2.3436989632514744,1.6240721679598529,Tier 4,Post-Study Visa,Duolingo,0.4481880907277216,0
Russia,South Africa,Medicine,-1.8935013464840815,No,Political Stability,-2.4476285277549996,-0.5554001280433746,J1,OPT,PTE,1.2624179509949542,0
South Africa,India,Computer Science,-1.8643690611396038,Yes,Scholarship,-0.8127715540584906,0.5213129128310319,Study Permit,Work Permit,PTE,-0.23687870319427462,1
UAE,India,Engineering,0.8231788783471019,Yes,Higher Ranking,1.535265258908046,2.168805588715353,Study Permit,Work Permit,Duolingo,0.7480369825154072,0
South Africa,Russia,Law,-0.8908365913245603,No,Political Stability,-0.7763593978620794,-0.15007346830696355,Study Permit,Blue Card,PTE,0.4846996430664477,1
UAE,USA,Social Sciences,1.7208932800419905,No,Higher Ranking,0.7507422512790319,-1.5987248651698032,J1,PSW,PTE,0.7361755758179711,0
India,Ireland,Business,-1.8851132409854434,Yes,Scholarship,-2.3623123537903616,-0.7736608257553113,Schengen Student Visa,OPT,None,-2.518629543743239,1
India,Canada,Business,-1.8824802092900657,No,Higher Ranking,-0.7803695844775209,-1.0777064231080609,Tier 4,Blue Card,TOEFL,0.0678747432376082,0
India,Finland,Law,1.838613150493895,Yes,Higher Ranking,0.7737360308580169,0.1409984760843372,Tier 4,Post-Study Visa,IELTS,-0.20482625571218355,0
South Africa,Ireland,Computer Science,1.7864074455275005,Yes,Higher Ranking,1.5426039977436516,0.4118516575577641,J1,Post-Study Visa,Duolingo,-0.07725620256113379,0
Canada,USA,Social Sciences,-0.9594146195379704,No,Quality of Life,-0.036257827914064206,-2.117019009744108,F1,Blue Card,IELTS,0.3872627638443816,0
India,USA,Law,1.8410727309583292,No,Job Opportunities,2.2618402399954496,1.232768444228626,Schengen Student Visa,Blue Card,Duolingo,0.6705120667042499,0
Canada,Ireland,Engineering,0.8832591458857818,Yes,Quality of Life,0.8068373488418933,1.8259730019329783,Student Visa,PSW,IELTS,-2.394110079950167,1
South Africa,UK,Arts,1.0310719568837925,No,Quality of Life,0.01319003758266846,0.6710442470071822,Schengen Student Visa,Blue Card,Duolingo,0.8073038120868058,0
Ireland,UK,Business,1.804100064634432,No,Higher Ranking,1.6012773900444994,-1.8444939035795902,Tier 4,Post-Study Visa,PTE,-0.24959934772990117,1
Ireland,UK,Natural Sciences,-0.8773646820625919,Yes,Job Opportunities,-1.606823976237936,2.1432170024629227,Tier 4,Work Permit,None,-2.4428019395515355,0
Ireland,Canada,Social Sciences,1.7953884918225769,Yes,Quality of Life,0.8763870849055334,0.9146856614400545,Student Visa,Blue Card,PTE,0.04858289283400734,1
Canada,UAE,Medicine,-1.8384983627738958,Yes,Higher Ranking,-0.7987422762880053,1.9361576259644053,Study Permit,Blue Card,TOEFL,0.2609600161957424,0
USA,India,Natural Sciences,0.9102862122296038,No,Scholarship,0.6922164265202474,-0.20454087795203676,Tier 4,Post-Study Visa,TOEFL,-2.502727650726478,0
USA,Canada,Social Sciences,0.8842687288689919,No,Job Opportunities,0.7446398092846133,-0.31450521912987306,F1,Post-Study Visa,PTE,0.2818146651224839,1
South Africa,India,Social Sciences,1.8433384324467084,Yes,Job Opportunities,0.8073543919394374,2.2184668133732877,Tier 4,Work Permit,TOEFL,0.7864741722034413,1
India,Ireland,Law,-0.018777936734260217,No,Job Opportunities,-0.04753353940429818,-2.1147265866514475,Student Visa,Work Permit,TOEFL,0.4347775001327355,1
Germany,India,Engineering,-0.9538654855358675,No,Quality of Life,-0.7421269960162663,-1.6548109221728344,Study Permit,Post-Study Visa,TOEFL,1.0118681679003747,0
South Africa,Germany,Natural Sciences,-0.9404491650659337,Yes,Higher Ranking,-0.8317804746471587,0.16741070721867068,F1,Post-Study Visa,None,0.6724294969451906,0
Ireland,UK,Engineering,-1.7965489419151515,No,Quality of Life,-1.6511044442780447,-0.35905680045117633,Schengen Student Visa,PSW,TOEFL,-0.007724589378476327,1
UAE,Russia,Law,-0.030542096268604595,Yes,Scholarship,-0.023319458622691917,0.9514406359742182,Student Visa,Blue Card,TOEFL,0.5732256809642055,0
Russia,Finland,Arts,-1.7182190341462145,No,Quality of Life,-0.7161421769182506,-1.4761643615602518,F1,Work Permit,Duolingo,0.523059576098693,0
Ireland,USA,Computer Science,-0.042663409221377076,No,Higher Ranking,0.7472257558380612,1.2114587373721517,Tier 4,OPT,None,-2.4961335802650475,1
USA,Ireland,Medicine,1.7042357613625754,No,Quality of Life,2.340676849848199,-0.4612679504519679,Study Permit,OPT,TOEFL,-0.29410851285609063,0
Germany,Germany,Engineering,-1.8305287251695266,No,Job Opportunities,-1.6007682981429607,1.9264490724506615,Schengen Student Visa,Post-Study Visa,PTE,0.04567636806149559,1
Ireland,UK,Business,1.8266742146793864,No,Job Opportunities,1.5812248300835277,0.1090528770430822,Student Visa,PSW,PTE,1.1344603134100186,1
UK,Ireland,Arts,0.9504933363731792,Yes,Quality of Life,-0.12772660210259273,0.9719693436308158,Student Visa,PSW,IELTS,0.7483871711127912,0
South Africa,India,Natural Sciences,-0.8852056483083639,Yes,Job Opportunities,-0.03738370589889378,0.19342427903714182,Student Visa,Work Permit,TOEFL,1.3842195579219119,1
Finland,Germany,Arts,-0.06222058377349571,Yes,Quality of Life,-0.9068982561705735,1.509668975900621,Schengen Student Visa,Work Permit,Duolingo,0.9037619579253399,0
USA,Germany,Engineering,1.8115861436388592,Yes,Scholarship,0.7247257101664315,1.1665817963003031,F1,Blue Card,PTE,0.3966960122258543,0
UK,India,Medicine,-0.008356701113088673,Yes,Political Stability,0.7908082809867703,1.6739916684647687,Student Visa,Work Permit,Duolingo,0.07836549857311358,1
India,Finland,Computer Science,-0.01391858541582581,Yes,Political Stability,-0.7672365491946412,-0.5706590732767141,Student Visa,OPT,TOEFL,0.6796554679735847,1
USA,Russia,Social Sciences,-0.8553681042421795,No,Higher Ranking,-1.592173367765527,-0.40926606916533737,Tier 4,Work Permit,TOEFL,1.3600546587124098,1
South Africa,Russia,Law,-0.004551848622170425,Yes,Scholarship,0.7763470581084969,-0.6662156440306752,Schengen Student Visa,Post-Study Visa,Duolingo,-0.1458101666826032,0
Ireland,USA,Arts,-0.9896085539038708,Yes,Quality of Life,-0.06101307068993103,0.8227300927071148,Schengen Student Visa,Post-Study Visa,None,0.8301520345850213,1
India,Finland,Natural Sciences,0.880493847108247,Yes,Job Opportunities,0.01571586295212109,0.0782679715577108,Tier 4,Post-Study Visa,TOEFL,0.33580483192355354,1
India,South Africa,Engineering,0.9530184515743245,No,Scholarship,0.736844503551386,1.9674686197857068,Tier 4,PSW,TOEFL,0.9276425128842993,1
Finland,India,Engineering,0.0451725589833698,No,Quality of Life,0.772381894730733,-1.9978318795770136,Student Visa,Post-Study Visa,None,0.6949475852014187,0
Germany,USA,Engineering,-1.841238855879516,No,Quality of Life,-0.8011657354889656,-0.12262682661834051,Tier 4,Work Permit,TOEFL,-0.04914076963510022,0
Ireland,USA,Natural Sciences,0.875271157011107,No,Job Opportunities,-0.06945273903780931,0.546761975331964,Tier 4,OPT,IELTS,0.7659453356649472,0
Finland,UAE,Law,0.04639207526197204,Yes,Job Opportunities,0.7102500114243289,-0.040106849239425195,Study Permit,PSW,Duolingo,0.7272632088917811,1
Russia,Finland,Computer Science,0.019482037459888163,No,Job Opportunities,-0.8298235053798255,1.8394081478353823,Tier 4,Post-Study Visa,TOEFL,0.48712572247683844,0
USA,Germany,Business,-0.09480258918587198,Yes,Quality of Life,-0.022296597164600987,-1.0412914475257535,F1,OPT,IELTS,1.312840776459967,1
USA,India,Computer Science,0.008458966969323368,No,Job Opportunities,-0.7857302785856075,-0.20630582365853462,F1,Post-Study Visa,None,0.43891094359360266,0
Ireland,Ireland,Engineering,-1.8358054906190528,Yes,Job Opportunities,-2.3330748442775433,1.1140870338837372,Student Visa,PSW,None,-2.467630034524281,0
Canada,USA,Business,-1.9290611785114606,Yes,Job Opportunities,-2.3592938328379685,-1.371608027979911,Schengen Student Visa,PSW,PTE,1.245088425977748,0
UK,USA,Natural Sciences,-0.09342219713670265,Yes,Scholarship,0.7321518455471719,-0.79110426177492,Study Permit,Post-Study Visa,PTE,0.4864694376671492,0
Russia,USA,Business,-1.8049325377282561,No,Higher Ranking,-1.4967917672189381,-1.2080449256702335,J1,OPT,IELTS,0.03975409279456278,1
Russia,USA,Medicine,0.861352619260035,Yes,Political Stability,-0.02901420497256159,-1.5401885392066712,J1,Post-Study Visa,PTE,1.2829195562721252,0
Ireland,Canada,Business,0.0448626791365045,Yes,Higher Ranking,-0.05550983608858996,1.3900015816817803,Tier 4,PSW,PTE,0.6025611771908486,0
Canada,Finland,Engineering,0.8635050268001873,No,Scholarship,0.72103299394867,1.000862687503775,Student Visa,Work Permit,Duolingo,1.0499525987305731,1
India,UK,Natural Sciences,-1.8101792830038075,Yes,Quality of Life,-1.5602604259510466,0.15104803038072495,J1,Blue Card,None,-2.4303084439413833,1
USA,Finland,Engineering,-0.002071978396344735,Yes,Quality of Life,0.03433669538518207,-0.13022739066158545,F1,Blue Card,PTE,0.9361971352162761,0
Russia,UK,Social Sciences,0.8899930347927866,No,Quality of Life,1.5325068447073968,1.0618404558030772,Study Permit,PSW,PTE,-0.22478242883830507,1
UAE,Finland,Arts,-1.8644033728714438,No,Quality of Life,-0.814041637242649,1.061016518846887,Schengen Student Visa,OPT,IELTS,0.2214347040862761,1
South Africa,India,Business,0.00896753851554385,Yes,Scholarship,-0.8085405098191869,-1.6552792675441321,Study Permit,OPT,PTE,0.4660658902051446,0
Finland,Finland,Computer Science,-1.7663418799611557,No,Political Stability,-0.847277187865825,1.4414154367864667,J1,Post-Study Visa,Duolingo,0.7146219878637681,1
Canada,UAE,Social Sciences,-0.8809388224619807,No,Job Opportunities,-1.5485650068185697,1.7613781485950404,Study Permit,Work Permit,Duolingo,1.408322291091349,0
Canada,UAE,Computer Science,0.022554703084700714,No,Political Stability,-0.7506551142187429,1.1267676276764924,F1,Work Permit,TOEFL,1.0921436590709626,1
Finland,UAE,Business,-1.8579277862516954,Yes,Job Opportunities,-1.5924625307257396,-0.046933839909639424,F1,Blue Card,Duolingo,-2.4693097261137944,0
UK,Ireland,Arts,1.821380843612837,Yes,Scholarship,1.607765152722902,-0.11406477426940942,Study Permit,Work Permit,Duolingo,0.7491650582594604,1
Ireland,Ireland,Arts,-0.9719055668884676,Yes,Scholarship,-1.5345874849869239,-0.7352697720724862,Student Visa,PSW,PTE,0.9907287926507667,1
India,Canada,Business,-1.9586745242451564,Yes,Scholarship,-2.393813477164851,-0.7734382845870513,J1,Blue Card,TOEFL,1.260904569702365,0
South Africa,UAE,Law,0.009317048590205166,Yes,Job Opportunities,0.7471495248091066,-0.06929665821485317,Tier 4,Work Permit,None,1.168606225631806,0
Ireland,UK,Medicine,-1.859709449493951,Yes,Job Opportunities,-0.8001902442841581,-1.7014843513283273,Student Visa,PSW,TOEFL,0.6841097394873563,1
Germany,USA,Natural Sciences,-0.02649967209093495,No,Political Stability,-0.7598531243841222,1.9363029184853948,Student Visa,PSW,Duolingo,1.1931287704268594,0
South Africa,India,Natural Sciences,0.07448826770762626,No,Scholarship,-0.014777722817350254,0.5024123414653671,Student Visa,Work Permit,IELTS,0.46892404799293275,0
UAE,UK,Natural Sciences,0.01683613324682552,No,Job Opportunities,-0.012453296651942489,0.5822003215337355,F1,Work Permit,None,-2.4338459088483617,1
Finland,Ireland,Law,-0.9900098147750961,Yes,Scholarship,-0.0011032349897231591,0.590817842319703,J1,Blue Card,None,-2.4679385627037176,0
Ireland,USA,Medicine,0.9090559310733258,Yes,Higher Ranking,-0.026074551003372692,0.4066211682869687,Student Visa,OPT,IELTS,1.4434080976217605,0
Finland,UAE,Arts,1.798629799714041,No,Higher Ranking,0.7965688180056325,-0.3763549976810726,Schengen Student Visa,OPT,None,-2.5199193623129674,1
Germany,Russia,Computer Science,-0.0178606319695326,Yes,Job Opportunities,-0.8211341739851433,-1.5963349673854028,Tier 4,PSW,PTE,-0.3349336724639994,1
Ireland,Germany,Arts,-0.12512029768701874,Yes,Quality of Life,0.027334238520625,0.584349206744523,Schengen Student Visa,OPT,Duolingo,0.9840841453605107,1
USA,UK,Business,-0.8824132925870332,Yes,Quality of Life,-1.5740906194175799,0.536688175297027,F1,Blue Card,TOEFL,0.9741441053284283,1
UAE,South Africa,Social Sciences,-0.1115597341469958,Yes,Higher Ranking,0.08923586136511451,-1.552544757960187,Student Visa,Post-Study Visa,Duolingo,1.0186279041624426,0
Germany,Ireland,Medicine,-0.9796207998779458,No,Job Opportunities,-0.0032239384580971756,1.8252035692456139,Student Visa,PSW,IELTS,0.8276029703739025,0
Ireland,Finland,Natural Sciences,0.8215890477401093,Yes,Scholarship,-0.008209725007612169,0.25750400128368867,F1,OPT,PTE,0.7393634075933331,1
Ireland,USA,Social Sciences,-0.9737686532398154,Yes,Political Stability,-0.07440534088810938,2.1600742074292287,Schengen Student Visa,Blue Card,PTE,1.1427279732016231,0
USA,Germany,Engineering,1.814920781317817,Yes,Political Stability,1.6541861354663432,-1.4690266763693436,J1,PSW,None,-2.569074468912743,0
Russia,Canada,Engineering,1.890427084373315,Yes,Quality of Life,2.4126507556871974,-2.08695623820122,Tier 4,OPT,None,-2.5241718999858325,1
Canada,South Africa,Medicine,-0.8975339122095328,Yes,Higher Ranking,-0.795673041301471,1.5716528385235091,J1,Post-Study Visa,TOEFL,0.3954543731249553,1
UAE,UAE,Natural Sciences,-0.910185055482753,No,Job Opportunities,-0.8200484992392708,1.29720560561057,J1,Blue Card,IELTS,1.4189003857223146,1
Finland,UK,Law,1.8152696730186595,No,Higher Ranking,0.7952107513449922,-0.27348113061259116,J1,OPT,None,-2.496414804610384,0
Germany,South Africa,Law,-1.882358107445448,Yes,Higher Ranking,-0.7824356774452503,-2.1968801663006827,Schengen Student Visa,Post-Study Visa,None,-2.4242552076050212,0
USA,Germany,Natural Sciences,-1.792844565747917,Yes,Quality of Life,-0.7197195235770004,1.7224159125865421,Student Visa,Work Permit,IELTS,0.7746455271217286,1
South Africa,India,Medicine,0.9069978480304208,Yes,Quality of Life,0.6910845719546211,2.299042647915865,Tier 4,PSW,TOEFL,0.7094229311505619,1
Canada,USA,Social Sciences,-1.8791808088752986,Yes,Quality of Life,-0.6826328951807232,1.5138506231130986,J1,Work Permit,PTE,0.05370455063082415,0
Canada,India,Medicine,-1.8051335565732696,No,Job Opportunities,-1.6158480804351907,2.049948012503036,J1,PSW,Duolingo,0.8664236466332464,1
Ireland,Finland,Law,1.8110715552236334,No,Higher Ranking,0.8039242876442196,-1.2606656495278081,Tier 4,Blue Card,PTE,0.4773148672527628,1
Finland,South Africa,Social Sciences,-1.8166234141946762,Yes,Higher Ranking,-0.8402082481822686,2.1446068484871863,Student Visa,OPT,IELTS,0.046198867566145774,1
Russia,Russia,Business,1.739339505420402,No,Quality of Life,0.7010424272942339,1.649900481553785,Tier 4,Blue Card,None,-2.5018495113562444,0
USA,Finland,Social Sciences,0.8954081975672075,No,Political Stability,0.7922316075569533,2.1358074919251737,F1,OPT,PTE,1.4466477383812704,0
USA,India,Computer Science,0.8972439536265995,Yes,Political Stability,1.6026349229592949,-0.11975886827724565,Study Permit,PSW,None,1.2037256261218032,0
Finland,USA,Law,1.8023311796307657,Yes,Political Stability,1.5188949322881136,2.064375813461887,Student Visa,OPT,Duolingo,-0.22903139191036714,1
Finland,USA,Business,-1.8425165553687468,Yes,Higher Ranking,-0.8225956236155454,2.240579878827708,F1,Blue Card,PTE,-2.479078327680366,1
UK,Germany,Law,-0.8726505473330972,Yes,Higher Ranking,-0.025632661549548415,-1.584452653576231,Tier 4,Blue Card,Duolingo,1.1549612320943408,1
South Africa,Ireland,Arts,-0.9647848983911644,Yes,Quality of Life,-1.5312036624281686,1.9952762282826348,Schengen Student Visa,Work Permit,TOEFL,0.051067551881950585,0
UK,Finland,Arts,-0.8938214197472674,Yes,Quality of Life,0.06153505368728486,0.2986255128323956,Tier 4,OPT,TOEFL,0.11529343526063757,1
India,Canada,Law,1.8196153358974252,Yes,Job Opportunities,2.262037358629559,-1.2696144588896108,Study Permit,Work Permit,Duolingo,0.2623209090259031,0
Russia,UAE,Natural Sciences,-1.8648504565393789,Yes,Political Stability,-0.7398162161103703,-0.17572958699681257,Tier 4,Post-Study Visa,TOEFL,0.9568416429896006,1
UK,Germany,Engineering,-0.009721395658035863,No,Job Opportunities,0.7817304072801252,1.8628513179370394,Study Permit,Post-Study Visa,TOEFL,0.03945634242988747,0
Ireland,South Africa,Law,-1.849154493519171,Yes,Scholarship,-0.7720274304306646,-1.6806961268872282,Study Permit,Post-Study Visa,TOEFL,-0.23574749516547588,0
Germany,Russia,Social Sciences,-0.046075487500738026,Yes,Political Stability,-0.7926481200329143,-0.061695684410459584,Student Visa,PSW,PTE,0.9262822785128118,0
UK,South Africa,Law,1.8292751106147396,Yes,Job Opportunities,1.566612971455432,0.1651604916400112,Schengen Student Visa,PSW,PTE,0.7869173935951899,1
South Africa,UK,Arts,-0.9608327535285297,Yes,Higher Ranking,0.0018316454092882246,1.9769795184527164,F1,OPT,TOEFL,1.4029750762585753,1
Canada,India,Law,1.7975731518171372,No,Job Opportunities,1.4299795561434432,1.9464657279430246,F1,Work Permit,PTE,0.8453359795764981,1
USA,UAE,Social Sciences,0.9622897947630235,No,Quality of Life,1.5908989784576675,-2.173753943090552,Schengen Student Visa,OPT,TOEFL,0.04951696606457485,1
UK,Canada,Engineering,1.8103977552980428,No,Quality of Life,2.2679765357596025,-0.2558147893060467,Student Visa,Blue Card,PTE,0.35126229932624087,0
USA,Russia,Natural Sciences,-1.9177192699485588,Yes,Quality of Life,-2.391790746049448,0.32789475450389666,Study Permit,PSW,IELTS,-0.08503629786124815,1
Germany,USA,Law,-1.8550119234576585,No,Political Stability,-2.3979009646431964,-0.8648898252299942,Schengen Student Visa,Work Permit,PTE,1.2188862377019871,1
Canada,Russia,Natural Sciences,0.9314916842273169,Yes,Scholarship,0.7508256807739399,-1.254048863415104,Schengen Student Visa,OPT,None,-2.3595524608660505,1
Finland,UK,Engineering,-1.9052295215549038,Yes,Higher Ranking,-0.8436455795784162,1.2660206240328171,Tier 4,Blue Card,Duolingo,1.0022919871090912,0
Canada,Germany,Law,-1.8681710799904283,No,Job Opportunities,-2.299370524711374,1.9721590569783947,Study Permit,Blue Card,TOEFL,1.1974373932203557,1
Ireland,Russia,Business,0.8583716906122936,Yes,Job Opportunities,-0.05374477453246872,-0.21462434808904857,Schengen Student Visa,Work Permit,Duolingo,1.2446231590005201,0
Canada,UK,Medicine,0.8737778109542473,Yes,Job Opportunities,-0.013719099394864109,1.8786779933139195,Student Visa,Post-Study Visa,PTE,0.4879923862760663,1
UK,Germany,Medicine,0.8533234784093678,Yes,Scholarship,0.03193738442357612,0.4674871346940514,F1,OPT,IELTS,-0.15484911288368172,1
USA,UAE,Arts,1.8284272953607228,No,Job Opportunities,2.35928993923237,0.3914463543584152,F1,Blue Card,PTE,-2.488719344295463,1
Russia,Russia,Engineering,0.927902667411344,No,Scholarship,0.7876526740819411,0.3896686632058291,Schengen Student Visa,Blue Card,TOEFL,0.9413763329583975,1
Germany,India,Computer Science,-1.8889907252639828,Yes,Political Stability,-2.389287883250096,0.7406190129202721,Student Visa,Blue Card,IELTS,0.8654241996892141,0
Finland,Germany,Medicine,-1.8237643224352065,Yes,Quality of Life,-0.8720519215292379,1.8354213859517514,F1,PSW,TOEFL,-0.21292097904219792,0
India,South Africa,Computer Science,0.8044243214395812,Yes,Job Opportunities,0.7145389922904233,1.266161710631382,Study Permit,Blue Card,PTE,-2.3616790082654173,1
UAE,Russia,Medicine,-0.005655425518087441,Yes,Quality of Life,-0.8381430828905035,0.05287967313907046,Tier 4,PSW,None,-2.368912242958457,1
South Africa,Canada,Social Sciences,-0.9460523914996953,Yes,Political Stability,-0.7232743562618585,-1.0552174158410867,F1,Blue Card,TOEFL,0.7998553073593043,0
UK,Finland,Arts,-0.9569866272661589,Yes,Scholarship,-1.582838466430065,-2.198299571615343,Student Visa,OPT,Duolingo,0.47574265040214236,0
India,South Africa,Arts,-1.88969399938624,Yes,Higher Ranking,-2.360663934652016,0.19231024835659125,Schengen Student Visa,PSW,TOEFL,0.3945040995066053,1
Germany,UK,Medicine,-0.974225476850004,No,Job Opportunities,-1.5356407494877868,-1.7775165024623445,J1,PSW,TOEFL,0.08439237109117823,1
Germany,Russia,Engineering,-0.03680077152420493,Yes,Job Opportunities,-0.05236159373038131,1.4821063526206828,Schengen Student Visa,Work Permit,None,0.5222386526571616,0
Ireland,USA,Medicine,-0.9083215991315026,Yes,Scholarship,-0.052143588854335315,1.3217573487860084,Schengen Student Visa,OPT,PTE,0.36142300934642174,1
India,Finland,Natural Sciences,1.8683332293097985,No,Political Stability,2.3728738018798876,0.8402668118130237,F1,Post-Study Visa,TOEFL,0.8518150307008493,1
UK,South Africa,Arts,-1.8701304626768944,No,Higher Ranking,-0.7315884331129985,-1.362337093264678,Tier 4,Blue Card,TOEFL,0.013912742503423607,1
UK,Russia,Engineering,-1.8194279174182093,Yes,Scholarship,-2.306134013575233,0.018027523720294744,Study Permit,Blue Card,TOEFL,0.9950133970035655,1
Germany,Ireland,Social Sciences,-1.8779790842264443,No,Scholarship,-1.5700073382754298,0.26885572831292515,F1,Work Permit,Duolingo,0.7464138554533792,0
UAE,UK,Natural Sciences,-1.8981628756195383,No,Scholarship,-2.3722820573123538,-0.47425349540383455,J1,Post-Study Visa,TOEFL,1.3933983827962662,1
UAE,India,Arts,0.9203816807582091,No,Quality of Life,-0.08994065806765894,-0.012751962954795405,Schengen Student Visa,Blue Card,None,-2.3932683100000824,0
Ireland,South Africa,Natural Sciences,-1.8330047227071409,No,Job Opportunities,-0.7585681865547034,0.9980455965721505,Tier 4,OPT,TOEFL,-2.504090811254635,0
USA,South Africa,Arts,1.8316655519578817,No,Quality of Life,1.5616387347893856,2.0705530470906015,Schengen Student Visa,Work Permit,IELTS,-0.005264310453105145,1
UAE,South Africa,Medicine,1.8578437835106467,Yes,Political Stability,1.549332904595793,-0.9363846294184357,Tier 4,Blue Card,PTE,0.5701233025836041,0
Germany,India,Computer Science,-0.09766415801995645,No,Job Opportunities,-0.045013271598602446,-1.927639268969224,J1,OPT,Duolingo,-0.21218281758461138,1
Finland,India,Natural Sciences,-0.09741889612197695,No,Quality of Life,-0.7641427006311837,-0.995557660659291,Tier 4,Work Permit,IELTS,0.17029891315941895,1
Germany,India,Engineering,-0.9448742523408454,Yes,Political Stability,0.009120193804320175,1.8511979892049364,F1,PSW,None,-2.518094697132592,0
South Africa,Finland,Medicine,0.960522183895753,Yes,Scholarship,1.5199715977983561,-1.777343236216585,Tier 4,Work Permit,None,-2.432283285212609,0
Canada,USA,Engineering,0.8887973334341868,Yes,Higher Ranking,0.7784515056693858,0.7097587098430143,F1,OPT,Duolingo,-0.0033829644336714863,0
India,Ireland,Natural Sciences,-0.897458922345203,No,Quality of Life,-0.024686206550960314,0.2239717596560698,Tier 4,Work Permit,Duolingo,1.3859613861801137,1
USA,Ireland,Arts,-1.8240014425345656,No,Quality of Life,-1.6202237986254577,-2.000775611489784,Schengen Student Visa,Post-Study Visa,TOEFL,0.1921991102291331,0
India,Canada,Medicine,-0.9687594215644668,No,Job Opportunities,-1.594733439752728,-1.6621987532287947,F1,Post-Study Visa,PTE,-2.4586961075042937,0
India,USA,Natural Sciences,1.790465270198304,Yes,Quality of Life,2.312975067760024,1.210134854363895,Student Visa,OPT,TOEFL,0.42759072058919456,0
Ireland,Germany,Computer Science,1.9362352008262023,No,Political Stability,1.5282561924488982,-0.3483822082992958,Study Permit,Post-Study Visa,TOEFL,-2.469292895214843,0
Finland,USA,Arts,1.8119925013687066,Yes,Scholarship,0.8384997838310464,-0.8845172368183756,Schengen Student Visa,Work Permit,TOEFL,1.3463852718062421,0
UK,South Africa,Engineering,-1.798176664853532,Yes,Job Opportunities,-0.812323651853827,0.271108445833675,F1,PSW,None,-2.537671699154207,1
Ireland,Germany,Engineering,1.831118423416514,No,Quality of Life,0.7355554234437768,-2.365735634833899,F1,Blue Card,PTE,0.38921600511451343,1
UK,South Africa,Computer Science,0.8455907660611263,No,Political Stability,0.798372526832425,0.9029820484658205,Schengen Student Visa,OPT,TOEFL,0.7852691562208669,1
Ireland,UK,Computer Science,-1.8936149838473182,Yes,Higher Ranking,-1.6028116986531524,-2.059748884617677,Schengen Student Visa,Post-Study Visa,IELTS,1.3473912221656033,1
Germany,Ireland,Computer Science,-1.028207968372746,No,Political Stability,0.009463509102361885,-1.3509716633404203,Study Permit,Post-Study Visa,TOEFL,0.6624305903870552,0
USA,Finland,Social Sciences,-1.0808191391337234,No,Scholarship,-0.7557460120310738,-1.0682608444729849,Student Visa,Post-Study Visa,TOEFL,1.1012600620137216,0
UAE,India,Engineering,0.8678840812141584,Yes,Higher Ranking,0.9158573378423023,-1.1578688443576586,Student Visa,OPT,TOEFL,-2.456532991265201,0
UK,Germany,Law,-1.8228326863011992,Yes,Political Stability,-0.7646176236031607,1.5116148218330583,F1,Blue Card,TOEFL,0.7626188012369614,0
USA,Ireland,Natural Sciences,-1.785907652982918,Yes,Quality of Life,-2.3394038212575756,0.2684976547464653,Schengen Student Visa,Blue Card,TOEFL,0.8544961199616504,1
UK,USA,Social Sciences,-1.0692562891513717,No,Higher Ranking,-1.5747970776750424,1.40457263511907,Student Visa,OPT,PTE,-2.3928658856874105,0
UK,UAE,Social Sciences,0.9253459712614741,Yes,Political Stability,1.5346377523387909,0.6671430690157097,Study Permit,Post-Study Visa,None,-2.4995287272671005,1
UAE,UAE,Social Sciences,0.9153490232112744,No,Political Stability,0.7781150996659519,1.1504526029467514,J1,OPT,TOEFL,1.2583284335939802,0
India,Russia,Computer Science,-1.8645140534371356,No,Scholarship,-1.597261643733698,1.3018984592983514,J1,OPT,IELTS,-0.10135026867935333,0
UAE,UK,Medicine,-0.9164727701624664,No,Higher Ranking,0.01436978782019414,-2.1771213879744384,Study Permit,Work Permit,PTE,0.741390348040109,1
Canada,Canada,Business,0.7834388906190943,Yes,Scholarship,-0.035073324980835326,-0.23712016874201391,Student Visa,OPT,None,1.3764686158908253,1
South Africa,Russia,Social Sciences,0.8180177661425144,No,Political Stability,0.7433579467564442,2.0550845492130962,Schengen Student Visa,OPT,PTE,1.295806990333406,1
Ireland,UAE,Law,-0.9571853150695524,No,Quality of Life,-0.7971467201693927,0.5205613011584267,F1,Work Permit,TOEFL,-2.452172181359275,0
Germany,India,Medicine,1.8081147214188977,No,Quality of Life,2.3652868851838065,-0.49582838918207717,J1,OPT,Duolingo,0.8933923024665367,1
South Africa,Finland,Medicine,0.023141289623812927,Yes,Quality of Life,0.01615669973815537,-0.11823569891531427,J1,Blue Card,PTE,1.255372445841814,0
India,USA,Social Sciences,-0.07540666749376053,Yes,Quality of Life,-0.8120547778429005,-1.8156096306386809,Study Permit,Post-Study Visa,None,-2.4487268851900685,0
Canada,Ireland,Medicine,0.06900311488165364,No,Scholarship,0.6933300031179626,-1.0365581798875207,Study Permit,PSW,PTE,0.9213376233976008,1
Russia,USA,Business,0.8896738707571589,No,Job Opportunities,1.4577779721876132,-2.0020566542888463,Tier 4,OPT,IELTS,0.1273792167996618,0
India,Finland,Engineering,1.8300709279447456,Yes,Scholarship,1.5204936186033635,-0.7696472047481445,F1,Blue Card,None,-2.4919542529978975,1
Ireland,South Africa,Medicine,-1.8317384135279124,Yes,Job Opportunities,-0.8143875831862747,2.065857619688452,F1,PSW,IELTS,0.8759750724342666,1
Canada,Russia,Medicine,1.8060559685695707,No,Quality of Life,2.3042047841322346,-1.995106281909826,Schengen Student Visa,PSW,PTE,0.3009968706702745,0
Ireland,India,Social Sciences,-0.8957557754374168,No,Political Stability,-0.04338944407746864,0.8112043347751433,Study Permit,Post-Study Visa,None,-2.398022543900731,1
Ireland,India,Medicine,1.7784845537634637,Yes,Political Stability,1.5174983187119335,0.6151915813002649,Tier 4,PSW,None,0.49320009298853845,0
UK,Germany,Social Sciences,-0.0006506154476206283,No,Job Opportunities,-0.09018499437546117,1.794755618519009,F1,Post-Study Visa,Duolingo,0.9441653867227484,0
Ireland,Russia,Medicine,0.9487419957213831,No,Scholarship,-0.01037218110866357,-2.050237445061987,Study Permit,Blue Card,PTE,0.19044078815556356,0
South Africa,India,Arts,-1.8540021886556217,Yes,Quality of Life,-1.5889027911685367,1.718749448995834,Study Permit,PSW,Duolingo,-0.18729518214311355,0
Canada,Russia,Arts,-0.9390096040485205,No,Higher Ranking,-0.7810146262090136,-2.0043522484432357,Schengen Student Visa,PSW,IELTS,-0.3059060022026202,0
Russia,Canada,Business,1.8197280330279182,No,Higher Ranking,0.7540925875954276,2.0703252455094203,Tier 4,Post-Study Visa,None,0.5831788732382436,0
USA,South Africa,Business,-0.06975218430999428,Yes,Higher Ranking,-0.04532044783131725,-0.05840307860383856,Study Permit,Work Permit,IELTS,0.8232214514734942,0
UK,South Africa,Computer Science,-0.9878558164652401,Yes,Political Stability,-0.7591525338359401,-0.21505283682467147,Study Permit,Post-Study Visa,Duolingo,0.6206127440680673,0
USA,Russia,Engineering,-1.8002531034518476,Yes,Quality of Life,-2.269667149314791,1.7219512361167688,Tier 4,Blue Card,Duolingo,-0.2799301485537629,1
Canada,UK,Business,0.03468506913018236,Yes,Higher Ranking,0.7068263775978939,-1.3088404277162107,F1,Blue Card,None,-2.4597372947543192,0
Germany,Canada,Computer Science,0.8512689280025899,Yes,Higher Ranking,0.07428293469241343,-1.4989302148138086,Student Visa,Post-Study Visa,IELTS,0.4017531610123877,1
Russia,UK,Engineering,1.8278676805504828,No,Higher Ranking,0.640559055812335,2.201356422398087,Tier 4,Work Permit,TOEFL,0.17820121220894602,0
India,UAE,Engineering,0.8314641180223283,No,Job Opportunities,0.7826679008572115,1.8812968623250585,J1,Post-Study Visa,PTE,0.3234410734240425,1
UAE,UK,Social Sciences,-1.846495693360542,No,Higher Ranking,-0.7752191387055886,-0.1675193689177631,J1,OPT,None,-2.4908966252630225,1
UK,Ireland,Business,-1.9118169851538074,Yes,Political Stability,-2.2878290405398105,0.11058945254841082,Student Visa,OPT,Duolingo,-0.08389225203691536,1
Germany,Russia,Social Sciences,-0.8159767912953895,No,Scholarship,-0.8755961454548151,-0.9057118488763539,Study Permit,PSW,PTE,-0.24003966763135576,0
India,Russia,Law,1.7832655080544912,No,Scholarship,1.490362979596413,-0.08824230323720932,Tier 4,Work Permit,IELTS,1.170207645014861,1
India,Canada,Social Sciences,0.03298609692553112,Yes,Higher Ranking,-0.8091343368420448,0.6307224966952918,Schengen Student Visa,Post-Study Visa,TOEFL,0.42797597584141484,1
India,South Africa,Computer Science,-1.927493178467054,Yes,Political Stability,-2.3459600539606367,0.9796917560081293,Student Visa,OPT,IELTS,0.3071813267754393,0
Canada,Germany,Natural Sciences,-1.8621526604743377,No,Political Stability,-0.8288985603707508,-1.1773203580570049,Tier 4,Post-Study Visa,None,0.5890714542993428,1
Germany,Russia,Medicine,0.8905499156795741,No,Higher Ranking,0.013940612868644533,-0.12374229415972629,Study Permit,PSW,IELTS,0.6448989785007991,1
Finland,UAE,Social Sciences,1.7933397642864943,No,Political Stability,1.411362527039259,-0.8618028368966926,Student Visa,Blue Card,PTE,0.8181534036693369,0
South Africa,South Africa,Arts,0.9335776119940324,No,Job Opportunities,0.7664993441674632,0.20167949373748167,Student Visa,PSW,IELTS,1.0370926009192942,1
Canada,Finland,Arts,-1.8240213341676,Yes,Political Stability,-0.8098917872275336,-1.3867921454867016,J1,OPT,TOEFL,0.9307135806600796,1
UK,Germany,Arts,0.9551644341638987,No,Scholarship,0.800420379293792,0.26385662699733686,Student Visa,OPT,PTE,0.12275663937868737,0
USA,UK,Social Sciences,-0.9184657086806464,Yes,Higher Ranking,-1.6410904841335325,0.474641332934351,Tier 4,Post-Study Visa,None,-2.538734579248465,0
South Africa,Finland,Business,1.8141169165336912,Yes,Higher Ranking,0.7196699003934075,-0.8596597905743025,Tier 4,PSW,None,-2.4507455093997383,1
Russia,Canada,Arts,-0.05970119792292062,Yes,Political Stability,0.006692335331950069,1.4472732800124488,Schengen Student Visa,Work Permit,IELTS,-2.4948756074448886,1
Ireland,Russia,Social Sciences,-1.8143062205851672,Yes,Quality of Life,-1.5824563316867146,1.6364685761742253,Study Permit,OPT,None,-2.4668425428303675,0
Canada,Russia,Computer Science,1.859852151345449,Yes,Quality of Life,2.268801073476016,1.9797182473300121,Student Visa,OPT,Duolingo,-0.08842023437763094,1
UAE,Russia,Computer Science,0.8458545252907593,No,Quality of Life,0.050008508630185536,-0.27777686160469295,Schengen Student Visa,PSW,TOEFL,0.5016606423518539,0
Canada,Ireland,Engineering,1.8715159942371158,Yes,Scholarship,1.4979286852540177,-1.1064049347925795,F1,PSW,Duolingo,1.3565549571844664,1
Ireland,USA,Computer Science,0.8483011526057568,No,Political Stability,0.7128598477154032,0.03522798538726789,Schengen Student Visa,Work Permit,Duolingo,1.2818699324198384,1
Russia,India,Natural Sciences,0.011076908534308703,No,Political Stability,-0.0832917888974688,1.8591516774262842,F1,PSW,PTE,-0.11626472913423726,0
Ireland,India,Engineering,-1.8385276863836573,Yes,Higher Ranking,-1.5036430741620082,1.6736906105208438,F1,OPT,None,0.10984047367936195,0
UK,USA,Engineering,-0.07929275745264809,No,Higher Ranking,-0.010975577443247975,1.3796386062610042,Schengen Student Visa,Post-Study Visa,PTE,-0.03910564785290124,0
Ireland,UAE,Natural Sciences,0.860121176170664,No,Job Opportunities,0.7800467675404759,-1.5091585409206756,Schengen Student Visa,OPT,Duolingo,0.42139981852532016,0
Ireland,Germany,Medicine,-0.0641232584156865,No,Higher Ranking,-0.7697137333909144,-1.2629446905290467,F1,Blue Card,IELTS,-0.1042345204214167,0
USA,India,Natural Sciences,-0.9982839158120815,Yes,Higher Ranking,-1.657456344057725,-1.3704198415649622,J1,PSW,Duolingo,0.47828137104427526,1
Finland,South Africa,Medicine,-0.003452425088316202,Yes,Job Opportunities,0.07167268528130448,-2.20155110935238,Student Visa,OPT,TOEFL,0.21275967172446442,0
India,Ireland,Natural Sciences,0.029383435804632707,No,Higher Ranking,0.001882464053600548,1.8268448791479575,J1,PSW,None,0.014701046609185128,1
South Africa,Russia,Social Sciences,1.8986227993671712,Yes,Quality of Life,1.518240445626903,1.6853800651586972,J1,OPT,None,-2.58517848996247,1
South Africa,Finland,Medicine,1.7775337946010517,No,Higher Ranking,1.5129549329891079,-1.3828555258890858,Schengen Student Visa,Post-Study Visa,PTE,1.3114590347368134,1
Ireland,Germany,Arts,1.7641264826282994,No,Political Stability,1.525222398302323,0.052243682136445244,Tier 4,OPT,PTE,-2.521123468744853,0
Russia,Finland,Business,0.913231864442831,No,Job Opportunities,1.5181813180444228,-2.049932666374469,F1,Work Permit,None,-2.465961414259186,1
South Africa,USA,Engineering,-0.040383140123204805,Yes,Higher Ranking,-0.019064951049600584,0.14269260876652656,Tier 4,PSW,IELTS,0.63046712143407,0
UK,South Africa,Computer Science,-0.9978969270698888,No,Job Opportunities,-0.6595469408520185,-2.1934240873273803,Tier 4,OPT,TOEFL,-0.19410827529631075,1
UAE,India,Natural Sciences,-1.0445046078427476,No,Quality of Life,-1.5640518542722985,-1.8880289942143438,J1,Post-Study Visa,TOEFL,0.11652234104317233,0
USA,Ireland,Natural Sciences,-1.7891167912307693,Yes,Political Stability,-2.297268554394099,0.6553322015830784,Student Visa,OPT,None,0.37879688594142813,1
UK,UK,Business,-0.05052936931142739,No,Scholarship,0.8187258612678868,-1.0660619159620395,Student Visa,OPT,TOEFL,1.2584993431187748,0
Finland,UK,Computer Science,-0.09333106985243643,Yes,Quality of Life,-0.061482669587278146,-0.7608526627872305,Tier 4,PSW,TOEFL,-0.3536450264647715,0
USA,South Africa,Social Sciences,-1.762545581134641,No,Quality of Life,-0.8124523392653318,-1.2749182689465883,Study Permit,Post-Study Visa,Duolingo,0.6798728555413339,0
Finland,UK,Engineering,1.8453525996994002,No,Quality of Life,0.8470909286146886,-0.4811777014211254,F1,Blue Card,PTE,0.9691773358864172,0
Ireland,Canada,Engineering,-1.8843509654203965,No,Job Opportunities,-1.6457646281649492,1.8037675999554872,J1,Post-Study Visa,None,-2.6209659600988173,0
India,Russia,Social Sciences,-1.8814919158724048,No,Scholarship,-1.5978750172329017,-1.819332598625131,Schengen Student Visa,Work Permit,PTE,0.4785834694470623,1
Russia,USA,Medicine,-0.012510160765455509,No,Quality of Life,-0.007028881615647121,0.4176927338221136,Student Visa,Post-Study Visa,TOEFL,1.021667374501848,1
USA,UAE,Law,0.8763432674815197,Yes,Higher Ranking,0.00405770765612978,0.27084290411155904,Student Visa,PSW,IELTS,0.5739188026036041,0
UK,USA,Social Sciences,-0.03566179318349516,No,Higher Ranking,-0.05293783775574201,-0.6799223295226257,Schengen Student Visa,Post-Study Visa,PTE,1.4788173162616796,1
Canada,Finland,Natural Sciences,1.7935956953350636,No,Scholarship,0.8076515520526538,0.06797367906914696,Schengen Student Visa,Work Permit,Duolingo,0.47145188420764955,0
India,UAE,Medicine,0.04515955587207703,Yes,Scholarship,0.8191185906081907,1.663077336346398,Schengen Student Visa,PSW,None,-2.5176620909195915,0
India,Germany,Engineering,-0.9719889434765352,No,Political Stability,-0.7834810125924634,2.0918048416388015,Tier 4,Post-Study Visa,TOEFL,0.31545574655652886,0
UAE,Canada,Law,-1.9015290585789357,Yes,Higher Ranking,-1.5906881471139847,-0.002692581868427144,Student Visa,OPT,PTE,1.0633894121022474,0
Finland,UAE,Computer Science,0.8691941019216315,No,Scholarship,-0.00781453484939523,-0.012567327093468715,F1,PSW,IELTS,0.6852187707683922,0
Ireland,India,Medicine,0.9198718991012638,Yes,Political Stability,0.8402057550193727,1.8194006935356903,Tier 4,OPT,IELTS,1.3530291875552944,0
South Africa,Canada,Natural Sciences,-1.7970021193826853,Yes,Higher Ranking,-2.40623675902449,0.11940505139085908,F1,Post-Study Visa,IELTS,0.39572614538100054,0
Germany,India,Arts,-1.794269843193855,Yes,Job Opportunities,-0.7785269566353797,0.4394995656890019,Schengen Student Visa,PSW,Duolingo,-0.16374365047143988,1
South Africa,Ireland,Law,-0.9151644159685902,No,Higher Ranking,-0.011111882719965605,0.5069008968617397,F1,Blue Card,Duolingo,1.2314093205792116,0
UAE,Germany,Business,-0.05566846676523991,No,Scholarship,0.8132268747305582,-2.1426861877478838,J1,OPT,Duolingo,1.2703329527817275,1
UAE,UK,Social Sciences,-0.027394779689462675,No,Quality of Life,-0.09591647808779784,-0.03981009258793321,J1,Work Permit,IELTS,-0.2093169319065779,0
Ireland,Canada,Engineering,0.9417441432871336,No,Scholarship,1.4640294830603555,-1.7142317925129689,J1,Work Permit,None,-2.4778885421756986,1
Germany,USA,Business,1.847442046574873,Yes,Higher Ranking,1.513813610184347,0.6448875708632362,Study Permit,Work Permit,TOEFL,0.8187254100667595,1
South Africa,India,Computer Science,-0.9032930964629748,No,Political Stability,-0.017305263772585986,-0.7193341607754571,J1,Post-Study Visa,TOEFL,0.05068223296568654,0
Ireland,India,Computer Science,0.8844558879011681,Yes,Scholarship,0.6815704887037313,1.389456813544285,F1,Work Permit,Duolingo,0.3797892220234184,1
Finland,USA,Social Sciences,0.03370131164024492,No,Quality of Life,-0.8021455043858876,0.8960119574788736,Tier 4,OPT,None,-2.407678060293317,0
USA,India,Medicine,-0.08622415327995293,Yes,Quality of Life,-0.01567523007897167,-1.0337447116380145,F1,PSW,None,-2.446668808251664,1
Ireland,Canada,Social Sciences,-0.0335492016472776,Yes,Job Opportunities,-0.8120867148089779,1.7799261033061555,Student Visa,OPT,Duolingo,0.7314115723487724,1
UK,USA,Natural Sciences,-1.7536514740779174,No,Scholarship,-1.5380188587786803,0.08831429135032542,Schengen Student Visa,PSW,TOEFL,0.9228706580060431,1
South Africa,South Africa,Law,1.7867335395967812,No,Higher Ranking,1.5389290687227497,0.5920054207635117,Student Visa,PSW,Duolingo,-2.441715731231949,1
Ireland,Germany,Social Sciences,1.7871217853207177,Yes,Higher Ranking,1.5675214157002226,1.6835413515757203,Schengen Student Visa,OPT,PTE,0.49707049606205456,0
South Africa,UK,Business,0.8904985731809449,Yes,Higher Ranking,1.4733603650322622,-0.9496956433121981,Schengen Student Visa,Work Permit,None,-2.4879007999122194,1
India,USA,Medicine,-0.9530532259206426,No,Higher Ranking,-1.6230070270355983,0.8643015796106731,F1,PSW,None,-2.482889751114902,1
South Africa,UK,Natural Sciences,0.8923191939805276,No,Quality of Life,0.8449834255712426,-2.2112025872560768,Schengen Student Visa,Work Permit,Duolingo,1.0764284225906207,0
Russia,UK,Natural Sciences,1.8696992844822289,Yes,Job Opportunities,1.5026098839776383,-1.2186010692205684,Study Permit,OPT,TOEFL,0.7145128355634586,1
Finland,Finland,Medicine,-0.8982245307285818,Yes,Job Opportunities,-0.9020995577834975,1.6235622997913648,J1,PSW,PTE,0.28394708960908166,1
India,India,Business,1.8050749304154559,Yes,Higher Ranking,2.3160712056672,-0.9614023677075392,F1,Post-Study Visa,TOEFL,1.0985633465122813,0
UK,Finland,Social Sciences,-0.8319557249903019,No,Higher Ranking,-0.8797783517214887,-0.7793134507985245,Study Permit,Blue Card,IELTS,0.8066161640707197,0
India,Canada,Social Sciences,-1.8592169808505221,Yes,Higher Ranking,-0.786919445475534,1.809182673846614,J1,PSW,IELTS,0.137420406133801,0
Ireland,USA,Arts,-0.0556555503791307,Yes,Higher Ranking,-0.7146190381551262,0.4055737699397982,J1,Blue Card,Duolingo,-2.5012793850843975,0
UK,UK,Business,0.02292598770052963,Yes,Higher Ranking,0.7717076440148216,1.4609266955019558,Student Visa,Work Permit,IELTS,0.7957575587918596,1
India,UAE,Business,0.9474179596892038,Yes,Scholarship,1.6119152849848422,1.6723407557542627,Tier 4,Work Permit,PTE,0.07217388687083355,0
South Africa,Ireland,Medicine,-0.9926185841899737,Yes,Scholarship,-0.7903985185155993,1.7155564978762812,Study Permit,Work Permit,TOEFL,-0.10784929165358027,0
Finland,Canada,Law,-0.9418606825695812,Yes,Quality of Life,-0.7552391210327603,1.107789205918515,Schengen Student Visa,OPT,None,0.29645855875383637,1
USA,Canada,Computer Science,-1.8676535926072846,No,Quality of Life,-0.855674900400337,1.102652958133664,J1,PSW,TOEFL,0.4888599092652294,1
Finland,South Africa,Arts,1.8448211927082194,No,Quality of Life,1.4680449285297692,0.8709771258302486,J1,Blue Card,PTE,1.1463606878829953,1
Russia,India,Arts,-0.9262056362240638,No,Political Stability,-1.6472713257448626,0.3025048054463706,J1,Post-Study Visa,IELTS,0.6839063385528046,0
Finland,South Africa,Natural Sciences,1.7031583810580084,No,Job Opportunities,0.8051538463575075,-0.9513741806313831,Tier 4,Blue Card,Duolingo,1.1109379998542717,0
Finland,India,Engineering,1.8709238390550869,No,Job Opportunities,0.822271725325494,-0.10031082333084906,J1,PSW,IELTS,0.1687279151250825,1
Russia,Canada,Arts,0.012852761289370676,Yes,Job Opportunities,-0.7758000499065106,-0.03867550649661225,Student Visa,Blue Card,IELTS,0.06342120754330641,1
Ireland,Canada,Law,-0.9712834281781074,No,Job Opportunities,-1.5923587163494446,-2.1798268064743795,Tier 4,Work Permit,TOEFL,0.7626047032304292,1
USA,Germany,Business,-0.9328580876873468,No,Job Opportunities,-1.5938496861626688,0.9963594471718312,Tier 4,Blue Card,TOEFL,0.9649299886568065,1
South Africa,USA,Engineering,0.8652432971809356,No,Quality of Life,-0.0708549339795157,1.7276237947497615,Study Permit,Blue Card,IELTS,0.3401103940049109,0
Russia,UK,Natural Sciences,0.010960577033556572,Yes,Job Opportunities,-0.7610233927304395,1.7341231045813896,Tier 4,Post-Study Visa,Duolingo,1.2671912124777314,1
Germany,USA,Law,1.7472244047428438,Yes,Higher Ranking,1.5329863098483787,1.8997919270845727,Tier 4,PSW,TOEFL,1.351191915042585,1
Canada,UK,Business,0.908062008190771,No,Political Stability,1.5754979146490466,0.09933595210308341,F1,OPT,TOEFL,1.112696769800475,1
India,UAE,Business,-0.031628922254309084,No,Quality of Life,-0.7972749871010696,1.8214478527401656,Tier 4,Post-Study Visa,Duolingo,0.4249572558533529,0
Ireland,Russia,Arts,1.7066180161954094,Yes,Quality of Life,2.279532694168277,0.6723211380760243,Student Visa,Blue Card,IELTS,0.8653363386467694,1
UAE,Russia,Medicine,-0.8980933272464573,Yes,Job Opportunities,-0.8827199924376452,0.7733012818958362,Tier 4,Blue Card,Duolingo,0.362180324635726,1
UK,Russia,Law,1.785350886606935,Yes,Scholarship,2.295681033127965,-0.7371987520107869,Tier 4,Work Permit,None,0.6744124399589534,1
Finland,Ireland,Medicine,0.0838439140454177,No,Scholarship,0.875089650085894,-2.0990732315991263,F1,PSW,PTE,0.6736850916515469,0
Canada,UK,Social Sciences,-0.03375090654904184,No,Job Opportunities,-0.8018533140667552,-1.6087030993342322,Schengen Student Visa,PSW,Duolingo,0.33393170068843575,0
South Africa,UAE,Arts,1.8366949651213582,Yes,Scholarship,0.6658273994827484,0.9136672653845208,F1,Blue Card,TOEFL,0.23249240197111515,0
Germany,Russia,Natural Sciences,-1.8049199369032503,Yes,Scholarship,-1.5981251427317067,-0.5610122164350418,Study Permit,Blue Card,Duolingo,1.2768213893971696,0
UK,India,Engineering,0.8933095861312196,Yes,Quality of Life,1.5332146727098064,0.09688143401224272,Study Permit,Blue Card,None,-0.20960520070874503,1
India,Finland,Social Sciences,-1.907317383416392,No,Quality of Life,-2.288044630705481,-1.1832061622879513,Schengen Student Visa,OPT,IELTS,0.1986604939954072,1
Ireland,South Africa,Law,-0.8925241923170245,No,Higher Ranking,-0.8458383169736362,-0.8127945652930055,Student Visa,OPT,IELTS,0.27357335152859213,0
Russia,USA,Arts,1.7886453355803933,No,Quality of Life,2.322640701007473,-2.041437288133595,Tier 4,Post-Study Visa,PTE,1.4136291992754273,0
India,Ireland,Computer Science,1.7156177281082758,No,Political Stability,0.7059508442363551,0.3991938703389538,F1,Blue Card,PTE,0.19134527396639806,1
UAE,Canada,Computer Science,0.915941546685085,Yes,Political Stability,0.007190666429723092,-1.94022573367214,Tier 4,Work Permit,Duolingo,-2.530954181024621,1
India,Russia,Arts,-1.8435496105823963,No,Higher Ranking,-1.5320181812357068,0.07209661335397367,Student Visa,Post-Study Visa,TOEFL,0.6254643066522056,1
UAE,USA,Medicine,-1.812130778424851,No,Job Opportunities,-0.7159435696333369,-0.3136617806495232,F1,PSW,TOEFL,0.18742158105698253,1
Ireland,Finland,Computer Science,-1.7603210450787208,Yes,Political Stability,-1.6451970267728613,1.9848679941813914,F1,OPT,PTE,0.38815849062054186,0
Ireland,Russia,Business,1.7026667776695732,Yes,Job Opportunities,1.5161134337306152,2.021379129356592,F1,PSW,PTE,-2.397624719237467,1
India,South Africa,Social Sciences,-0.005736496540047133,Yes,Higher Ranking,-0.8284334858399419,-0.7930992675663183,Student Visa,PSW,IELTS,0.01272839968964587,0
Russia,India,Natural Sciences,-1.9076428241566261,No,Political Stability,-0.7779183173804014,1.8059517426979272,F1,Post-Study Visa,TOEFL,0.691382329449642,1
UAE,South Africa,Social Sciences,-0.9145938426805704,No,Quality of Life,-0.07593060593006368,-1.1523938223597074,Tier 4,PSW,TOEFL,1.1309119589494572,1
Germany,South Africa,Business,-1.8843291202603032,Yes,Scholarship,-2.3818754745590978,-2.088354398526136,J1,Blue Card,TOEFL,0.6119380392408496,1
India,Canada,Medicine,1.8628041400594222,No,Job Opportunities,2.316497946045469,-0.08399241645288645,Study Permit,Work Permit,TOEFL,-0.15112879474371116,0
Canada,Finland,Law,-1.8573098768614167,No,Higher Ranking,-1.5715961168290675,-1.2020587420183961,F1,OPT,None,1.2963066312347769,0
Germany,Germany,Natural Sciences,1.8571824330485303,Yes,Job Opportunities,2.2651641986401927,0.6510135237286241,Study Permit,Blue Card,Duolingo,1.1480148424971257,1
Finland,Germany,Medicine,1.7690244260822376,No,Higher Ranking,1.5484414143071532,-1.3667492867019448,F1,OPT,IELTS,0.9631910894336967,1
Germany,Ireland,Natural Sciences,-0.9432271113158669,Yes,Scholarship,-0.006698306621518112,-1.9420436495272908,J1,Post-Study Visa,Duolingo,0.385630057600622,1
Canada,Russia,Computer Science,-0.9992086383671772,No,Quality of Life,0.01834778248877199,-2.0214754162311617,Schengen Student Visa,OPT,None,-2.4615275265608907,1
Germany,Canada,Law,0.08926568940287621,Yes,Job Opportunities,-0.7549654907725293,0.15481632377528926,Tier 4,Work Permit,TOEFL,1.4191679286144872,1
India,UK,Business,0.9203510283536311,No,Quality of Life,-0.015598014762384269,-0.42337560965976445,Student Visa,OPT,None,-2.411144139579373,0
Ireland,Russia,Computer Science,-1.818817196611227,No,Scholarship,-2.3498500952523096,1.479251689764458,Schengen Student Visa,Work Permit,IELTS,1.0122857699399634,1
Russia,India,Arts,-0.04390745208630959,Yes,Political Stability,0.006781577138242203,1.9125601699260084,Study Permit,Work Permit,TOEFL,1.312090403129461,1
USA,Canada,Social Sciences,1.9084623760730168,No,Quality of Life,1.5360594019173903,-1.0935981331839284,Student Visa,Blue Card,IELTS,0.8081484684783173,0
UK,India,Law,0.010375906345584761,No,Scholarship,0.7192865525274463,-0.4660066091984606,Tier 4,PSW,IELTS,-2.4920769328969636,0
South Africa,Finland,Engineering,0.03250971957362944,Yes,Higher Ranking,0.7230634322771928,1.1972476276320028,J1,Post-Study Visa,IELTS,0.8801949857863118,0
Canada,Germany,Computer Science,-0.9930640145359537,Yes,Job Opportunities,-1.6139227803371698,0.1407990404508346,F1,Blue Card,Duolingo,-2.5309219194725086,1
India,UK,Law,-1.9106894500681117,No,Job Opportunities,-1.5676435459369753,0.2555207386282479,Study Permit,OPT,None,-2.4054688746953263,0
USA,UK,Social Sciences,-1.8733444232740248,No,Scholarship,-1.5927171268182532,1.095179434092023,Study Permit,PSW,IELTS,1.0459343883351648,1
Canada,UK,Engineering,-1.8139753506512484,Yes,Higher Ranking,-2.405394816300744,-1.236746683676344,F1,Post-Study Visa,TOEFL,1.1307439527947913,0
UAE,UAE,Arts,-1.8500951263614713,Yes,Higher Ranking,-1.6273048826272076,-1.2220221213478235,Schengen Student Visa,PSW,Duolingo,1.2995700767068508,0
Canada,Finland,Arts,-1.005665245911346,No,Higher Ranking,-0.8516744664237669,0.12320244923925178,Study Permit,Blue Card,Duolingo,1.1120323166677573,0
India,Russia,Law,1.715488037061315,No,Job Opportunities,0.7241180099923098,-0.5099730340494928,Student Visa,Post-Study Visa,Duolingo,1.0545976199654947,1
UK,Canada,Medicine,1.8131560217743619,No,Quality of Life,0.786471674922757,-0.036355972717298506,J1,OPT,TOEFL,0.7521043245230425,1
USA,Ireland,Law,-1.8832960796227634,Yes,Political Stability,-1.5919879994885628,1.351932291170973,Student Visa,PSW,None,0.261335045818862,0
Finland,India,Natural Sciences,1.8657675912305678,No,Quality of Life,0.8355535569139785,-1.5887520667540733,Tier 4,PSW,IELTS,1.25729390389707,1
Finland,South Africa,Law,-1.0313504836636822,Yes,Political Stability,-0.0177690848235808,-1.6838167499358765,Student Visa,OPT,TOEFL,0.6052894815936222,0
UAE,UK,Arts,-0.9405411133162296,Yes,Quality of Life,-1.5172384075315974,-0.2190002832637512,J1,OPT,TOEFL,1.1608218339569194,1
UAE,Ireland,Medicine,-0.9138165527799073,Yes,Political Stability,-0.8492773275194523,-0.6305962228279374,Schengen Student Visa,OPT,PTE,0.3611106194692474,1
Germany,Canada,Law,-1.8031983801143077,Yes,Higher Ranking,-2.3115752524499356,-1.5154736956486639,J1,Blue Card,Duolingo,0.999417484590855,1
UAE,UK,Computer Science,-0.9225816846941096,No,Quality of Life,-0.0963269802834989,-2.068153042997207,Schengen Student Visa,Work Permit,IELTS,0.19486183797702566,1
Finland,USA,Social Sciences,0.9360215575712825,Yes,Quality of Life,0.7438226802312996,1.2037974939967104,Study Permit,Blue Card,IELTS,0.011904756538103217,0
Russia,Ireland,Computer Science,1.7894555364456008,No,Quality of Life,2.2154447818866974,0.16873273040302453,Study Permit,Post-Study Visa,PTE,1.1670638346871987,0
Canada,UAE,Social Sciences,0.8754472553897357,Yes,Job Opportunities,-0.05595038430320949,-2.18546074050354,Student Visa,Post-Study Visa,IELTS,1.377928464426398,1
UK,UK,Social Sciences,1.7413841018318759,No,Political Stability,1.6157300898450668,1.0386696754359732,Student Visa,PSW,Duolingo,0.70731796508551,0
Germany,Germany,Natural Sciences,-1.796309238549421,No,Quality of Life,-0.7827858730546192,-1.0395993325244892,Study Permit,Blue Card,IELTS,0.7906376797648699,0
Germany,USA,Business,0.815136810466565,No,Political Stability,0.8028712010007081,1.5035500882495423,Tier 4,Post-Study Visa,TOEFL,-0.2875970206828322,1
Ireland,Finland,Business,0.8741876841031045,Yes,Scholarship,1.582843601636587,0.9926460141841786,Student Visa,Work Permit,PTE,0.5148341285588484,1
South Africa,UK,Law,-0.9072519078073451,Yes,Quality of Life,-0.03185863245754418,-0.6909317951488719,J1,Work Permit,IELTS,0.6287378348330277,0
USA,Russia,Computer Science,-1.7313241436263116,Yes,Scholarship,-0.8349293559967351,-1.189535860092574,J1,Blue Card,PTE,-0.08190713985297701,0
Ireland,South Africa,Business,-0.877668847679956,No,Scholarship,-0.059403119838854115,-2.0644273228363454,J1,Blue Card,Duolingo,1.2931206122473315,1
Canada,India,Arts,1.8887906693586933,Yes,Job Opportunities,1.577528005554673,-0.24791422233777405,F1,Work Permit,IELTS,0.3341128880294379,0
Ireland,Ireland,Medicine,0.8156297065889214,No,Higher Ranking,0.08049741996962645,-1.9784936852601631,Student Visa,Blue Card,None,-2.4899837903421846,0
Germany,Ireland,Engineering,-1.8743413574874215,No,Scholarship,-2.3646384271603993,-0.4920077160994271,Schengen Student Visa,Work Permit,PTE,-0.22575543305059134,0
Russia,South Africa,Social Sciences,-0.0991506742698313,No,Political Stability,-0.8363814906022311,-1.5981832081575464,Tier 4,Work Permit,IELTS,0.09620392754913286,1
Ireland,UAE,Engineering,-1.8875927699932156,No,Scholarship,-1.5713112852854318,1.0788621286612121,Student Visa,OPT,TOEFL,1.3509600216349331,1
Ireland,Finland,Engineering,-0.9209667665540104,No,Quality of Life,-0.789280796110612,1.7418206789558555,J1,PSW,Duolingo,0.6037737569259266,0
Germany,UAE,Engineering,-1.8523450482984665,No,Political Stability,-0.7298683084728957,0.8990180028345806,F1,Blue Card,Duolingo,-0.20236544886864474,1
Finland,India,Law,0.9017008726618052,No,Scholarship,1.5032516410183394,2.306898374354772,Schengen Student Visa,Blue Card,PTE,0.8979598120241878,1
Germany,UAE,Arts,1.8496509842317155,No,Scholarship,2.3284032852556162,1.8492029893579083,Student Visa,Blue Card,None,-2.469151114812597,1
Finland,USA,Social Sciences,-0.9726503505521785,Yes,Job Opportunities,-1.5661569815100056,-1.6161202845200702,Tier 4,PSW,None,0.3532615283037827,0
Canada,Germany,Medicine,0.01649899452069236,No,Job Opportunities,0.7694490482807734,-2.1328388351467225,Study Permit,OPT,PTE,-0.049016530016520676,0
Russia,UAE,Law,0.9214632702006551,No,Quality of Life,0.060018312904658394,2.101023321211384,F1,Blue Card,PTE,1.1763014933261795,0
India,USA,Engineering,-0.0352768744846893,Yes,Political Stability,-0.04239319015947293,1.813410906347656,Study Permit,Work Permit,TOEFL,0.7949667369075821,1
Ireland,Germany,Medicine,1.7363761372302742,Yes,Political Stability,1.531974607560456,-0.3935735177830623,Tier 4,Post-Study Visa,Duolingo,1.2494086495155587,0
Russia,Ireland,Natural Sciences,-1.9065673461323984,No,Scholarship,-0.7527579117135287,-0.35623156686055096,Schengen Student Visa,PSW,TOEFL,0.6990119732597577,1
Canada,Russia,Engineering,0.8811391140727134,Yes,Quality of Life,0.7572008266904945,0.2680874666277214,Tier 4,Work Permit,IELTS,-2.413127519314949,0
USA,Germany,Law,-0.9989386214777468,No,Higher Ranking,-1.6100631365658455,-1.6019299675123142,F1,OPT,PTE,1.3257840075254261,0
Ireland,Russia,Arts,-0.05714313734152394,No,Scholarship,0.8160055843537091,1.0652083005749229,Student Visa,Work Permit,IELTS,0.9230021638995131,1
USA,India,Business,-1.9202759085342749,Yes,Higher Ranking,-2.268343710738,-0.6716332198538163,Study Permit,Work Permit,None,-2.4333437682755594,0
Finland,Russia,Engineering,1.8224053243099239,No,Higher Ranking,2.2674931893536776,-1.9863266599443712,J1,Work Permit,PTE,-0.06405071623422709,0
USA,Russia,Medicine,-1.8925059978852259,Yes,Job Opportunities,-1.6058543303285693,-0.20075612474230758,F1,Blue Card,PTE,0.7380758044109628,0
Germany,India,Business,-0.9150097435818649,Yes,Job Opportunities,-0.051907504028516294,0.7336428523994656,F1,PSW,PTE,-0.23800865646143304,0
USA,South Africa,Medicine,0.9337204265289833,No,Quality of Life,0.6842409860790022,0.6693670899803122,Schengen Student Visa,Blue Card,Duolingo,0.2611980612630217,1
USA,UK,Law,-0.8658137284837278,Yes,Quality of Life,-1.6306913030425227,-1.5700220922481976,Study Permit,Blue Card,None,0.5698699452224013,1
South Africa,Russia,Business,-1.8405296078857711,Yes,Political Stability,-1.5760882697426655,0.769025149695505,J1,Blue Card,Duolingo,0.29719168541323254,0
India,USA,Business,-1.7821093224897324,No,Scholarship,-1.5287717141311898,1.112529642127004,Schengen Student Visa,Work Permit,Duolingo,0.9190498194659849,1
Finland,Canada,Engineering,-1.801278444283476,Yes,Scholarship,-0.8300766243485025,-2.095362410048678,F1,Work Permit,PTE,-0.3660850464243076,1
Ireland,Russia,Engineering,1.764840042954311,No,Higher Ranking,0.8084295253019449,-1.0685134845202249,F1,Blue Card,PTE,1.1533811333227424,1
Canada,Ireland,Natural Sciences,-0.9083442413387905,No,Job Opportunities,-0.7989751860490448,-1.8807974094361433,F1,OPT,TOEFL,1.1455810008667415,0
Canada,USA,Natural Sciences,0.977079560566173,No,Quality of Life,0.8006051692276036,-1.4748218484933442,Schengen Student Visa,Post-Study Visa,None,-2.458704219301513,0
Russia,India,Medicine,0.8848973131951131,No,Political Stability,0.8239777542386959,1.9323383395862828,Student Visa,Post-Study Visa,TOEFL,0.3676242790861335,0
Russia,USA,Engineering,0.8947583601876773,Yes,Scholarship,1.4786031967126865,1.1163917274767128,Schengen Student Visa,PSW,TOEFL,-0.2570453028595068,0
USA,Ireland,Law,-1.8150332094984278,Yes,Quality of Life,-1.5740111528481981,-0.45161287687647367,Tier 4,Work Permit,Duolingo,0.12787520317652967,0
Finland,Finland,Computer Science,0.051303696943129674,Yes,Quality of Life,0.757376259083313,-2.126592598456947,Student Visa,Blue Card,PTE,0.9247754711506653,0
South Africa,UAE,Computer Science,0.8641625307305071,No,Higher Ranking,1.510982039027488,-0.5997245569625336,F1,Post-Study Visa,Duolingo,-2.5349487989496287,0
UAE,Germany,Natural Sciences,1.7801065040478292,Yes,Job Opportunities,1.614080140563599,1.7256800269818457,Study Permit,OPT,PTE,0.8603627518702922,1
Finland,Ireland,Engineering,-1.7722729231036753,No,Quality of Life,-1.5742984551543626,-1.4854838228449976,Schengen Student Visa,Blue Card,TOEFL,1.0470146438653574,1
Russia,Ireland,Natural Sciences,0.825660789659166,No,Quality of Life,0.7605110257186175,-0.4445164074510235,Student Visa,OPT,Duolingo,-0.145057221214071,1
Canada,Finland,Business,1.8261892942432427,Yes,Political Stability,0.8193092913360004,-0.012460121735703503,Study Permit,Blue Card,Duolingo,0.10053371106343624,1
Russia,Finland,Engineering,0.9066071363542808,Yes,Quality of Life,-0.0412931674752476,-0.18011747341579568,Student Visa,Work Permit,TOEFL,-2.406921680910142,0
UK,India,Arts,0.009505023209798817,Yes,Scholarship,0.8492403219513869,1.5057803315122564,Tier 4,Blue Card,Duolingo,1.1041375166430154,1
Germany,Finland,Natural Sciences,-0.9721511107223968,Yes,Job Opportunities,-0.8030724073547533,0.4433201131964522,F1,Post-Study Visa,None,0.40769216117472495,1
Russia,USA,Social Sciences,-0.9229797465133542,No,Political Stability,-0.7695479593229007,1.9054329248745563,F1,PSW,IELTS,-2.4930412650262936,1
USA,Russia,Law,-1.898372741312407,Yes,Political Stability,-0.8559088405337267,-1.0978630064449462,Study Permit,OPT,IELTS,1.281493686815211,1
South Africa,UK,Law,-0.9525236990455913,No,Higher Ranking,-0.0032344549130881237,0.2531924610157464,Tier 4,Blue Card,TOEFL,0.8582142243442746,0
USA,Russia,Law,0.9192211823530839,Yes,Job Opportunities,1.576966554492218,-0.918451830045281,F1,PSW,IELTS,0.8730856198370992,1
Canada,Finland,Engineering,1.8153451754921253,No,Quality of Life,2.365485276977761,2.072782796699817,Tier 4,Work Permit,Duolingo,0.2830073559668637,0
Ireland,UK,Social Sciences,-0.062352569532653015,No,Quality of Life,-0.7842418328327544,0.28702887979130365,J1,Post-Study Visa,Duolingo,0.3960992240457661,0
India,South Africa,Business,0.027513228828252273,Yes,Job Opportunities,-0.019232992029643636,-1.6252595962258813,Study Permit,PSW,PTE,0.06241857556555823,0
USA,UK,Arts,-0.007252648813486708,Yes,Job Opportunities,0.8529692656718204,2.177161046274971,Tier 4,OPT,PTE,0.7508897136250618,0
USA,UAE,Engineering,1.7511348023067959,Yes,Political Stability,1.5961488987418468,2.1093716818413,F1,PSW,None,-2.523570413525197,0
USA,USA,Engineering,0.016234975151922272,No,Job Opportunities,0.009977097580880223,1.8979385027316178,J1,Post-Study Visa,IELTS,-0.3402116612618052,0
Russia,Finland,Natural Sciences,1.884483814545562,Yes,Job Opportunities,2.4088201638844016,-1.1006915289211097,Student Visa,Work Permit,PTE,0.4223292966774893,0
Russia,UAE,Engineering,-1.85150478897977,No,Political Stability,-0.8719343786649745,-1.1779526905360531,Schengen Student Visa,Post-Study Visa,PTE,0.8467829108660005,1
Russia,India,Computer Science,0.9425237553489032,Yes,Higher Ranking,-0.06698960302180001,0.14532733240484821,Tier 4,Post-Study Visa,IELTS,0.375849572255724,1
South Africa,Russia,Arts,-0.8917037496459033,No,Political Stability,-0.05087578633351238,0.023131284941273245,J1,Work Permit,TOEFL,0.9377549960983989,1
India,Ireland,Business,0.8800177813328831,Yes,Political Stability,0.7268055710678966,-0.4834698538241729,Schengen Student Visa,Post-Study Visa,Duolingo,1.2617289044501914,0
Russia,Finland,Social Sciences,0.8506315289821587,Yes,Higher Ranking,0.7707755577273816,1.6639085361327925,Schengen Student Visa,Post-Study Visa,None,-2.492245682173865,1
UAE,Germany,Social Sciences,0.04107696653382564,Yes,Scholarship,0.6901567313635381,-1.4897172567227701,Study Permit,Post-Study Visa,TOEFL,-0.19957668142823307,1
Finland,Germany,Engineering,-0.9352399539578176,No,Higher Ranking,-0.785969908400145,-0.361259080001324,F1,PSW,IELTS,1.111183519621612,0
UK,South Africa,Natural Sciences,-0.9933312689072804,Yes,Political Stability,-0.77693617901586,1.3398617097738208,F1,PSW,TOEFL,0.5470394346204186,0
South Africa,UAE,Arts,0.015456800000933456,Yes,Higher Ranking,-0.7818646627441073,-1.1800636907722017,Study Permit,Blue Card,PTE,0.902613455874081,1
UAE,UAE,Computer Science,-1.8911734584927238,Yes,Quality of Life,-1.5482803798490563,-1.102321108436987,Schengen Student Visa,OPT,PTE,-0.09649723727943171,0
Russia,Canada,Social Sciences,-0.910385614893468,No,Quality of Life,-1.6162302679794798,-1.0827530315178355,Schengen Student Visa,OPT,PTE,0.25297486358522714,0
Russia,UK,Law,-0.8990011001343424,Yes,Job Opportunities,-0.021934004762681716,-0.9695092725296741,Schengen Student Visa,Work Permit,IELTS,1.3217209234322296,1
Canada,Ireland,Social Sciences,-0.8472156475616446,Yes,Political Stability,-0.7391534193284459,-0.9783257734054406,Student Visa,OPT,TOEFL,0.15960037354812207,0
Russia,Canada,Engineering,0.8271866620555943,Yes,Higher Ranking,0.7548579557390098,1.3210646718545003,Schengen Student Visa,OPT,None,0.9894267781249719,1
Russia,UAE,Arts,-0.9969762105763651,No,Scholarship,-0.04303052345561201,1.233479108433021,Schengen Student Visa,Work Permit,Duolingo,0.7127032806850067,0
Finland,Canada,Social Sciences,0.005987710839299195,No,Quality of Life,0.7706394468436366,1.666925211626131,J1,Post-Study Visa,TOEFL,1.1587664305615288,0
Germany,Canada,Law,1.8342188394288808,Yes,Higher Ranking,2.4013689390570256,1.445720589492386,J1,PSW,PTE,-0.07124965395848273,0
USA,UAE,Law,0.9130523915605866,No,Political Stability,0.008770118911877092,-0.6171027982320985,Schengen Student Visa,PSW,PTE,1.0210651264731008,0
Canada,Russia,Engineering,-1.8348374160049012,No,Job Opportunities,-0.7198463281851364,0.9127026876035963,Schengen Student Visa,PSW,Duolingo,0.15210502573405912,1
Russia,Ireland,Medicine,-0.8953658162531557,Yes,Higher Ranking,-1.4820978043983482,-1.4442074222292134,Tier 4,Post-Study Visa,TOEFL,-0.09384658139093507,0
South Africa,India,Natural Sciences,1.8471661521196319,No,Job Opportunities,2.3365679237336687,0.49716899466145253,Tier 4,OPT,None,-2.523868643767903,1
USA,Canada,Social Sciences,-0.99297424119689,Yes,Political Stability,-0.8723587857435846,-0.23962458353037625,Study Permit,Blue Card,Duolingo,-2.4212039155890177,0
USA,Finland,Medicine,-1.847421940938202,Yes,Higher Ranking,-0.7081306815635993,-0.7197317431425814,F1,Work Permit,PTE,-0.17524351623607426,0
UAE,Russia,Computer Science,1.7921638905887567,No,Quality of Life,0.7782786525693265,1.3610166840866589,Schengen Student Visa,PSW,None,-2.5330377027458058,1
Canada,South Africa,Arts,-0.9718624591233064,No,Job Opportunities,-0.8509348083820025,-1.3969734903374271,J1,OPT,None,-2.3833462454663086,1
India,UK,Business,-1.8255346544684634,Yes,Political Stability,-0.7915742443265874,0.11489923011364717,F1,Post-Study Visa,Duolingo,0.31730530430342324,0
Ireland,Russia,Computer Science,1.8647698545985252,No,Job Opportunities,1.5674303835545937,-0.37580301512992853,J1,Post-Study Visa,Duolingo,1.090229684116638,1
USA,Germany,Natural Sciences,1.820121984713224,No,Quality of Life,1.5044664217717156,0.1620580537109521,J1,OPT,None,0.4761374378965424,0
USA,Canada,Natural Sciences,0.9917879536444991,Yes,Political Stability,-0.017742438611060833,0.1247537886779947,F1,Work Permit,Duolingo,1.306390619394938,0
USA,India,Natural Sciences,0.8768644041277038,Yes,Political Stability,1.476466816477081,0.8711804801367573,Tier 4,Blue Card,IELTS,0.8305398153193769,1
India,UK,Natural Sciences,-1.9327354343727798,No,Scholarship,-0.9275095315034219,2.2019005872964734,Study Permit,OPT,TOEFL,-0.16215271793541242,1
Germany,Ireland,Engineering,0.8697286147786575,No,Scholarship,-0.1252601813252041,0.5554303816184409,J1,Work Permit,PTE,1.157805514070072,0
Canada,Canada,Arts,-0.04567991029854485,Yes,Political Stability,-0.8249178934313004,0.8872909279546758,Schengen Student Visa,Blue Card,TOEFL,-0.09609917549459619,0
Ireland,UK,Natural Sciences,0.03243989624100392,No,Job Opportunities,-0.8223284910422429,-0.7820052499118226,F1,PSW,None,-2.430787666561864,1
India,Russia,Natural Sciences,-1.8481945355589113,No,Job Opportunities,-2.3905679618445896,1.7606338257291567,J1,PSW,TOEFL,0.634008381813861,0
South Africa,UK,Medicine,-0.8803559484060467,Yes,Quality of Life,-0.7695288789704766,0.49518732802770093,F1,OPT,TOEFL,-0.02117251919165583,0
UK,Canada,Arts,0.06816445742083982,Yes,Scholarship,-0.6917827814581133,1.416862465024367,J1,OPT,PTE,1.2881624316671756,1
India,USA,Social Sciences,1.8106789032811113,No,Job Opportunities,2.312911983272568,-1.1221261552541195,F1,PSW,None,-2.4086807179451313,1
South Africa,UAE,Social Sciences,0.04017947940876474,No,Higher Ranking,-0.7765663728603072,1.8688898468026025,Tier 4,Blue Card,PTE,-0.0002648057728999731,0
UAE,USA,Law,1.0051964041447783,No,Scholarship,0.8749586904240123,0.7609166987335189,Study Permit,PSW,PTE,0.31066219885997004,0
Germany,Canada,Computer Science,-1.8439004769540905,Yes,Scholarship,-2.2864376579551893,-0.8389578739820868,F1,Work Permit,Duolingo,1.493986754068219,0
Ireland,Canada,Social Sciences,-0.9595581936137683,Yes,Job Opportunities,-0.012813177750102628,-0.5891675259302668,Tier 4,Work Permit,TOEFL,0.23668797742915373,0
Germany,UK,Natural Sciences,-1.8337536485840138,No,Quality of Life,-0.7194482377764473,0.3822750186621286,F1,PSW,PTE,1.0811729481140553,0
India,Ireland,Natural Sciences,-1.8666430411762942,Yes,Scholarship,-2.325902233617298,0.36171917235342194,J1,Blue Card,TOEFL,0.10363683283850823,0
UK,USA,Medicine,-1.921102768054613,No,Quality of Life,-1.6168487341241011,-1.1911086156459323,Study Permit,OPT,IELTS,0.7828598845004673,1
UK,UAE,Computer Science,1.7193574503621867,Yes,Quality of Life,1.5687463016435736,-0.6784542567941922,J1,OPT,TOEFL,0.5749735615491771,0
UAE,UAE,Computer Science,-0.010919715641440477,Yes,Political Stability,0.7655045958154629,-0.519972725766523,F1,Blue Card,None,-2.551062596540933,1
Canada,Germany,Engineering,0.8132431013222325,No,Higher Ranking,0.8452030945055237,0.2093508641242625,Tier 4,PSW,IELTS,0.09239825538002616,1
Canada,Finland,Medicine,0.03271067240890435,No,Political Stability,-0.7924106306831815,1.5802769917935808,J1,Blue Card,None,-2.475425297245933,0
USA,India,Law,1.7843789438259239,Yes,Scholarship,1.531131269847671,-1.8691779411202958,Schengen Student Visa,OPT,IELTS,0.4771381111686789,0
Finland,USA,Computer Science,0.10464155933540946,No,Political Stability,-0.04027957472112246,-2.1514964738369837,Tier 4,Blue Card,PTE,1.2340532856443156,0
UAE,Finland,Social Sciences,1.8732043126641085,No,Scholarship,0.6902949101658857,0.17369719904537725,F1,Work Permit,Duolingo,0.4434986799632175,1
UK,Germany,Natural Sciences,0.860060988012268,Yes,Quality of Life,0.7091998750636864,0.8836896160062979,F1,Post-Study Visa,TOEFL,0.7419104015534661,0
USA,USA,Law,-0.8336969823772729,No,Scholarship,-1.5891918697711953,1.1294148223040714,Student Visa,Post-Study Visa,PTE,0.8362405970934248,1
Canada,Ireland,Law,1.870630318452093,Yes,Quality of Life,1.6157307736325786,-1.4871998474591086,Schengen Student Visa,Post-Study Visa,PTE,0.8705775599071661,1
Finland,South Africa,Arts,0.8324459187540537,Yes,Higher Ranking,1.4799920807235503,2.119309563074326,Student Visa,OPT,IELTS,0.5239324610946281,1
Germany,South Africa,Arts,1.8279967052603974,No,Higher Ranking,2.3262722343156472,-1.8204512894047529,J1,OPT,None,-2.4350992602968833,0
UAE,USA,Law,-0.9776637712076302,Yes,Scholarship,0.016687832616958057,-0.6164730436874396,Schengen Student Visa,PSW,None,-2.580847934155825,1
South Africa,Ireland,Law,-0.04936407671925453,No,Scholarship,-0.07552931617306584,-1.2417797787991431,Study Permit,Post-Study Visa,IELTS,0.6451800054777719,1
Finland,UK,Natural Sciences,-1.9001892465092265,No,Job Opportunities,-0.793154624988356,-0.8263007572100508,Student Visa,Post-Study Visa,TOEFL,0.9262848615114276,0
UAE,Finland,Computer Science,-1.9369827172949445,Yes,Higher Ranking,-1.6000662201571139,-0.8224062342522259,Student Visa,Post-Study Visa,TOEFL,0.9145713384380314,0
USA,Finland,Medicine,-1.8130172297137104,No,Scholarship,-1.6392244579787734,0.40530160859930486,Tier 4,Blue Card,TOEFL,0.739353170591767,1
Ireland,UK,Law,-0.02907115987311916,No,Political Stability,-0.061901968268495325,-0.44570962992484636,J1,OPT,IELTS,0.8477539405610373,1
USA,India,Business,-0.033550466202247185,Yes,Job Opportunities,0.010261537535215505,0.6350619746911199,Study Permit,OPT,TOEFL,0.9242081347774876,1
Germany,Canada,Business,-1.863781118126988,Yes,Quality of Life,-0.8300196443288264,1.1389563530016997,F1,Blue Card,IELTS,0.17062784058535235,1
USA,Ireland,Medicine,-1.7706440336932667,No,Job Opportunities,-1.5795389939111166,-0.18305658800237984,F1,Post-Study Visa,TOEFL,0.5010267656992974,1
Germany,UAE,Medicine,0.9337772372544205,Yes,Political Stability,-0.09379583272145064,1.5385635717731028,Study Permit,PSW,None,-2.4847638566853365,0
Germany,USA,Medicine,-0.06660887053152331,Yes,Scholarship,0.02047758467073218,0.9705788522884794,Student Visa,Blue Card,PTE,1.2515762297626836,0
India,Canada,Business,0.8227932942476488,Yes,Political Stability,-0.05751717915322929,0.822957416700775,J1,Post-Study Visa,TOEFL,0.5802374764907762,0
UAE,Canada,Social Sciences,-0.9407217487161025,Yes,Political Stability,-0.7829843547149352,1.5665003656077847,Student Visa,PSW,Duolingo,1.2896670142046092,1
UK,Ireland,Computer Science,-0.9240794430021372,Yes,Quality of Life,-1.5749276983924787,-0.5278948192608216,Schengen Student Visa,Work Permit,TOEFL,1.0771414684504645,1
UK,Russia,Business,1.800428662153395,Yes,Job Opportunities,0.8453752144858198,-1.0343862819864749,Schengen Student Visa,Work Permit,PTE,0.6700008622988357,1
UK,Russia,Law,-1.9083646857861905,No,Scholarship,-0.7731370178509319,-1.2369316163022361,J1,PSW,None,-2.481623309322823,1
Finland,Germany,Law,-0.03209059224305594,Yes,Higher Ranking,0.7411522721677906,-0.1540249890450484,Study Permit,Work Permit,IELTS,-0.2757498368143989,1
Canada,USA,Arts,0.9231207180304246,No,Political Stability,1.5732338269153234,-0.3232022975945656,J1,PSW,PTE,0.05293894211441133,1
Ireland,Russia,Arts,-0.9438236225630198,No,Scholarship,-0.04851214776638023,-1.5186175527129586,J1,OPT,TOEFL,0.6459880279687893,0
Ireland,Germany,Medicine,-0.8933832435144697,No,Political Stability,-1.5720417136737654,-0.29620784698421193,J1,OPT,PTE,-0.17282594937568707,0
USA,Russia,Social Sciences,1.8594684465190552,Yes,Higher Ranking,0.7936873986892677,1.131073162685194,J1,Work Permit,IELTS,1.321440412671418,0
South Africa,Finland,Natural Sciences,-1.8475733145497601,No,Quality of Life,-0.8151697706244517,1.2485658348867443,F1,Blue Card,PTE,0.3397475482911484,0
Russia,USA,Social Sciences,-0.8454123033097428,Yes,Higher Ranking,0.08308763182811993,-1.3028355414844275,Schengen Student Visa,Post-Study Visa,None,-2.4329353689189688,0
UK,UAE,Arts,-0.005433985667328249,Yes,Scholarship,-0.17310899050563922,-2.241311171806624,Tier 4,Work Permit,Duolingo,1.3864633119486938,0
Canada,Russia,Computer Science,1.8034567209810521,No,Scholarship,1.6115267073598736,-1.0009147141589991,Student Visa,PSW,Duolingo,0.3773791354215053,0
India,Russia,Law,1.8441150538960764,Yes,Job Opportunities,1.5631637936836336,-0.11172186981098842,J1,Work Permit,PTE,1.1231301016477164,0
Germany,Russia,Law,1.8861164303033098,No,Scholarship,2.2430564170510117,-0.6209892613963454,Student Visa,OPT,IELTS,0.2602439392872619,0
Russia,UAE,Natural Sciences,-1.8159398512182043,No,Political Stability,-2.3054046023172354,0.5403597825291673,Schengen Student Visa,PSW,TOEFL,0.1276084940569984,1
USA,Russia,Business,0.9030837224339372,No,Political Stability,0.058767741525638434,-2.1573347563554934,J1,Work Permit,None,0.5593687665944308,1
India,USA,Computer Science,-0.9071241652307409,Yes,Political Stability,-0.027533866597960133,-0.9067731922272387,Schengen Student Visa,Work Permit,Duolingo,1.171953073322284,0
Ireland,India,Natural Sciences,0.8978730814600188,Yes,Political Stability,-0.06301533052867984,-0.05982045263311565,F1,Blue Card,TOEFL,0.7769004165876408,1
South Africa,UK,Law,0.9030493056898465,No,Political Stability,0.0535666102869443,0.2327996452698616,Schengen Student Visa,Post-Study Visa,Duolingo,0.30907824782434795,1
South Africa,UK,Business,-1.806608271838892,No,Job Opportunities,-1.5105006218942474,-2.049794786787798,Student Visa,Post-Study Visa,None,0.7819287007243705,1
UAE,USA,Computer Science,-1.862457302111291,Yes,Quality of Life,-1.5466524667952868,-0.3660228422623697,J1,OPT,IELTS,0.9661574123441108,1
UAE,South Africa,Natural Sciences,0.9134211050183125,No,Job Opportunities,0.012875946249231881,0.8980692702661007,J1,OPT,PTE,0.5088335886517497,0
India,UAE,Computer Science,-0.9528657381334008,No,Scholarship,-0.7826871913610681,2.0307719613676323,Student Visa,PSW,None,0.17010628893875585,0
Finland,Russia,Law,0.8761997452948347,No,Scholarship,0.6871448800368041,-0.695027667879404,J1,Work Permit,Duolingo,-2.398334955494375,0
Germany,India,Medicine,-1.8843298836153632,Yes,Scholarship,-0.838247422385426,-0.7796978770455737,Study Permit,PSW,IELTS,-0.14525578140723328,1
USA,Canada,Social Sciences,0.93933891963104,No,Political Stability,0.6977747734382159,-0.21022789568644676,Schengen Student Visa,Post-Study Visa,Duolingo,0.7671370579356344,1
Russia,South Africa,Law,-1.9147148645704302,Yes,Political Stability,-0.7518141983965332,-0.49987228247283266,Student Visa,OPT,Duolingo,0.3434286715518624,1
UAE,UK,Medicine,-0.8620016736597237,Yes,Scholarship,0.0365179410937948,-1.9048580732015916,F1,Work Permit,PTE,1.100431878852942,1
Germany,India,Engineering,0.011356807386558252,No,Quality of Life,0.03699046711397201,1.6624279488307474,Schengen Student Visa,OPT,IELTS,-2.5259678557888736,1
UAE,Finland,Engineering,-0.912798842425505,Yes,Scholarship,-0.7252235382205406,-0.4360924941627089,Study Permit,OPT,None,0.8533901735701002,0
India,USA,Social Sciences,0.8634802328881495,No,Political Stability,-0.005563995862047512,-0.22540396703792986,Student Visa,Post-Study Visa,PTE,0.16438332804161676,0
USA,Russia,Social Sciences,-1.7654214500601135,Yes,Scholarship,-0.775542381740699,1.1174114268973492,Study Permit,Blue Card,None,0.1514506026113745,0
Germany,Finland,Law,-1.8298388816246756,Yes,Quality of Life,-1.6018576377668543,1.4907816449873375,Student Visa,Post-Study Visa,None,-0.005453726809939025,1
South Africa,UK,Natural Sciences,0.013722254113808832,No,Political Stability,-0.05510895339165606,-2.0213417269837253,F1,Blue Card,IELTS,-2.456851358617131,0
USA,Germany,Medicine,1.8225742908404055,No,Political Stability,1.535294244701727,1.8571680818552943,Schengen Student Visa,PSW,PTE,0.6880394916549004,1
Ireland,UAE,Engineering,-0.9766229936862433,No,Scholarship,-1.6265669795508293,1.0079853286474283,Student Visa,OPT,IELTS,1.1828132121867665,1
Russia,Germany,Business,0.9650525628066173,Yes,Job Opportunities,1.5992782728371886,-0.926018741112178,Tier 4,Post-Study Visa,TOEFL,0.16601310452263607,1
UAE,Finland,Engineering,1.7931321002506193,Yes,Quality of Life,1.5336366435915552,0.5707751810605187,F1,Post-Study Visa,PTE,0.9692646491870103,1
India,UAE,Social Sciences,-1.8827249430044761,Yes,Job Opportunities,-1.553488205081672,1.0235711583613634,Schengen Student Visa,Post-Study Visa,IELTS,-0.16413845632147137,0
Canada,Ireland,Medicine,-0.027637559570229293,No,Quality of Life,0.7782018543377373,1.8246431322203311,Student Visa,Work Permit,IELTS,0.8963710519724408,1
Finland,UAE,Medicine,0.07743291833441696,Yes,Higher Ranking,0.08508971750687391,-1.3004696786814103,Schengen Student Visa,Work Permit,None,-2.4225207651123477,0
Germany,Germany,Computer Science,1.8443044675437585,Yes,Scholarship,2.3325963315701483,2.0945554042865075,Schengen Student Visa,PSW,Duolingo,0.270393176568292,0
USA,South Africa,Social Sciences,0.902915991748963,Yes,Quality of Life,1.5754540443288862,-0.5764484001711121,Student Visa,Blue Card,TOEFL,1.1373726143293208,0
Russia,South Africa,Medicine,1.8288411818311783,No,Political Stability,2.266532449984366,-0.5539196712228036,F1,OPT,None,1.3127947172321277,0
Germany,UAE,Arts,-1.8458244859546673,Yes,Higher Ranking,-0.8664413625944622,1.1621935972614497,Study Permit,Work Permit,PTE,0.30782749155326283,0
UAE,Finland,Natural Sciences,-1.9161066854032938,No,Scholarship,-1.6154674832920368,1.285567606239589,Study Permit,Post-Study Visa,Duolingo,1.1042303134943117,0
Canada,Canada,Medicine,-0.0005609924589154765,No,Higher Ranking,-0.00698524410542284,-0.08826473854304284,J1,OPT,PTE,0.07902905851995196,0
USA,Germany,Arts,-1.8160595982708816,Yes,Job Opportunities,-1.596898989540953,-1.6126977565952363,F1,Post-Study Visa,PTE,-0.2758390743339708,0
South Africa,UAE,Law,0.9359056221521439,No,Quality of Life,0.7900932873050222,0.6641666997678611,Tier 4,Post-Study Visa,Duolingo,-2.47702708254734,0
USA,South Africa,Computer Science,-0.044418373448862514,No,Higher Ranking,0.7137415470949279,1.422082237761292,Tier 4,Post-Study Visa,TOEFL,1.0684503130012528,0
Russia,South Africa,Arts,-0.9941208741927954,Yes,Higher Ranking,-1.56642078542609,-0.4972703905936393,Study Permit,OPT,None,-2.4596682351504544,1
Canada,South Africa,Arts,0.8436439101400757,No,Political Stability,-0.032548691486956334,2.0149262392473415,Study Permit,Post-Study Visa,IELTS,1.2244022241743489,1
India,UK,Social Sciences,-0.9318565794898928,No,Political Stability,-1.598935402151694,0.965337601809809,F1,Blue Card,PTE,0.5940150177922836,0
UK,UAE,Business,-0.9481807450321846,Yes,Higher Ranking,-1.5448527044472933,-1.9336746903529063,Schengen Student Visa,PSW,TOEFL,0.009034165772219724,1
South Africa,Canada,Engineering,-0.16104259044442426,Yes,Scholarship,-0.7526818325873113,0.6976842983457572,J1,OPT,PTE,-0.22720863742915565,1
India,UAE,Medicine,1.8159055004772222,Yes,Job Opportunities,1.5555381225891607,1.313629076931697,F1,PSW,Duolingo,0.9591952152229076,1
UK,Russia,Law,-1.75231479804466,Yes,Scholarship,-2.4466457924261302,-0.24028104122009097,F1,OPT,IELTS,-0.010563598204683652,1
USA,Germany,Arts,-0.9315662530654328,No,Higher Ranking,-0.7904983990804297,0.385870956517855,J1,Blue Card,TOEFL,-0.08963695897066974,1
Germany,Russia,Business,1.7720041916143012,No,Higher Ranking,2.3783482378788343,-0.5347014245758969,J1,PSW,IELTS,-2.4150588895300706,1
Canada,UAE,Computer Science,0.002468987444260438,Yes,Quality of Life,0.0439646038537877,1.1432653912567707,Study Permit,Post-Study Visa,IELTS,1.150634622805702,1
UAE,Finland,Computer Science,-0.9511748464243215,Yes,Scholarship,-0.7274299307375359,-1.8554768546372273,Study Permit,Blue Card,TOEFL,0.644247003062096,1
USA,Finland,Engineering,1.79483803531122,No,Scholarship,1.543366473869527,2.1441092802605017,Study Permit,Work Permit,None,-2.4200057072914256,0
Germany,Ireland,Computer Science,-1.8256185210925853,No,Job Opportunities,-2.3986866776950526,-0.08961854196752826,Tier 4,PSW,IELTS,-2.4479964414753996,0
Canada,India,Engineering,0.9102194704647455,Yes,Quality of Life,-0.004952529166061249,-2.0913491595353495,F1,PSW,Duolingo,1.4494868445617513,1
Canada,Russia,Engineering,-1.866029865145665,Yes,Scholarship,-1.5714556707393448,0.3201598979016976,J1,Work Permit,PTE,0.7448129008411014,1
UK,Germany,Arts,0.9245664575288431,No,Political Stability,1.5207271438831207,-1.614359896539997,Student Visa,Post-Study Visa,None,-0.047515728193169404,0
South Africa,Finland,Law,-0.9223880794596268,No,Political Stability,-0.017296781451622553,0.6955989014089762,Tier 4,Work Permit,TOEFL,-0.10052369374522584,1
Canada,South Africa,Engineering,-0.10335128851065935,No,Quality of Life,-0.7818271304614056,0.7132476627512995,Tier 4,Work Permit,TOEFL,0.8848585104349349,0
Russia,South Africa,Social Sciences,-0.00895849286413987,Yes,Job Opportunities,-0.9123715308322455,0.8141751226670508,Student Visa,Post-Study Visa,TOEFL,0.7157791733492219,1
USA,UAE,Law,1.794031955332961,Yes,Scholarship,2.3537059189940277,-1.3710243952816934,Schengen Student Visa,PSW,None,-2.514877987503329,1
South Africa,Finland,Natural Sciences,1.867919077916793,No,Higher Ranking,0.7904466390629253,-0.7087288698712648,F1,Post-Study Visa,PTE,0.8462908041617163,1
Ireland,Canada,Natural Sciences,-0.02943185519452847,No,Scholarship,0.062335922526473575,-0.6103062045089791,Study Permit,Post-Study Visa,None,-2.4298620615474444,1
India,Ireland,Law,-1.8173103651954352,Yes,Job Opportunities,-0.882440352021662,0.9508565611899389,Schengen Student Visa,Blue Card,TOEFL,-0.0781217506917744,1
Finland,USA,Natural Sciences,1.7492604125262388,No,Quality of Life,0.7716938797299645,0.9429916991258714,F1,Work Permit,Duolingo,0.7852922441047004,1
UK,USA,Engineering,-0.06356204308127392,No,Political Stability,0.045659170177662384,-0.9832183814064218,Study Permit,Blue Card,None,-2.474099051475812,1
Finland,Ireland,Business,0.8789163611244124,Yes,Political Stability,1.559234857622524,-1.2564655220173584,Student Visa,PSW,IELTS,0.4365901887015703,1
UK,Canada,Arts,0.9201817126301916,Yes,Higher Ranking,0.697340211266156,1.9777196385622209,J1,Blue Card,None,-2.4358206728304608,1
UK,India,Computer Science,-0.898514028718559,Yes,Job Opportunities,-0.012642738521560132,0.051402262934203566,F1,Blue Card,IELTS,1.3487961297450588,0
India,Canada,Medicine,0.8926045545991506,Yes,Higher Ranking,0.7157341110477751,-0.24366961674514562,J1,Work Permit,PTE,-0.02028094256142305,0
UAE,India,Social Sciences,-0.8339721398772851,Yes,Scholarship,-1.6189905618507587,1.8691163768658223,Tier 4,Blue Card,Duolingo,0.6842810998076283,0
India,Germany,Social Sciences,1.786722532999278,No,Quality of Life,1.5919629444426742,0.478659805083528,F1,Work Permit,TOEFL,0.15874196849242642,0
Canada,Ireland,Computer Science,-0.08491723334450986,Yes,Scholarship,-0.02445660209926415,0.5131177308244932,Tier 4,PSW,IELTS,0.5161859230530617,1
Canada,Canada,Computer Science,-0.06490796353100925,No,Scholarship,0.04618267989072761,0.09124121106044007,J1,OPT,TOEFL,1.2051722294508476,0
South Africa,Ireland,Natural Sciences,0.8925607613531358,Yes,Scholarship,1.5024790249030893,1.316654927970103,J1,Post-Study Visa,None,0.1300228541321618,0
UAE,India,Social Sciences,1.779620267267782,Yes,Quality of Life,1.5006640072660051,-1.5050846838084697,Schengen Student Visa,Blue Card,IELTS,1.1199728597598608,1
Canada,Russia,Medicine,-1.765119214293762,No,Job Opportunities,-2.373713567155518,-0.515232564072949,J1,PSW,PTE,0.9915451683716128,1
USA,India,Computer Science,-0.9076938763463762,Yes,Job Opportunities,-0.8148049822165812,-1.4339419185402926,Study Permit,Work Permit,IELTS,0.4153541427672043,1
Germany,Finland,Computer Science,-1.8812803505656104,Yes,Scholarship,-1.5360792302816595,1.7157416650740243,Study Permit,PSW,PTE,1.1777520453027344,1
Ireland,USA,Medicine,0.9556532891844468,No,Political Stability,0.7703253821149444,0.22847704001042138,Study Permit,Work Permit,Duolingo,-0.046948459317833854,0
South Africa,USA,Arts,1.7805795007585672,Yes,Scholarship,2.3352419611269606,1.7302154183296587,Tier 4,Blue Card,Duolingo,0.7234189760678558,0
Canada,USA,Law,-0.9680180123496303,No,Scholarship,0.014411364499133123,-1.6349433095499588,Tier 4,Work Permit,PTE,0.8113883537624399,1
Finland,USA,Social Sciences,1.850459279933418,Yes,Job Opportunities,1.506340501564183,-1.691240892987641,Study Permit,Work Permit,None,-2.412554437521414,0
UAE,Russia,Law,1.6759701588726719,No,Political Stability,2.3664437716363302,1.1945085388866832,Schengen Student Visa,Post-Study Visa,TOEFL,0.38796121677643364,1
USA,South Africa,Engineering,-1.9063368861676544,Yes,Higher Ranking,-0.7425943807940795,-1.1386268882097128,Student Visa,PSW,Duolingo,-2.5270740853851557,0
Canada,Finland,Law,-1.8434165144245425,Yes,Higher Ranking,-0.8190011421210661,-0.7880158108657704,F1,PSW,PTE,0.03225362504172889,1
Russia,India,Engineering,1.837454795595271,No,Higher Ranking,0.7649029833043015,0.567311777928142,F1,Work Permit,TOEFL,-0.026879362051225698,1
Canada,UAE,Law,0.9974822813252229,No,Higher Ranking,1.5450323898252687,0.596096905611408,F1,OPT,PTE,0.4066517315229619,1
UAE,Finland,Natural Sciences,0.8303911926515127,No,Scholarship,1.4928038246705972,-2.0750727724620126,Tier 4,PSW,TOEFL,1.406565286836003,0
USA,South Africa,Natural Sciences,-0.9829729025217604,Yes,Higher Ranking,-0.005440831783001346,0.06369456189881607,J1,Work Permit,TOEFL,0.6653053165829491,0
Ireland,Germany,Social Sciences,-1.831375838863562,No,Higher Ranking,-0.7331297561777557,-0.4816729219946832,Tier 4,Work Permit,TOEFL,0.7439081529364875,1
South Africa,Canada,Natural Sciences,-0.9630877869174705,No,Scholarship,-1.589311040469294,-1.0818466942127902,F1,Work Permit,IELTS,0.6339169429994918,1
UK,Ireland,Law,-0.8912260020560183,Yes,Scholarship,-0.8520584506834562,-1.027534935109933,Schengen Student Visa,Post-Study Visa,PTE,-0.20088098599764642,1
Germany,Finland,Computer Science,0.9312408494470273,Yes,Higher Ranking,1.4964840710394545,1.336556323280978,Tier 4,Work Permit,Duolingo,1.2487764568594701,1
Canada,Russia,Law,1.7596642855978764,No,Political Stability,0.6828303612374225,-0.5824805818236379,Tier 4,Work Permit,Duolingo,1.1953917645353234,0
UAE,Canada,Medicine,-0.9464090836980933,Yes,Job Opportunities,0.015693294241836516,-1.5184501298486133,Schengen Student Visa,Blue Card,PTE,0.023310673028692518,0
UAE,Finland,Computer Science,-1.8752090139603639,No,Quality of Life,-1.6185853041168459,0.2538022115061734,Schengen Student Visa,PSW,IELTS,1.0060240630090196,1
USA,Germany,Law,0.9798174764174108,Yes,Quality of Life,1.513703752607425,-1.7678268856998047,Study Permit,Post-Study Visa,Duolingo,0.22526618108837065,0
UK,Ireland,Social Sciences,-0.985992970843198,Yes,Scholarship,-1.6666863144294446,0.24375333566519633,Tier 4,Post-Study Visa,IELTS,-0.06315706490316352,1
South Africa,India,Computer Science,0.8835298771167935,Yes,Job Opportunities,1.530303134956593,1.7931714543569504,Schengen Student Visa,Work Permit,PTE,0.8197786822307055,0
UK,South Africa,Computer Science,0.9276421965511831,No,Political Stability,-0.08876384465288224,0.09370100741908563,Tier 4,PSW,IELTS,1.0774127543387346,1
Germany,India,Natural Sciences,-0.9771675300152081,Yes,Job Opportunities,0.04288462283756872,-1.0550427965178288,F1,Work Permit,Duolingo,1.0941255568608899,1
Canada,UK,Engineering,1.7411381284243383,No,Job Opportunities,0.7226890509795596,-0.7141316622567759,Student Visa,Post-Study Visa,IELTS,1.034984719721902,0
South Africa,Germany,Business,0.880545067911504,No,Job Opportunities,0.7677673711386779,-2.111806075325145,Student Visa,PSW,None,-2.4273980541741484,0
Germany,UAE,Business,-0.9484531840253383,No,Quality of Life,-1.5586507570295856,-0.14885334125387292,J1,Work Permit,Duolingo,1.0905761812358958,0
USA,UAE,Natural Sciences,0.8835886330197104,Yes,Scholarship,1.5756612021610858,1.6939194367624062,F1,PSW,Duolingo,0.7352428687391985,1
India,Germany,Law,-1.86180453588196,Yes,Quality of Life,-1.6143895635768033,-1.5232008079561798,J1,PSW,PTE,-2.589405155415932,1
Finland,UK,Social Sciences,-0.9499922701929308,Yes,Quality of Life,-0.8119485743578133,-0.10781258016770484,J1,Blue Card,IELTS,0.3496039769856096,1
Ireland,USA,Law,-1.0257839899125551,Yes,Job Opportunities,-0.9275300981463408,1.355293159882474,Tier 4,OPT,IELTS,-2.4668021812300216,0
UAE,Canada,Business,-1.8556346785115578,No,Job Opportunities,-2.315736190063961,-0.0829968810410929,F1,Blue Card,TOEFL,1.2998752200357981,0
Canada,South Africa,Medicine,-1.7990650274569848,Yes,Political Stability,-2.361946645899797,1.683749250177146,J1,Post-Study Visa,IELTS,0.9145735285215311,0
UAE,Ireland,Arts,-1.7828496026869174,Yes,Scholarship,-0.8610625495537255,-0.5819006473283274,J1,Work Permit,PTE,0.7006659352641795,0
South Africa,Finland,Arts,1.8141642473096546,Yes,Higher Ranking,2.3645123387537383,-1.5222418433348013,Schengen Student Visa,OPT,None,0.8839445263439925,1
India,UAE,Engineering,0.9141085862393571,Yes,Scholarship,-0.08584729490693972,0.02469271267505318,Study Permit,Post-Study Visa,PTE,1.2694555623526897,1
India,Ireland,Medicine,-1.8384728578256018,No,Scholarship,-2.3991126607553017,1.515557291956621,F1,Blue Card,PTE,0.5834116000966165,0
Ireland,Canada,Natural Sciences,1.84169484357353,No,Job Opportunities,2.3153970791985174,-1.6970233308514946,F1,Blue Card,None,-2.4894507658084515,1
Russia,UK,Computer Science,-0.9897904221939617,No,Political Stability,-1.6131305943267777,-0.3428147003571061,F1,Post-Study Visa,PTE,-0.10991345206999026,1
Germany,South Africa,Arts,1.7535165504809709,Yes,Higher Ranking,2.3057747409525247,-1.5003127462828707,Study Permit,Post-Study Visa,Duolingo,0.9619339906106872,1
Russia,South Africa,Engineering,-1.8416695886565693,No,Job Opportunities,-1.613654287446808,-0.07505170032508901,J1,PSW,None,-2.4542388116912663,0
UAE,India,Computer Science,1.813321742642193,No,Political Stability,1.5078637933150334,-0.7613381792291736,Tier 4,Post-Study Visa,TOEFL,-2.4053345771404357,1
UAE,South Africa,Engineering,0.8526989495805726,No,Quality of Life,1.5196774239704385,-0.6138889441918126,J1,Blue Card,None,1.4629978215035078,0
UK,Germany,Arts,0.9066589585978275,Yes,Job Opportunities,1.5066963423982627,0.03188250981652266,Schengen Student Visa,Blue Card,TOEFL,0.8164927521316588,0
Canada,South Africa,Engineering,-1.8889775469482504,No,Scholarship,-0.7574813678995429,0.46152893915824,Student Visa,Blue Card,None,-2.45454986988051,0
Finland,Russia,Arts,0.895603972816709,Yes,Quality of Life,-0.11048415811956415,-0.8837076740961792,F1,PSW,IELTS,1.3594979648152998,0
South Africa,UAE,Engineering,-1.7715233273212343,Yes,Scholarship,-1.496199931937437,-0.7733486779085861,F1,OPT,TOEFL,0.329111470047012,1
UAE,Canada,Engineering,-0.9533653138913101,Yes,Scholarship,-1.5311057266831831,2.123622254163438,F1,Work Permit,None,-2.5092115785931717,0
Germany,UAE,Natural Sciences,0.9187646422017648,No,Higher Ranking,-0.024140529109195383,-0.33930620720517957,Student Visa,Blue Card,TOEFL,0.3959910086685935,0
Russia,UAE,Natural Sciences,-0.9598348668263998,No,Job Opportunities,-0.7771462047881633,2.131145991268013,J1,Blue Card,IELTS,1.4137839191335875,1
UAE,UK,Social Sciences,-1.8723019065399726,No,Job Opportunities,-0.846818475753764,2.184817625558732,F1,Post-Study Visa,TOEFL,0.011833724999128263,0
Russia,South Africa,Law,1.8286823622517605,No,Political Stability,2.2625870961049377,-1.7588860848997032,Schengen Student Visa,Blue Card,Duolingo,1.2985090562775632,0
Germany,UAE,Arts,0.02342587460695527,No,Political Stability,-0.006616962105556205,0.6173950887252047,J1,Post-Study Visa,PTE,1.162985939535461,1
India,India,Medicine,-1.8442119097601037,Yes,Scholarship,-2.2893836197982065,-1.9780225982789381,Tier 4,PSW,None,-2.506497764075,0
UK,USA,Computer Science,1.7148200469735695,Yes,Quality of Life,0.700776777730924,0.35633245978821126,Student Visa,OPT,None,1.2210291350066855,1
USA,UAE,Social Sciences,-0.9660912895222593,Yes,Scholarship,-1.445019991224265,1.7908581161455759,J1,Work Permit,IELTS,0.2040126249725302,0
Finland,Germany,Natural Sciences,-1.7815755811565177,Yes,Higher Ranking,-0.8874107374284784,-1.3000340397261632,F1,OPT,None,-0.15181687561384682,1
UAE,Ireland,Engineering,1.8824701943248823,No,Scholarship,2.346277352371881,0.14341038559375352,Schengen Student Visa,PSW,Duolingo,0.26928544483590305,1
UK,Ireland,Engineering,1.7639885995258868,No,Higher Ranking,0.810181943927026,1.0143048474796066,Study Permit,PSW,Duolingo,0.2010482066104748,1
USA,Ireland,Law,-0.8198238419683448,No,Political Stability,-1.5968419745178786,0.2351090323591425,Tier 4,PSW,TOEFL,-0.033520319596577045,0
UAE,UK,Engineering,0.8821245875625797,Yes,Quality of Life,1.5373130725032726,1.6014991578764313,J1,Work Permit,TOEFL,0.8055522568443075,1
Ireland,India,Law,1.7958728158311186,Yes,Scholarship,1.6253762074980762,1.0657359562435098,Tier 4,Work Permit,IELTS,0.2840166558570457,1
Germany,India,Law,1.8565281305265717,Yes,Quality of Life,0.7870659234672913,-1.733008777946254,Student Visa,Work Permit,PTE,0.78885331073304,1
Finland,Canada,Arts,0.04335324501436631,Yes,Scholarship,0.04881772907717363,-1.1645547629512967,Student Visa,PSW,TOEFL,0.03853807526623246,0
USA,Finland,Arts,-0.8766752186660213,No,Political Stability,-0.036209123120190895,-2.0619010266907267,Schengen Student Visa,Post-Study Visa,TOEFL,1.3731801670703214,1
Germany,UK,Arts,0.054812405832185794,No,Job Opportunities,-0.8319535781779454,0.7232018893296557,Student Visa,PSW,None,0.2785357991507577,0
Canada,UAE,Arts,0.9489969852358323,No,Political Stability,1.5348672912494898,1.7388526367817887,Tier 4,Post-Study Visa,Duolingo,1.0690783606247634,1
India,USA,Social Sciences,-1.8816044886845738,Yes,Scholarship,-2.3296864373458135,1.0724262241862483,Student Visa,PSW,Duolingo,1.3038873190896951,1
Finland,Russia,Computer Science,-1.818122977097977,Yes,Quality of Life,-2.4239342525296563,1.027627765886544,Student Visa,Blue Card,None,-2.459927512380763,0
Finland,Russia,Law,-1.8282726418085478,No,Higher Ranking,-0.8214725433134737,0.6559016617563783,Schengen Student Visa,Work Permit,Duolingo,-2.5280643038272514,1
Canada,Germany,Natural Sciences,0.045040458038180214,No,Political Stability,0.7687540012802493,2.118074063555491,J1,OPT,TOEFL,1.4299151233583114,1
Ireland,Canada,Social Sciences,1.811235896408739,Yes,Job Opportunities,1.557418284939668,0.8249260351071327,Schengen Student Visa,Blue Card,PTE,0.11807988265576735,0
UK,USA,Medicine,1.9024712851024959,Yes,Job Opportunities,0.8562330163199747,-0.5087606350556966,Schengen Student Visa,Work Permit,TOEFL,-0.3241202568836992,0
UAE,Ireland,Natural Sciences,1.7716673804181906,Yes,Quality of Life,1.5614481314666324,-0.7369801577951195,J1,PSW,PTE,-2.376228724907952,0
USA,Finland,Computer Science,-1.7836232384662931,Yes,Higher Ranking,-2.2521024223649233,-1.5161639343244193,Student Visa,Work Permit,Duolingo,0.057810400823965664,0
USA,India,Law,-0.07763320280583572,No,Higher Ranking,-0.8159714359188579,0.14514447199681288,Schengen Student Visa,OPT,TOEFL,0.14580279917121505,0
Canada,UAE,Law,-0.8734716030005228,Yes,Quality of Life,-0.7288979791682234,1.8749548632626616,Tier 4,OPT,None,0.4937085078276539,0
Finland,South Africa,Arts,-0.047507776531552,Yes,Job Opportunities,0.755142833429812,-2.172149997484616,Schengen Student Visa,OPT,PTE,-0.19886155649041293,1
UAE,Russia,Business,-1.9257250750816404,No,Political Stability,-0.8652759951742742,0.21397599053195404,Schengen Student Visa,Blue Card,None,-2.477442750802886,1
USA,UK,Business,-0.06845440646893843,No,Scholarship,0.7350833064263247,-0.3009166225949118,Schengen Student Visa,Blue Card,Duolingo,0.027839483741791612,0
Finland,Ireland,Business,-1.876836603892925,No,Scholarship,-2.3973607981722873,0.9326920395573454,Study Permit,Blue Card,None,-2.4613082427070267,0
USA,USA,Natural Sciences,-0.9614618555189618,No,Scholarship,-0.008317268832494293,-2.1737289134074915,Student Visa,OPT,PTE,0.06767435613631625,1
South Africa,Russia,Business,-0.0235301151311667,No,Job Opportunities,0.02864779692519567,1.6647181951826617,Schengen Student Visa,Work Permit,None,-2.48186914934858,1
India,Russia,Engineering,0.04789046595123233,No,Political Stability,-0.7954900946880685,0.17133552915986713,Tier 4,Post-Study Visa,None,-2.508924443482979,0
USA,South Africa,Social Sciences,1.816786189565586,Yes,Quality of Life,1.5200707149045352,-1.1214517127301495,Schengen Student Visa,Work Permit,None,-2.5348841705249563,1
Russia,Ireland,Engineering,-0.8771708014125705,Yes,Higher Ranking,-1.6105967462161406,-1.7735948083483342,J1,Post-Study Visa,None,-2.4193121619677944,0
Finland,India,Business,-1.861859148265232,Yes,Political Stability,-2.4049672555422386,-1.6633198763389034,Tier 4,Work Permit,IELTS,1.4550309237154846,1
India,South Africa,Engineering,-0.9305624688933847,No,Higher Ranking,-0.06069731703663157,-2.059922627072289,Student Visa,Post-Study Visa,IELTS,0.00425742451204382,1
India,Ireland,Medicine,-1.8797010826048006,Yes,Scholarship,-1.53345493208197,-1.2214620017760582,Schengen Student Visa,Blue Card,None,-2.46251294646605,0
UK,USA,Computer Science,0.04469987040907284,No,Scholarship,0.7712842178099064,1.3929560186006886,J1,OPT,PTE,0.013572011727572428,0
UAE,Finland,Computer Science,1.8011128354915322,Yes,Scholarship,0.7192033155299387,-1.4171310966928632,Schengen Student Visa,PSW,Duolingo,0.16049458643286568,1
UK,Ireland,Engineering,-0.04618875749633194,Yes,Job Opportunities,-0.7853378422470074,0.9835631654430443,Study Permit,Blue Card,Duolingo,0.543206032530019,0
India,South Africa,Arts,-0.9075594934870401,Yes,Scholarship,-1.5663164275920853,-0.48848499998901734,Schengen Student Visa,Post-Study Visa,PTE,-0.007774621261145136,1
UK,UAE,Computer Science,0.9967535050374622,Yes,Political Stability,1.5920004553066787,-0.39787684082697444,Student Visa,PSW,Duolingo,0.7916686078085184,1
Ireland,UAE,Engineering,-1.867875958989076,No,Job Opportunities,-2.3072215820266413,-1.5781421255040786,Student Visa,Blue Card,IELTS,1.1166108792038194,1
Germany,Ireland,Social Sciences,0.8748165172830552,Yes,Higher Ranking,1.531707277507103,-1.285408863487111,F1,Blue Card,IELTS,0.8670784119566538,1
UAE,Finland,Natural Sciences,0.9135753576618683,No,Political Stability,1.573929813959629,-1.7995566019506741,J1,PSW,Duolingo,1.0947723114379475,0
UK,India,Natural Sciences,1.7763847414313523,No,Job Opportunities,2.344133715843291,-2.249898816620225,J1,OPT,TOEFL,-0.030400060941604794,1
Germany,Canada,Medicine,-0.9153220303918783,No,Quality of Life,-1.6093351024967535,0.3008457819373766,Tier 4,Work Permit,TOEFL,0.20263739689989219,1
Germany,USA,Business,-0.88665360281383,Yes,Quality of Life,-0.9034287721077003,0.32366008886789277,Tier 4,Post-Study Visa,None,-2.505574667762593,0
Canada,Ireland,Engineering,-0.9240243003524767,Yes,Higher Ranking,-1.5386545717317281,0.20446803359301213,F1,Work Permit,PTE,1.4611074492124596,1
Canada,Canada,Computer Science,1.9089803005438608,Yes,Scholarship,1.5539087340198645,-0.6010937787450668,Tier 4,Post-Study Visa,PTE,0.9618543682266376,1
Germany,India,Arts,0.8898416228170181,Yes,Scholarship,1.5592427267887057,-1.862259544559998,Study Permit,Blue Card,Duolingo,0.8968688055923406,0
USA,Germany,Computer Science,-0.016588842484574113,Yes,Job Opportunities,0.8121751136521191,0.3051058211667509,F1,PSW,TOEFL,0.31487185154113195,1
Germany,Canada,Natural Sciences,-0.9656767076676737,Yes,Job Opportunities,0.02346277960947069,-1.3310775050203802,Study Permit,Post-Study Visa,TOEFL,1.2728573847031015,0
India,USA,Medicine,-0.13739660497537354,No,Higher Ranking,-0.7947544817852943,0.38551378809958425,F1,PSW,Duolingo,-0.3324131306467558,1
Canada,Russia,Computer Science,1.831311316377235,No,Job Opportunities,2.3441802650415466,0.07347519413239548,J1,PSW,None,-2.4821347192577417,0
Canada,USA,Arts,1.9473817438013779,Yes,Higher Ranking,2.3534800434058196,-1.7787318349079533,Schengen Student Visa,PSW,Duolingo,1.2077440166037046,1
Canada,USA,Law,-0.9387929678674645,Yes,Scholarship,-0.8521804404491344,-2.2737378320724506,Student Visa,OPT,None,-0.04793282755575594,1
USA,Finland,Natural Sciences,-1.895758049907097,Yes,Scholarship,-0.7877988321124493,-2.002616419141095,Tier 4,OPT,Duolingo,0.41611430768886304,1
Finland,USA,Medicine,1.8260985748859488,No,Higher Ranking,1.523574959219335,-2.080057256587992,Student Visa,Blue Card,PTE,1.0819544393589628,0
South Africa,UK,Arts,0.01070859470670782,Yes,Scholarship,0.8064132468952547,-1.4023961236208529,J1,PSW,None,1.3878723248253355,0
UK,USA,Engineering,1.9247117036147385,Yes,Job Opportunities,0.8236123232497058,-1.2431207649488003,J1,PSW,Duolingo,-2.523794074590775,1
Canada,Germany,Business,0.9378057973287297,No,Quality of Life,0.8047007362170054,-1.377570738425667,Tier 4,OPT,PTE,1.1199477289582827,0
UAE,Ireland,Business,-0.10820465184690675,No,Job Opportunities,0.7522982576981805,1.2413442319574972,F1,Blue Card,PTE,1.128750572524555,1
India,Finland,Social Sciences,-0.9421637367523724,No,Higher Ranking,-1.567660214126987,1.5560602650567485,Tier 4,OPT,PTE,0.8650666392747693,1
USA,UK,Law,1.8036355030418512,Yes,Scholarship,0.7588349729244067,-0.7330832588510631,J1,OPT,TOEFL,0.3033122643348609,0
UK,Canada,Engineering,-0.024448156416717767,No,Political Stability,0.04463084056000964,-0.014584408537883746,J1,Work Permit,Duolingo,0.08475003904635144,0
Ireland,UAE,Engineering,-0.909727648588242,Yes,Job Opportunities,-1.5628272975577504,1.8166512063121476,Study Permit,OPT,Duolingo,0.5551214648740147,1
UK,Ireland,Natural Sciences,-0.09575720095009468,No,Political Stability,0.6822778669682559,-0.7979578495880573,Tier 4,Blue Card,TOEFL,0.7216360753139016,0
UAE,Canada,Computer Science,-0.8658203006795056,Yes,Job Opportunities,-0.038649781580823245,-0.9782654538851325,Student Visa,Post-Study Visa,IELTS,0.802630771731621,1
Canada,Finland,Engineering,-0.9395279750876496,No,Quality of Life,0.015338884620517867,0.7480755088019534,Schengen Student Visa,Work Permit,PTE,1.236491549267258,1
UK,Germany,Engineering,-1.8007724768567952,Yes,Scholarship,-1.5143475455214208,1.6924914801326563,F1,OPT,TOEFL,0.3217097701403352,1
Ireland,Russia,Business,-0.0960048275355199,No,Political Stability,-0.825676158631165,0.22811803233450426,Student Visa,PSW,Duolingo,1.3802184088327003,1
India,Germany,Medicine,-1.769612903421711,Yes,Political Stability,-0.8487357445694619,1.536145668131322,Tier 4,Post-Study Visa,Duolingo,0.7480282572947368,0
Germany,South Africa,Medicine,0.06672679469449323,No,Quality of Life,0.8487179635907244,0.522372985471009,F1,PSW,Duolingo,0.14945149478451156,0
USA,UK,Arts,-0.8212400980001261,Yes,Higher Ranking,0.004706229723921731,2.081974444338557,Schengen Student Visa,Blue Card,None,-2.540302213262492,1
Russia,UK,Social Sciences,1.7722121076903636,Yes,Job Opportunities,2.317432829038597,1.0628441983494068,F1,Post-Study Visa,None,-2.4548644793793004,0
Ireland,South Africa,Engineering,0.898002770232862,No,Scholarship,1.578811531194813,-1.5433333110792957,F1,PSW,IELTS,1.3554940322593736,1
UAE,UK,Business,-1.7852240424358436,No,Political Stability,-0.8654980722486412,-0.974911264223061,F1,Work Permit,PTE,0.17016478726230846,0
Russia,UAE,Business,0.929883253514269,Yes,Job Opportunities,0.6881782797260761,1.2832019310918672,Study Permit,Post-Study Visa,Duolingo,0.5976023163787016,1
UK,USA,Computer Science,-0.018231871810050794,Yes,Higher Ranking,-0.8790182278528709,-0.9947369195010861,Study Permit,OPT,None,-2.4329800572170637,1
India,USA,Medicine,1.8967281081452252,Yes,Scholarship,1.5202522450415576,-0.10352484646501864,Student Visa,Work Permit,IELTS,0.08722526683311965,1
USA,India,Law,-0.9550861867250574,Yes,Job Opportunities,-0.7405703987208485,-1.3993567090755037,J1,PSW,TOEFL,1.135718854495124,0
Canada,South Africa,Social Sciences,-0.0538617773700486,Yes,Political Stability,0.8271234319463825,1.3927459709751309,J1,Blue Card,None,-2.5455489733784873,1
UK,UAE,Arts,-1.9356813788412928,No,Higher Ranking,-2.3826661547848627,1.6805358867468283,F1,OPT,PTE,0.3788545741830728,1
Ireland,Germany,Law,-0.0037162571447971558,No,Job Opportunities,-0.7803706903787088,-1.5993935173537073,Student Visa,Post-Study Visa,Duolingo,0.8006428943631494,0
Germany,Germany,Computer Science,0.8879728904930478,Yes,Political Stability,1.5913531402591725,-1.1319829175750349,F1,Blue Card,PTE,1.1712175620869414,0
Russia,USA,Law,-0.06481435023218265,No,Quality of Life,0.8419491204537392,0.29416370681411,Study Permit,Post-Study Visa,PTE,-0.1051948915913719,0
USA,UAE,Engineering,-0.9149873773265064,Yes,Scholarship,-0.0173734378660037,-2.265427748870495,Student Visa,Work Permit,TOEFL,1.0042041290284534,1
Germany,USA,Natural Sciences,-0.005968219895719268,Yes,Political Stability,0.016966047473022088,-1.9936730487964163,J1,PSW,None,-2.4837529826978213,0
UAE,Russia,Medicine,0.9091266537124928,No,Quality of Life,-0.03226334631013848,-1.138807089370699,F1,OPT,Duolingo,1.1650699802181579,0
Germany,Russia,Engineering,0.8806579660524028,Yes,Higher Ranking,0.6748852204604421,0.22373696923606332,Schengen Student Visa,OPT,None,-2.526975036325424,1
UAE,Russia,Medicine,0.01604892161201585,Yes,Political Stability,-0.918817249962538,-0.04726579122016257,Tier 4,Blue Card,TOEFL,1.1975154442954081,1
Ireland,UAE,Law,-0.8659702174247785,Yes,Political Stability,0.13632131412474338,0.5554898938735138,Schengen Student Visa,PSW,TOEFL,0.22487157578991998,0
Ireland,Finland,Arts,0.011998914765664814,Yes,Quality of Life,0.779405670342381,1.7565073827803204,Schengen Student Visa,Post-Study Visa,TOEFL,0.7558861983947693,1
Ireland,Germany,Business,-1.892190377243058,No,Higher Ranking,-0.8053413396270752,1.1484077126525762,Student Visa,Work Permit,Duolingo,-0.16309409721681717,0
Russia,Ireland,Engineering,-1.8458859101412903,No,Political Stability,-1.6508361989212672,0.2031743786945863,Student Visa,PSW,TOEFL,0.8820888934898645,1
UK,USA,Engineering,1.8320525831676138,Yes,Quality of Life,2.246331127678632,2.024215050889869,Tier 4,OPT,Duolingo,0.9445878654612443,1
Canada,Finland,Computer Science,-1.8757300281319975,No,Job Opportunities,-0.811606584813427,-1.997933140217236,F1,Post-Study Visa,TOEFL,-0.13703049492542052,1
USA,India,Engineering,-0.06962477098089045,Yes,Quality of Life,0.011123484192224194,-0.9905455255762964,Study Permit,Work Permit,IELTS,0.8223864218219773,0
Canada,India,Natural Sciences,0.8647198785643083,Yes,Higher Ranking,-0.009762553576180846,1.9276932397748532,Tier 4,PSW,PTE,1.1301415061851505,1
UK,Germany,Medicine,0.002471312802517991,No,Quality of Life,-0.8497808393146546,-0.6495929738548124,Schengen Student Visa,Post-Study Visa,None,-2.4996363980907574,1
Russia,Germany,Computer Science,0.8940660724218481,Yes,Job Opportunities,-0.018614538955380566,-0.023265206623506205,Student Visa,Post-Study Visa,TOEFL,-0.1283094836175806,0
USA,Russia,Law,0.8392618367994736,Yes,Political Stability,1.4934174614858537,0.03398642183092905,J1,PSW,PTE,0.5237796529704216,1
USA,South Africa,Computer Science,0.9243875827946316,Yes,Job Opportunities,0.8389590152837404,-1.6763358642258879,Schengen Student Visa,PSW,None,-2.456267716827502,1
Canada,India,Natural Sciences,-0.8719265824481809,No,Scholarship,-0.06135517572116907,-1.9655153598047104,Schengen Student Visa,Post-Study Visa,Duolingo,0.7029773671274505,0
Germany,Ireland,Social Sciences,0.9436526973667566,No,Quality of Life,-0.0038278023016499966,-0.016752438228586103,J1,Work Permit,TOEFL,1.1337585708564804,1
Russia,South Africa,Social Sciences,0.032429835547488545,No,Quality of Life,-0.05382790429496696,0.8973742617535739,Tier 4,Work Permit,TOEFL,0.5674374684387382,0
Russia,USA,Computer Science,1.8224549868772009,Yes,Quality of Life,0.8538360287901897,-0.11760124112057437,Schengen Student Visa,OPT,None,-2.4887809049209153,1
USA,Ireland,Computer Science,-1.9643812403220628,No,Scholarship,-1.6832318758688851,1.1691960240086015,J1,PSW,None,-2.561317732389039,0
Russia,UAE,Social Sciences,1.8159082704171026,No,Scholarship,2.1980807770228465,1.552936806409435,Student Visa,Work Permit,PTE,0.7120885649327617,1
Germany,Finland,Medicine,0.9818291663026779,No,Higher Ranking,1.6191118054513485,-0.7052463683246454,Schengen Student Visa,Post-Study Visa,TOEFL,1.2544043081500433,1
India,Russia,Engineering,-1.731986142562131,No,Job Opportunities,-2.33962279804257,0.24887459940122222,Study Permit,Post-Study Visa,IELTS,0.8400300228923161,0
Canada,Ireland,Business,-0.9692734829329304,No,Job Opportunities,-1.5918519626315981,1.8918231033462982,Schengen Student Visa,PSW,Duolingo,0.10176043370566584,1
Ireland,USA,Arts,-0.8776428506680921,No,Scholarship,-0.008758112585743426,2.1810691976759773,Student Visa,Work Permit,Duolingo,0.5471242807752468,0
UAE,India,Arts,0.02345990058824699,No,Job Opportunities,-0.7766172553369673,1.7645143971729822,Schengen Student Visa,Post-Study Visa,IELTS,0.4269217364907426,0
Germany,Germany,Law,-0.03681258712204586,No,Quality of Life,0.7308359498695182,0.8282176342111909,J1,PSW,None,0.3933826314459466,1
Finland,Russia,Arts,1.8548772022784996,Yes,Job Opportunities,1.5553270974633853,-0.26350619330720904,J1,PSW,TOEFL,1.1733133056844214,1
Germany,Finland,Engineering,-0.8960534030444333,No,Quality of Life,-0.04966196990721565,-0.879412830504801,J1,Work Permit,Duolingo,0.4656609333828026,0
Russia,UAE,Engineering,0.9783665421975634,No,Quality of Life,-0.015391447639113187,0.13177892534284114,Study Permit,PSW,TOEFL,0.3176385255745048,1
UAE,Germany,Business,0.023065846467253147,Yes,Higher Ranking,-0.06773909338372372,-2.1082921816204716,F1,OPT,Duolingo,-0.03664557510643184,0
South Africa,Finland,Computer Science,0.8597950372689859,No,Higher Ranking,0.8020177975410108,1.9963803808893723,Student Visa,OPT,None,-2.581345800550689,1
Russia,Ireland,Law,0.004070760517729593,No,Scholarship,0.8278811640937288,1.3294201756446864,Schengen Student Visa,PSW,IELTS,0.9141531711367328,1
Germany,Russia,Computer Science,-0.926034376833975,No,Scholarship,-0.7334886304352906,1.4023359901370125,Schengen Student Visa,Blue Card,None,1.2371720871142893,0
Russia,Germany,Engineering,1.8584084541403327,No,Scholarship,0.7748784930128115,1.6318496690906243,Student Visa,Blue Card,Duolingo,-0.2903404607499388,0
India,UK,Natural Sciences,-0.05481348649316122,Yes,Quality of Life,0.7546766221185515,-1.1095866495717324,F1,OPT,PTE,-2.4896199355140642,0
Ireland,USA,Medicine,-1.887505547095129,Yes,Higher Ranking,-1.600778489497324,1.4839292072824435,Tier 4,Blue Card,IELTS,0.26608899120593976,0
Germany,UAE,Engineering,0.06561680567264931,No,Job Opportunities,-0.7093256525614895,0.7635160565921625,Tier 4,PSW,Duolingo,0.6052458713799737,0
Ireland,UAE,Social Sciences,-0.03202591616302829,No,Scholarship,-0.001433292575774181,-0.9770074516294918,Study Permit,PSW,Duolingo,-0.059460296398667824,1
UK,UAE,Engineering,-0.9931053343920478,No,Higher Ranking,0.04426385778753862,0.5744258502418251,Study Permit,Blue Card,TOEFL,0.7768182493403178,1
Canada,India,Medicine,0.8533270780952125,No,Quality of Life,1.5069727745161836,-0.3473384196612685,Tier 4,OPT,IELTS,0.9719405074769727,0
Canada,UK,Law,-1.8381321134526196,No,Scholarship,-1.572727661028752,-0.5652683235743535,Study Permit,PSW,PTE,1.192813594002665,0
Finland,Russia,Business,-0.8953404286163413,No,Job Opportunities,-0.04752253455255333,0.26682457973212775,Student Visa,Post-Study Visa,IELTS,0.7532204596426588,1
South Africa,Russia,Law,-0.8944898394517069,No,Political Stability,-0.06606547530195911,0.7453090651025186,J1,Post-Study Visa,PTE,1.1788171482359033,1
India,India,Engineering,1.8263796575021092,Yes,Political Stability,1.5908004200947115,1.6377406957745173,Student Visa,Work Permit,IELTS,1.211171431721337,0
South Africa,India,Law,0.945945064051193,Yes,Quality of Life,0.7690525723855213,-0.6718044720170444,Tier 4,PSW,IELTS,1.391102947849945,1
Germany,Russia,Medicine,0.8959146965272171,No,Political Stability,1.6030311930120704,-0.9201551279125809,Tier 4,Work Permit,Duolingo,0.5596567796558307,0
Ireland,India,Natural Sciences,-1.8596230122842885,No,Higher Ranking,-2.3924152480704417,1.6224949514653852,Tier 4,Work Permit,TOEFL,0.8675940543841285,0
Canada,UAE,Law,-0.06412970151453312,No,Political Stability,-0.14048083667252323,1.1223842259612775,Schengen Student Visa,OPT,Duolingo,0.9665065863639831,1
South Africa,Germany,Medicine,-0.9539918685904983,No,Political Stability,-1.5304950664462413,-0.17241633792941324,J1,PSW,Duolingo,1.3272278687395307,0
Ireland,South Africa,Law,1.8559364558918188,Yes,Quality of Life,2.3555376605505063,-0.5956672351759544,F1,OPT,Duolingo,1.199622261754581,0
USA,Finland,Medicine,-0.8807984179900277,Yes,Scholarship,-1.6444510343144825,0.6900840652209718,F1,Blue Card,None,-2.4343340679365206,0
South Africa,Russia,Arts,-0.8932195008509736,Yes,Higher Ranking,-0.09965056384381214,0.6018533004089593,F1,OPT,PTE,0.08024625249441225,1
Russia,USA,Business,-0.8920021485934796,Yes,Scholarship,0.051591629287966595,-1.3990595152370724,F1,PSW,Duolingo,-0.13098451045527054,0
Finland,UK,Engineering,-0.06811584150501712,Yes,Quality of Life,0.8001065389493512,-1.1155550826706657,Study Permit,Work Permit,None,1.4580313100759996,0
South Africa,Canada,Business,-1.8241017433629974,No,Job Opportunities,-2.3145489995370494,-1.6507331221272619,Schengen Student Visa,Blue Card,None,0.09272143965599125,1
UAE,UK,Arts,-1.9182467553082667,No,Job Opportunities,-0.7284329289069578,1.415270491401855,Schengen Student Visa,OPT,None,-0.30335772634234576,0
UAE,India,Arts,-0.9503272500861282,Yes,Quality of Life,-1.4821009128640852,1.1579062693650255,F1,PSW,TOEFL,1.2481626822459089,0
India,UAE,Business,0.07799973879853113,No,Higher Ranking,0.7923631965767162,-0.9693686227547149,Schengen Student Visa,Work Permit,Duolingo,1.4953485372476742,0
Finland,USA,Arts,-0.8891236051986442,Yes,Job Opportunities,0.0031932581693091162,1.8924083868022714,Student Visa,Work Permit,PTE,-0.17835888114922752,1
South Africa,Ireland,Business,-0.9303962644155127,No,Political Stability,-1.6145591791057028,1.12074393659249,Student Visa,PSW,IELTS,-0.0752326941639685,0
Ireland,Canada,Engineering,0.9364189008265971,No,Quality of Life,0.7530793648063587,0.14650659521973816,Schengen Student Visa,Work Permit,Duolingo,0.2898782679825438,0
UAE,Finland,Medicine,-0.04363679074991497,No,Higher Ranking,-0.005911595252852741,-1.0867602264147092,Tier 4,Blue Card,IELTS,1.2403026918223352,0
USA,India,Computer Science,-1.9261488124607744,Yes,Higher Ranking,-1.6329050606449642,-1.649851335938012,J1,Work Permit,PTE,0.7926249486681233,0
Canada,UK,Social Sciences,-1.8376451479553275,No,Quality of Life,-2.370099147959447,1.096317346187721,F1,Post-Study Visa,PTE,0.5124085012378378,0
Germany,UK,Engineering,-1.8319380594005858,No,Higher Ranking,-2.471721030389667,-1.315400598720938,F1,OPT,Duolingo,0.1641643045413975,0
Ireland,Canada,Natural Sciences,0.9056965654449495,No,Quality of Life,0.7896373501563728,2.2524510597656446,Study Permit,Work Permit,Duolingo,1.0592833559813954,1
Canada,USA,Business,1.880309401987809,No,Job Opportunities,0.6972772560317813,-1.6355596124778775,Tier 4,Blue Card,TOEFL,-2.448065665421591,1
Canada,South Africa,Medicine,1.7990878887381996,No,Scholarship,1.5163745085017586,1.9346813690635767,J1,Post-Study Visa,IELTS,1.101117838157974,1
UAE,Canada,Business,0.9792333471471238,No,Quality of Life,1.602084338585563,1.4502909695542152,Study Permit,PSW,TOEFL,0.7327552916316225,0
UK,India,Arts,-0.923983154258583,Yes,Political Stability,-0.04721029542195942,1.020224942664037,F1,Post-Study Visa,IELTS,0.292378234315531,1
Canada,Germany,Computer Science,-0.9261218244627286,No,Political Stability,-0.036852910944297365,-1.8756378612734783,Student Visa,PSW,PTE,0.36098468924872074,1
UAE,UK,Computer Science,0.03139635609820842,Yes,Higher Ranking,0.8065121940751931,-0.25769781740271414,Student Visa,PSW,Duolingo,0.839081818948853,0
India,UK,Social Sciences,1.9162292839716526,Yes,Job Opportunities,0.7601612080414345,-1.2488766697568363,Study Permit,OPT,PTE,0.03776970904299379,0
Russia,Canada,Law,0.9229124756617444,Yes,Higher Ranking,0.03061191988809139,0.8227884299977188,Student Visa,PSW,TOEFL,1.2141511332612005,0
USA,Ireland,Computer Science,-0.9278814249204302,Yes,Political Stability,-1.6080584175893784,-0.6860901843430115,Schengen Student Visa,OPT,IELTS,-0.17677082006612968,0
UK,Canada,Computer Science,-0.8918614272795213,No,Political Stability,-0.8669828913260188,0.8906736879930564,Student Visa,Blue Card,None,-2.5047474032237926,1
South Africa,UAE,Natural Sciences,-0.00596977207320409,Yes,Quality of Life,0.049486920029042036,-1.880333316245518,Schengen Student Visa,PSW,TOEFL,0.852681683370721,1
Finland,Ireland,Engineering,1.76288387548921,Yes,Higher Ranking,2.3363470387152985,1.3098943374812653,Study Permit,Work Permit,None,0.7155419133487843,1
UAE,South Africa,Computer Science,0.0521753361010056,No,Scholarship,0.6992797284372367,1.1973772732630263,F1,Blue Card,Duolingo,-0.21746710894810356,0
UAE,USA,Medicine,-0.970157209233053,Yes,Quality of Life,-0.011450249047815185,0.1478469676135656,Schengen Student Visa,PSW,None,-2.4390035178940566,1
India,Finland,Business,-0.9210217178633601,Yes,Scholarship,-0.7256983812448445,1.7524879866641379,Student Visa,Work Permit,PTE,0.6306266811728791,0
Canada,Russia,Computer Science,0.8877012393850073,No,Job Opportunities,0.8152665654017923,0.8903142149182015,Student Visa,OPT,IELTS,0.47376916924136725,1
Ireland,Canada,Business,-0.8556861260820299,Yes,Political Stability,-1.575922192652043,-1.4617339017304207,Study Permit,Blue Card,IELTS,0.13693976327747,0
UAE,Ireland,Computer Science,0.033243860583906756,No,Job Opportunities,-0.7726661805776587,1.1517999169620254,Student Visa,Post-Study Visa,None,-2.5061537776388607,1
USA,Russia,Arts,-0.9822550411766091,No,Job Opportunities,-0.06006030314500127,-0.6398338581569865,Tier 4,OPT,Duolingo,-0.008634235977501237,1
India,India,Law,-0.07037373141140865,Yes,Political Stability,-0.053374982457373085,-0.8996299229656669,Student Visa,OPT,PTE,1.374302588951924,1
Canada,USA,Natural Sciences,1.8296982792882264,Yes,Quality of Life,1.537097704439765,-1.7940990131957795,Student Visa,OPT,PTE,0.8431098584518764,1
Russia,UAE,Natural Sciences,-0.9104466320614221,No,Scholarship,-1.5023610203691817,0.6855175250477681,Tier 4,Post-Study Visa,PTE,-0.27972540578075444,1
UK,UK,Arts,1.9045413230605506,No,Higher Ranking,2.3873298982734497,0.5448119842346687,Schengen Student Visa,Blue Card,None,-2.5099036478509626,1
India,Canada,Law,-0.9463433484729569,No,Scholarship,-0.03794939075786816,0.6196367785628762,Student Visa,OPT,PTE,0.16575352053487144,1
Russia,India,Engineering,-1.8502207786157125,Yes,Quality of Life,-0.8049853937639014,2.228447947142032,Schengen Student Visa,OPT,TOEFL,0.3101080257436008,1
Canada,UAE,Computer Science,-1.8376436096494764,Yes,Job Opportunities,-0.8769782423880155,-0.8878615280138693,Schengen Student Visa,OPT,IELTS,1.394927379856744,0
Russia,South Africa,Computer Science,0.01881328726596162,Yes,Higher Ranking,0.7601864060240103,-0.56492868765439,Student Visa,Blue Card,Duolingo,0.2110336596177558,1
Germany,South Africa,Social Sciences,1.8572336894099069,Yes,Political Stability,2.268820688235726,0.10269333964610196,Study Permit,OPT,PTE,0.018123557521873307,0
Ireland,Finland,Engineering,-0.9146620902856013,Yes,Job Opportunities,-0.07373584626098631,1.2542057499881398,Schengen Student Visa,Post-Study Visa,Duolingo,-0.09023655425955159,0
USA,India,Arts,-1.8007602857599776,Yes,Scholarship,-1.6472952911282146,1.1457735096079211,Tier 4,Post-Study Visa,None,-2.429535846070822,0
South Africa,UAE,Social Sciences,-0.9509125668174423,No,Political Stability,-1.5985685093884001,-1.8249739105071154,F1,Blue Card,IELTS,0.5142125695116746,1
USA,South Africa,Law,1.8389385286563091,Yes,Scholarship,1.5557502682359798,1.3242794061856344,Tier 4,Work Permit,None,-2.5414701631988996,0
India,South Africa,Business,-0.028320171774303994,Yes,Higher Ranking,0.7844715783263776,1.362219156941697,Schengen Student Visa,Post-Study Visa,Duolingo,0.8000141940753356,0
South Africa,India,Arts,1.7820371677041003,No,Quality of Life,1.6028582996965188,0.7332745157427495,Tier 4,Post-Study Visa,PTE,0.05953011741609835,1
South Africa,UK,Social Sciences,-0.0102168331685847,No,Scholarship,0.02508612904841186,0.2343674519111571,Study Permit,Blue Card,None,-2.4551032538395945,0
USA,Germany,Engineering,1.820956412683094,No,Scholarship,0.7702322970843891,0.9706860096842931,Study Permit,Work Permit,PTE,1.0544902425112137,0
Ireland,Canada,Natural Sciences,1.8126498135413915,No,Higher Ranking,1.4594618774984744,-1.077855188891658,Student Visa,PSW,None,0.3657501786982144,0
India,Canada,Medicine,1.830015856315215,No,Political Stability,0.7090382711762522,-1.9785921843362815,Tier 4,Work Permit,IELTS,0.90165440043378,0
Germany,UAE,Business,-0.9295496251757622,Yes,Job Opportunities,-1.5816759759878198,0.42019458566346185,Schengen Student Visa,PSW,TOEFL,0.8308703485131409,1
USA,UAE,Arts,-1.9324489596607877,Yes,Scholarship,-1.6208260386399236,1.002480720256312,Student Visa,Work Permit,PTE,0.593327688925034,1
Canada,Germany,Law,1.8278924202612123,No,Quality of Life,0.7846591720139529,-0.7032868159867962,F1,PSW,None,-2.41116964582618,0
Germany,UAE,Medicine,0.8963091352310245,No,Quality of Life,1.5235379292634565,0.7535722885075968,Schengen Student Visa,PSW,Duolingo,-2.5279971023743224,0
Russia,UAE,Medicine,1.876501781988078,Yes,Political Stability,0.7660605679162553,1.359083347032095,J1,PSW,None,-2.5474365027037114,1
UK,Finland,Medicine,-0.9199289157542827,Yes,Political Stability,-0.06152952227925429,-2.0303949838105226,J1,Post-Study Visa,Duolingo,-2.454645014232321,0
USA,South Africa,Business,-1.8379276407007374,No,Scholarship,-2.261798654557509,-0.05500515119773069,Schengen Student Visa,Post-Study Visa,IELTS,0.05913212552424572,1
Canada,South Africa,Engineering,1.7116891152153497,Yes,Quality of Life,1.5254882823504865,-0.45018546641876855,F1,Post-Study Visa,Duolingo,-0.22732860526541232,1
UK,Germany,Arts,-0.9391159175134289,Yes,Quality of Life,-0.8096847224694248,-0.7734940980052545,J1,OPT,TOEFL,-0.09023735223739772,1
Finland,USA,Business,-1.7869176513101022,No,Quality of Life,-0.8327711501420567,0.45935801313409486,J1,PSW,TOEFL,0.6948338351798198,0
India,UAE,Social Sciences,1.7089488412912293,No,Political Stability,1.5646289489497327,0.46260537178792877,Study Permit,PSW,TOEFL,1.456894311153511,1
Ireland,South Africa,Computer Science,-0.9536590201665024,No,Higher Ranking,-0.7358819850627933,-0.14176798859037915,Tier 4,Post-Study Visa,PTE,1.244642219077933,0
Finland,UAE,Natural Sciences,0.03855401008863652,No,Quality of Life,-0.7867343837666378,-0.5429140596560323,Student Visa,OPT,None,0.8549712663037722,1
Ireland,UK,Computer Science,-0.053246640306595684,Yes,Political Stability,-0.7556760647113658,-1.2065597171047764,Schengen Student Visa,Blue Card,None,-2.499975444527425,1
USA,Ireland,Engineering,-0.9333162456922744,Yes,Higher Ranking,-1.5440714017507495,1.4903610529527807,Tier 4,Work Permit,None,-2.491546996828757,1
UK,Ireland,Computer Science,1.8982496141560976,Yes,Quality of Life,2.3503957930408754,-0.9888322614644811,Tier 4,OPT,TOEFL,1.3028281483814395,1
South Africa,Finland,Medicine,-0.9214868134924725,Yes,Political Stability,-0.768085070316741,-0.8283559502904951,Study Permit,Blue Card,PTE,1.1073339006315928,1
Germany,Finland,Business,-0.06621113196183186,Yes,Quality of Life,0.757026203914962,0.7337986857515966,Tier 4,OPT,Duolingo,1.026911666949179,0
Ireland,Ireland,Law,0.9491190037213059,No,Job Opportunities,0.7848580374214168,1.9100330207204061,Student Visa,Blue Card,None,-2.4111314840936053,1
Ireland,UK,Computer Science,-1.8281655784749218,No,Job Opportunities,-0.8847319105214286,-0.05003708547518305,Student Visa,PSW,Duolingo,-0.09262683952837844,0
South Africa,South Africa,Social Sciences,-0.8687376647620957,Yes,Scholarship,-1.5729074779332874,2.165862223007117,F1,PSW,IELTS,-0.09388466635366434,0
Finland,Germany,Natural Sciences,1.855012968365663,No,Job Opportunities,1.5716004047171246,1.7702222221953134,F1,Blue Card,TOEFL,0.3650515749397465,0
South Africa,South Africa,Computer Science,-0.9204518127625478,Yes,Higher Ranking,0.08149877449659874,2.141188626976443,Study Permit,OPT,Duolingo,0.25508216469709954,0
Germany,USA,Natural Sciences,0.0023258243059890906,No,Higher Ranking,0.7091466094492022,-2.169511788212675,Tier 4,Blue Card,PTE,0.6916722197784899,0
Finland,Finland,Medicine,-0.9438931964464798,Yes,Political Stability,-1.598128297572973,-2.2518560348295185,Tier 4,Work Permit,IELTS,0.4169450669871508,1
Germany,Ireland,Natural Sciences,-0.03624942258577236,Yes,Job Opportunities,-0.0681807522013873,-1.499731842181502,F1,Blue Card,IELTS,0.051696570791265474,0
USA,Finland,Engineering,-0.9282730808882295,No,Higher Ranking,-0.0633733643376892,-1.7356534575190958,Tier 4,Post-Study Visa,None,-2.597812670023736,0
Finland,Canada,Medicine,1.7732605995189017,No,Scholarship,2.3556633404390035,1.0211603346075466,Student Visa,OPT,PTE,0.23484824584349462,1
Russia,UK,Social Sciences,-0.9658916943140372,No,Job Opportunities,-0.07718032912701764,1.3906511402478612,Study Permit,PSW,TOEFL,1.4869551966441064,0
Canada,South Africa,Medicine,0.8718258876738996,No,Scholarship,0.7735685190542718,-1.774088200764977,Student Visa,Work Permit,TOEFL,1.0595679723838258,1
Ireland,South Africa,Law,1.772407320831652,Yes,Higher Ranking,2.279474283652979,-0.8671983117536576,Schengen Student Visa,PSW,None,-2.551086000498678,1
South Africa,Ireland,Computer Science,-0.9643319990696898,No,Scholarship,-0.795638938460619,2.1393385782861754,Student Visa,OPT,PTE,0.3661469605898936,0
Russia,South Africa,Computer Science,-0.8798315073113605,Yes,Scholarship,-1.5871312469932168,-0.8090078465191743,Tier 4,Work Permit,IELTS,0.22643578368387646,0
UAE,Canada,Natural Sciences,-0.996196323281105,Yes,Scholarship,-1.6200451773751041,0.35787800039649065,Student Visa,Work Permit,IELTS,0.9251700183234858,0
India,Finland,Law,1.8345816106218924,Yes,Higher Ranking,2.3116015339168583,-0.6670723575804134,Student Visa,Work Permit,None,-2.479173642464755,0
Canada,Finland,Natural Sciences,-0.9194628781529592,Yes,Higher Ranking,-1.5694926227333865,-1.6197998643833118,J1,PSW,Duolingo,0.8806308490597056,0
Russia,UAE,Medicine,-1.8122571412002833,No,Scholarship,-2.4053794202977405,0.0401039130608998,Study Permit,Work Permit,PTE,0.6345206725835645,0
Germany,Canada,Arts,0.9214127063973525,Yes,Higher Ranking,-0.06612879097635369,0.29775496062661094,Tier 4,Work Permit,None,-2.4475768701787994,1
Germany,India,Law,0.017791063127248964,Yes,Political Stability,-0.8365389115990812,-1.429138906130054,Tier 4,Work Permit,PTE,1.3238638523323782,0
UAE,UK,Law,1.8688155043377208,Yes,Higher Ranking,1.5274954582320648,1.4938181162036885,J1,Blue Card,Duolingo,0.16399828852118314,1
UK,Ireland,Computer Science,0.9421775983222622,Yes,Higher Ranking,1.6092343776056166,-0.765466458305652,Schengen Student Visa,Post-Study Visa,None,1.020637874779277,1
Ireland,South Africa,Computer Science,0.030236897671458332,No,Higher Ranking,0.7775370190668282,-0.7417672065777622,Tier 4,OPT,PTE,0.32889705385227097,1
USA,Finland,Law,0.8433179519868783,Yes,Higher Ranking,1.5711353133574024,0.39910648303697205,Tier 4,OPT,Duolingo,1.1803746501007701,0
Finland,Germany,Medicine,0.9239351676107551,No,Quality of Life,0.020384437655824445,-1.6689549104803814,Student Visa,Work Permit,PTE,-0.243974633332843,1
Ireland,Germany,Engineering,1.8576765646939475,Yes,Higher Ranking,0.8950451877920629,2.3034464059222612,F1,PSW,Duolingo,0.19656443776714846,0
South Africa,USA,Social Sciences,-0.9324513217701317,Yes,Job Opportunities,-0.012417604115538905,0.6364105128039367,Schengen Student Visa,Post-Study Visa,IELTS,0.6988680080578277,0
USA,UK,Engineering,-0.9600533816065423,No,Political Stability,-0.7526413458950201,1.497554331194179,Student Visa,OPT,PTE,0.2270394841884214,1
Canada,Canada,Natural Sciences,-0.030257719176819797,Yes,Higher Ranking,0.7423446827376292,0.2568741639561694,J1,OPT,Duolingo,-2.4610489294482467,0
UK,USA,Medicine,0.9312596221485206,Yes,Political Stability,1.5636703490587234,0.5594887435607702,Student Visa,OPT,IELTS,1.1546805538911127,1
UAE,Ireland,Law,1.7641297604602646,No,Quality of Life,1.522472023743569,-1.4003946233776092,Study Permit,OPT,IELTS,-0.06743137771789007,1
UAE,Ireland,Business,-1.8204882740892723,No,Scholarship,-1.4621851408017057,-1.8763485827263584,Tier 4,Work Permit,IELTS,0.5956276961655917,1
USA,Finland,Computer Science,-0.999543524074073,No,Scholarship,-1.6154602940274059,1.9761989308374488,Study Permit,Blue Card,Duolingo,-0.2387114941951578,0
USA,UAE,Engineering,-0.925265311386044,No,Political Stability,-1.535000363067696,1.2204692568807753,Study Permit,PSW,Duolingo,1.205955628866324,0
Ireland,Canada,Engineering,1.8314958929163963,No,Political Stability,1.581796168794097,1.1917620820286117,J1,Post-Study Visa,IELTS,1.2633910061958549,0
Finland,UK,Computer Science,0.8547789763041109,No,Scholarship,0.7564612257335931,0.0333603569970856,J1,Work Permit,IELTS,1.1165061861027223,0
Germany,South Africa,Natural Sciences,1.774439629597123,Yes,Higher Ranking,1.6337156985683894,1.7686971395271156,Tier 4,Post-Study Visa,TOEFL,0.9573158458164857,1
USA,Russia,Computer Science,-0.015051951440326741,Yes,Political Stability,-0.7958918313273592,1.9469482792249457,Student Visa,OPT,PTE,0.12551059936344933,0
India,Russia,Natural Sciences,0.8473011239478123,No,Quality of Life,1.565351965370237,0.3764675013707067,J1,PSW,IELTS,-0.27255223347871665,0
Canada,Russia,Computer Science,-0.01660611433291586,No,Quality of Life,0.017464219497340828,-1.2411251837288855,J1,Work Permit,Duolingo,-0.29370939264680435,1
South Africa,Finland,Arts,0.8774703602044683,Yes,Job Opportunities,0.7468785723451855,2.237456306294041,Study Permit,PSW,None,0.21805160639357213,0
South Africa,USA,Engineering,-0.9654203893027377,Yes,Political Stability,-0.7612485427239657,-1.0186964378179932,Tier 4,Post-Study Visa,None,-2.463632835694383,0
Ireland,UAE,Business,1.753781740627721,Yes,Scholarship,1.539398726384066,0.0830874124024678,Schengen Student Visa,Post-Study Visa,None,-2.444749133490232,1
India,Ireland,Medicine,1.8464757764209025,Yes,Political Stability,0.6720352017046065,-1.1082418478586444,Student Visa,PSW,IELTS,-0.220596280416212,1
USA,Finland,Medicine,1.0150261428987108,Yes,Job Opportunities,-0.008866023885740395,0.28380060302446136,Study Permit,OPT,Duolingo,0.5694827852763842,1
South Africa,UAE,Law,-0.005889448759343019,Yes,Job Opportunities,-0.8783017233886077,1.6236845853074613,Study Permit,Post-Study Visa,IELTS,1.0562207047916825,1
USA,USA,Social Sciences,1.867106745859003,Yes,Quality of Life,1.5658825235015847,-0.3275203321705594,Student Visa,PSW,None,-2.526827626299621,0
UAE,Canada,Business,-1.7626081556386253,No,Quality of Life,-1.5967833160309808,1.591806648505586,J1,PSW,IELTS,0.03844089170412287,1
USA,Ireland,Medicine,1.815728002047362,Yes,Quality of Life,1.5968039106256768,-1.7514764942597927,Schengen Student Visa,PSW,IELTS,0.23193808076228264,1
South Africa,Germany,Medicine,-1.8207583895206458,No,Job Opportunities,-0.7573661967858981,0.15526605343347227,Study Permit,OPT,None,0.2642345032504777,0
South Africa,Germany,Engineering,-0.12747475300326777,Yes,Job Opportunities,0.7566548811980848,-0.3987632089151008,F1,PSW,PTE,1.0682954822897386,1
Finland,Canada,Social Sciences,-1.0796933157391613,No,Political Stability,0.06087223082247212,-0.639013115068691,Schengen Student Visa,OPT,None,-2.4330775829703373,1
Canada,USA,Natural Sciences,-0.08394417979825507,Yes,Quality of Life,0.7735285194778917,-0.3976475098257854,F1,OPT,Duolingo,0.3433230944619371,1
South Africa,UAE,Arts,-0.03596151751572876,Yes,Quality of Life,0.7388582206723022,1.3491631057244347,F1,PSW,TOEFL,0.1876174384993531,1
UK,Canada,Medicine,-0.9371972301425925,No,Scholarship,-1.6125608674930967,1.952831762524561,Tier 4,OPT,IELTS,0.4363002459432908,0
USA,Russia,Natural Sciences,1.887571097659419,Yes,Scholarship,1.6081914493880425,1.6519893336900822,Schengen Student Visa,Post-Study Visa,Duolingo,0.45915909799835386,1
Canada,UK,Arts,-1.8748580077002115,No,Scholarship,-0.8312832531185966,-2.031601401967881,J1,Post-Study Visa,IELTS,1.0500940557675613,1
UAE,Germany,Natural Sciences,-0.9665620170198915,Yes,Political Stability,-0.8230259898683621,-0.9172865856618012,Schengen Student Visa,Work Permit,PTE,-2.527297245259049,1
Ireland,UK,Arts,0.03818793634847247,Yes,Quality of Life,0.733866504776956,0.23413299584415898,J1,Blue Card,None,0.9689433607029695,1
India,South Africa,Arts,0.8587177069340407,Yes,Quality of Life,0.04867202982985551,-2.16941787703939,Study Permit,Post-Study Visa,IELTS,-0.23353079428036538,0
Ireland,USA,Medicine,-0.988806323864214,No,Political Stability,-0.028620496171880196,-0.0030101886067489085,Schengen Student Visa,Work Permit,PTE,-2.4157974494840224,0
Ireland,Finland,Law,-1.749189743536638,Yes,Political Stability,-2.426694150853153,-0.023532056415077607,Study Permit,Work Permit,IELTS,0.8637758589889355,1
Russia,Ireland,Engineering,-1.7835435199025331,Yes,Quality of Life,-1.6246442841794912,-2.004304426622208,Student Visa,PSW,None,0.9446650785895256,1
Russia,Finland,Arts,1.8689002370289312,Yes,Scholarship,0.6976961621648257,-0.16006129873276032,Study Permit,Post-Study Visa,TOEFL,-0.16065854358279869,0
UAE,UK,Natural Sciences,0.018582861565725396,No,Higher Ranking,0.6623852733245746,1.6562492325174558,Tier 4,Post-Study Visa,TOEFL,0.5674141172841786,1
Canada,USA,Business,1.8250949266949357,No,Political Stability,2.3952164251603754,-1.5588664821136133,Study Permit,PSW,None,-2.4866935612874825,1
UAE,Canada,Engineering,-0.9050772907538326,Yes,Quality of Life,-1.4950027031654682,-0.4519089266077122,Student Visa,Post-Study Visa,Duolingo,1.4189653755567033,0
Germany,South Africa,Arts,1.8725813459938991,Yes,Quality of Life,2.392632247032339,0.7233772595887497,Student Visa,Post-Study Visa,PTE,0.8099902546800154,0
USA,Canada,Computer Science,1.8184308365117692,No,Job Opportunities,2.372129231972068,-0.15109735480109387,Tier 4,PSW,None,0.051650608770613136,1
India,Canada,Computer Science,-0.9508452531984841,Yes,Quality of Life,-0.8884421115620567,-1.3390251351491744,Schengen Student Visa,Work Permit,IELTS,0.8056436780434932,1
UAE,South Africa,Business,-0.9692005263778264,Yes,Scholarship,-0.84358200313508,0.4569912934403504,Tier 4,PSW,PTE,0.4616790495491363,1
Ireland,Russia,Social Sciences,-0.08175154439344344,No,Political Stability,0.7931627540376324,2.1524444883709393,F1,Work Permit,Duolingo,0.7300862013933149,0
UAE,India,Business,1.8463933205881238,Yes,Scholarship,1.5325714223945566,-0.16298477208973036,Student Visa,Work Permit,None,-2.453769306859178,0
India,Finland,Computer Science,1.7271460482213272,Yes,Quality of Life,2.377354904023727,-1.982391402630648,Tier 4,Blue Card,PTE,0.8570247111473077,0
UAE,Canada,Medicine,-0.03607165944751433,Yes,Job Opportunities,-0.7785510618930594,1.8766643437477755,Study Permit,Blue Card,Duolingo,1.106462196252869,0
Ireland,USA,Business,-1.9072121216270854,Yes,Quality of Life,-0.815831363488867,1.100877334760517,Study Permit,Blue Card,IELTS,0.2596031408963656,0
USA,UK,Engineering,1.8144468850844053,No,Scholarship,2.410413454885581,1.3589656071359806,Tier 4,Post-Study Visa,TOEFL,1.3447367727537693,0
Finland,UAE,Social Sciences,1.7500653358229705,Yes,Higher Ranking,0.718945098090979,-1.9360989589365145,Schengen Student Visa,PSW,Duolingo,0.6434114937701763,1
Finland,UAE,Law,0.06572162555624472,No,Quality of Life,0.07431984900843558,1.712531600702336,J1,Work Permit,TOEFL,1.343130964718615,1
Germany,Canada,Business,1.7767213584566066,Yes,Political Stability,2.3105206661240083,1.5775026825337446,J1,Work Permit,TOEFL,1.3214321881266162,0
Canada,India,Engineering,-1.020200021243148,Yes,Higher Ranking,-1.6476465150782782,1.4780555807461395,Study Permit,Blue Card,TOEFL,1.061410122845189,0
Finland,India,Arts,-1.8073256912754314,No,Political Stability,-0.8251436733573285,2.157397642675628,Tier 4,PSW,TOEFL,0.1119955980916605,1
UK,USA,Computer Science,-0.009882734238458299,Yes,Scholarship,-0.10304749386395759,-1.5145604744256347,Schengen Student Visa,Work Permit,Duolingo,-0.09050574368715028,0
Germany,Germany,Engineering,-1.7622223571732445,No,Job Opportunities,-0.7367195785968346,-1.3797594515985163,Student Visa,Blue Card,PTE,0.982442207037192,1
UK,South Africa,Medicine,1.0156150449734846,Yes,Higher Ranking,0.04625847469143533,1.7777330000912144,J1,Post-Study Visa,Duolingo,-0.03103077946955235,0
USA,South Africa,Medicine,-0.002136756828767742,No,Political Stability,-0.043831865142137785,-2.1121215941990736,F1,Blue Card,None,0.19015007932628997,0
Canada,Germany,Law,-0.07228961136328228,No,Scholarship,-0.8156098604486195,-0.5248144936023438,Schengen Student Visa,Blue Card,TOEFL,0.3361754583882927,1
USA,UAE,Business,0.9987460219402686,Yes,Quality of Life,-0.0024942616246770195,0.06845984674157767,Schengen Student Visa,PSW,TOEFL,0.373287135354483,0
India,Ireland,Arts,0.9813519160815711,No,Job Opportunities,1.6041348345258541,0.31170398039835145,Student Visa,Post-Study Visa,Duolingo,0.5401434234599691,1
Finland,Canada,Natural Sciences,-0.9439438675448354,No,Job Opportunities,-1.5416319211055083,0.8028156798024696,Schengen Student Visa,OPT,Duolingo,0.4165719952055636,1
USA,Canada,Engineering,1.752757545069544,No,Political Stability,2.27440997255878,-1.5295274991523098,F1,Post-Study Visa,PTE,1.2200481905357061,0
India,South Africa,Medicine,0.908490721021812,No,Higher Ranking,0.7531420472973369,-1.6952053014735762,Study Permit,OPT,Duolingo,0.17178113338441037,0
South Africa,Canada,Natural Sciences,1.7557188793350205,No,Quality of Life,1.5569036129185367,0.10999875657570735,Study Permit,Work Permit,IELTS,0.7128425101043001,0
Canada,India,Medicine,1.7545304841873035,No,Job Opportunities,1.4898950963192377,0.2936743461720635,Student Visa,Work Permit,None,-2.4126868515250677,1
South Africa,Canada,Engineering,-0.9209663674129683,Yes,Quality of Life,0.00827702926404962,1.5119031071644118,Study Permit,PSW,IELTS,0.2670852406026604,1
India,Germany,Law,-0.020044880549394184,No,Quality of Life,0.05465973734627497,0.1988568905372967,Tier 4,Post-Study Visa,TOEFL,-0.006367109519870694,0
Canada,UK,Business,0.888959019102359,Yes,Political Stability,0.7388351005774113,0.3393758678063097,F1,Post-Study Visa,TOEFL,0.9464895489671868,1
India,Russia,Computer Science,-0.8887252852678452,Yes,Job Opportunities,-1.6034955897121752,-0.02405535082323114,Study Permit,Work Permit,None,-2.480614768496807,0
Canada,USA,Arts,-1.973212305870956,Yes,Political Stability,-2.3868367433027586,0.04551674541195814,J1,Work Permit,TOEFL,0.8521281766952946,0
Canada,UAE,Social Sciences,1.8013756301253763,Yes,Higher Ranking,1.4868790177040594,-1.610719488593035,Schengen Student Visa,Blue Card,PTE,-0.15046513112703924,0
UK,Canada,Natural Sciences,1.8057496537568463,Yes,Job Opportunities,1.512785497378548,-1.8854482534251376,F1,PSW,PTE,0.23968884260828596,1
USA,Ireland,Arts,-1.8598518437789162,No,Quality of Life,-0.8130006255027795,-0.6684035053654007,Study Permit,PSW,PTE,1.0833951228910716,1
Canada,Ireland,Arts,-0.020292835428638106,Yes,Higher Ranking,-0.7322412232898627,0.5514283573264851,Tier 4,Blue Card,TOEFL,0.4880040139552307,1
USA,UK,Law,-0.03797313892566823,Yes,Higher Ranking,0.7297206741899406,0.4068638339703616,J1,Post-Study Visa,TOEFL,0.5355297042206503,1
Finland,UAE,Medicine,-1.7755883943281436,Yes,Quality of Life,-0.7540158427802515,0.7025318564769756,Student Visa,Post-Study Visa,IELTS,1.1214926537004186,1
Canada,South Africa,Social Sciences,0.8886776764738328,Yes,Job Opportunities,-0.02758610105280735,0.1845900682011799,J1,Work Permit,IELTS,-2.47683635582795,0
UAE,UK,Business,-0.015604843551302474,Yes,Job Opportunities,-0.842099620722881,1.0031860441410294,F1,PSW,PTE,0.8866387493587187,1
UAE,Finland,Medicine,1.7796589931383175,Yes,Job Opportunities,2.2913728445199206,1.9790596863236454,Schengen Student Visa,PSW,TOEFL,0.010863625026708179,1
Russia,USA,Medicine,1.7922486554694643,Yes,Quality of Life,2.323952226017948,-1.428122021872189,Schengen Student Visa,Post-Study Visa,Duolingo,0.708912842712537,0
Ireland,India,Arts,-0.8900706802309458,Yes,Quality of Life,-0.8431355196006856,-1.6046959742619364,F1,Blue Card,IELTS,0.7989360112269004,0
USA,UK,Law,-0.944489247836355,Yes,Higher Ranking,-1.580607436069131,-2.1296240088194485,F1,OPT,None,1.409500596888328,1
South Africa,Russia,Business,0.9056398480250115,Yes,Quality of Life,1.5899181028237737,-0.8440200383654761,Study Permit,Blue Card,None,1.3931020420785383,1
India,Finland,Medicine,-0.8543927837326591,Yes,Political Stability,-0.8726388380433312,-0.8293970908593599,Tier 4,Blue Card,IELTS,0.2668547467099141,0
Ireland,Finland,Law,-0.8768373849888801,No,Scholarship,-0.05191046505000142,-0.47355232597274394,F1,OPT,PTE,0.0220939766296376,0
Canada,Finland,Medicine,0.9246988271661869,No,Scholarship,0.8113031695194378,-0.10993722427070615,Tier 4,Work Permit,IELTS,0.9783770060386572,1
South Africa,UAE,Business,0.9473161428655014,No,Scholarship,1.4821167866767457,-0.7238858722869178,Tier 4,PSW,PTE,0.38396993551072645,0
India,UK,Computer Science,-1.8966804588882522,No,Political Stability,-0.8520835505573834,1.437501115145244,Student Visa,PSW,None,-2.455915753018897,0
USA,Germany,Computer Science,-0.8581636497760453,No,Scholarship,-0.06645051565792114,-0.004769933321686778,Tier 4,Blue Card,Duolingo,-2.448848752903394,0
USA,Russia,Computer Science,0.8710058951081979,No,Job Opportunities,0.8246663689991514,0.7036858111466955,Student Visa,PSW,None,-2.483771835714315,0
Germany,Canada,Business,-0.9389191770140587,No,Quality of Life,-0.8275653898738402,0.2151327918957537,Tier 4,Work Permit,TOEFL,1.3589945117925804,0
UK,India,Business,1.7523533883882252,No,Higher Ranking,1.496649158892501,-0.5654124056999212,Schengen Student Visa,Work Permit,Duolingo,0.2579146310339228,1
Russia,Germany,Engineering,0.8517029320644743,No,Higher Ranking,0.759872439853559,1.8536622735284636,Study Permit,OPT,IELTS,0.8101855985985957,0
UAE,Russia,Natural Sciences,-0.016783369645983426,Yes,Political Stability,-0.8168705262734796,-2.1694685573721944,Tier 4,OPT,Duolingo,0.6711411994724178,0
Ireland,USA,Natural Sciences,0.8803991309296596,No,Political Stability,0.017861035943665064,1.3404511827271262,Study Permit,OPT,None,-2.385313600960152,0
India,South Africa,Medicine,0.8807468510325989,No,Scholarship,1.6280898121428125,-1.174755980506641,Tier 4,OPT,Duolingo,0.07429304142128698,1
South Africa,UK,Business,-0.935507397245795,Yes,Quality of Life,-0.8312905084238029,-1.3548477372661467,J1,Blue Card,None,0.9625143567162932,1
Ireland,UK,Engineering,-1.8707448273351621,Yes,Scholarship,-1.5425983030245667,-1.2511340769445245,Tier 4,Blue Card,IELTS,-0.15524810990518106,0
Canada,Finland,Medicine,-0.9041125177747371,Yes,Scholarship,-0.10886118505610244,1.1124051088491582,F1,OPT,TOEFL,0.38207700301729286,1
Finland,Russia,Arts,-1.8918611234060467,No,Quality of Life,-0.8511883502057238,0.23505482494269017,Tier 4,Blue Card,PTE,0.44223105411477137,1
UAE,Germany,Business,-1.7721434868300028,No,Job Opportunities,-2.392447142029968,0.5121176865427861,Study Permit,PSW,None,-2.4822548838042655,1
Ireland,Canada,Arts,-1.8603250886183547,Yes,Political Stability,-0.8373569767946234,1.92572365353813,Student Visa,OPT,TOEFL,0.29138357065591497,0
UK,UAE,Social Sciences,0.86492992234794,Yes,Political Stability,-0.05628501094937227,-2.0871666631004375,Tier 4,PSW,None,-2.5832046673017874,0
UAE,India,Medicine,-1.8907875435258084,Yes,Higher Ranking,-1.5381825104570666,-1.150844953223473,Tier 4,OPT,None,1.243055625264058,0
Finland,Finland,Computer Science,-0.9591014156798935,Yes,Quality of Life,-1.5862905487394363,-1.5897390542115353,Study Permit,Blue Card,None,0.5526114703255112,0
UAE,UAE,Computer Science,-1.9054370463116024,Yes,Quality of Life,-0.9194544358339183,0.2947909282893306,Schengen Student Visa,Blue Card,None,-2.543305513248199,0
Canada,UAE,Computer Science,1.7782343100233973,Yes,Scholarship,2.2882836050283637,-0.006643628794461079,Student Visa,Work Permit,IELTS,0.8358212670399345,0
UAE,Finland,Natural Sciences,0.9138627921141032,No,Job Opportunities,0.7948228891447064,1.3991463140526594,Student Visa,Work Permit,Duolingo,-0.0941679466754384,0
UAE,USA,Social Sciences,-1.8563904619376732,No,Higher Ranking,-2.345402880670161,0.5872907141545145,J1,Work Permit,Duolingo,0.8890482594193224,1
India,Finland,Law,0.00343013718514964,No,Scholarship,0.7355419323314594,0.5264460349073291,F1,OPT,TOEFL,-2.401916561189736,1
Ireland,UAE,Arts,-1.8339732348571045,Yes,Political Stability,-1.5807067509683521,0.636420984232854,Schengen Student Visa,Blue Card,IELTS,0.4499490231468468,1
Finland,UAE,Engineering,-0.8918858812555217,Yes,Scholarship,-0.7893208225997455,-2.2145676875132585,Schengen Student Visa,Post-Study Visa,Duolingo,0.6688315593644598,0
USA,UAE,Natural Sciences,1.7717370177422604,Yes,Scholarship,1.5860238662687727,-1.4579844885273647,F1,PSW,TOEFL,-2.501845951972233,1
Finland,UAE,Computer Science,-1.7918928752740215,Yes,Quality of Life,-2.3289266230670784,1.8080407464801174,Study Permit,OPT,PTE,-0.23896478278053102,1
India,Ireland,Natural Sciences,-0.024991504651837686,Yes,Job Opportunities,-0.8969457034665622,0.7888395163024686,Schengen Student Visa,OPT,None,-2.411298751358838,1
Russia,Germany,Arts,-1.8221269295538862,No,Scholarship,-1.5770839112629844,-1.4127408608551435,Tier 4,Blue Card,PTE,0.3003577094431159,1
Canada,Finland,Computer Science,0.04174036181987515,No,Quality of Life,0.7485796140455501,1.708616176417339,Study Permit,Blue Card,IELTS,-2.5476151644771483,1
Russia,UK,Natural Sciences,0.7675711270367961,No,Political Stability,-0.0682563934012761,-0.5514510986077847,Tier 4,Work Permit,PTE,0.6515402290988194,1
South Africa,India,Engineering,-0.964523962350769,Yes,Scholarship,-0.8393148965221662,0.521606026948755,Schengen Student Visa,Post-Study Visa,Duolingo,0.28707157121890703,1
Germany,UAE,Social Sciences,1.8190312359043506,Yes,Job Opportunities,0.7433034982716066,-0.6286544948806686,F1,OPT,IELTS,0.11731104140753656,1
Germany,India,Business,0.040310118789326214,Yes,Scholarship,0.7557384037767443,-1.7772600132338146,J1,OPT,PTE,0.2780983967330943,1
Russia,Finland,Law,-0.005431578087867333,Yes,Quality of Life,0.02154130286270432,0.8263609956595867,Tier 4,Post-Study Visa,Duolingo,0.46827999313329294,1
Ireland,Germany,Engineering,0.9085254537193358,Yes,Job Opportunities,0.04604214123581603,-0.47525415019482464,F1,Post-Study Visa,None,-2.4432267225272386,1
Russia,Germany,Business,-0.011033385121113794,Yes,Quality of Life,0.7731391487904004,-1.4958299823920074,J1,Post-Study Visa,IELTS,-0.3644828770675565,1
Germany,UAE,Business,-0.957226436935439,Yes,Political Stability,-1.5776664693705755,1.586043639071493,Study Permit,Post-Study Visa,Duolingo,-2.5259516177950787,1
UAE,UK,Engineering,0.8530161898093338,Yes,Quality of Life,0.6796664588531574,0.17416112430435585,Schengen Student Visa,Post-Study Visa,IELTS,1.224202864739445,1
Russia,India,Arts,0.9746941006614093,Yes,Job Opportunities,1.5773282756980476,0.2638492287759407,F1,Work Permit,TOEFL,0.013907279957444223,0
UK,India,Medicine,-0.938970748951566,No,Higher Ranking,-0.039717534527878275,-1.362562171750337,Tier 4,OPT,Duolingo,-0.16912410798747435,0
UAE,India,Business,0.048828402888738916,No,Political Stability,0.8457251295088061,-0.8686814464831781,Study Permit,Blue Card,IELTS,1.103428200760693,0
South Africa,Russia,Natural Sciences,1.7720452533739544,Yes,Scholarship,0.7561310052059609,0.2855528611985837,Study Permit,Blue Card,None,-2.5445427579056,0
Ireland,UK,Medicine,0.013072177077003302,Yes,Scholarship,-0.81825952840555,0.501417437105775,F1,Blue Card,IELTS,-0.11724423690906671,0
UAE,Germany,Law,-0.9268450044330971,Yes,Quality of Life,-0.8041321650725386,-1.75077403123913,Tier 4,PSW,PTE,0.5738076059785593,0
UAE,UK,Computer Science,-1.889796808154013,Yes,Job Opportunities,-0.7518247719972383,0.949892896035087,F1,Post-Study Visa,TOEFL,0.32944799326878615,1
UAE,Germany,Computer Science,-0.9366315639237869,Yes,Job Opportunities,-0.07881853422443705,-0.830891296695651,F1,Blue Card,IELTS,0.7266879999537176,0
South Africa,India,Business,1.8295637961996531,Yes,Scholarship,1.6126288885053544,0.9389267636237211,F1,PSW,None,-2.494050597504055,1
India,Canada,Computer Science,0.07465038553230463,No,Scholarship,-0.0018297498029791227,-0.7170603034117072,F1,OPT,IELTS,0.5087623166605336,1
USA,UAE,Business,0.9121100860960976,Yes,Scholarship,0.8970718647383369,-1.4098181755851138,J1,Blue Card,PTE,0.23700714895607736,1
Finland,South Africa,Arts,-1.7973585073121736,Yes,Higher Ranking,-1.5608769228000052,-0.060449652860949735,F1,Work Permit,PTE,1.3640137240147845,0
Germany,South Africa,Engineering,1.8083503600219788,No,Scholarship,1.5882199772682801,-2.117806197738159,J1,PSW,PTE,0.5263279248706438,0
South Africa,Finland,Arts,-1.8666612294860698,No,Scholarship,-1.5999355701161915,-1.3442887041597085,J1,Work Permit,Duolingo,1.3000984999918477,0
USA,Ireland,Law,-1.8605516806315665,No,Higher Ranking,-1.5448171743922516,1.543972112495112,Schengen Student Visa,Post-Study Visa,Duolingo,1.1272916649326912,1
USA,Germany,Business,-0.03600607182991538,Yes,Higher Ranking,0.7397197735265445,-1.6462194968047326,Schengen Student Visa,Blue Card,None,-2.38674318201951,0
Germany,Finland,Engineering,-0.9781984824006449,No,Job Opportunities,-0.78548832616002,0.5437120932974825,F1,Work Permit,None,-2.497351671604095,1
South Africa,Germany,Arts,0.9995133658418089,Yes,Job Opportunities,-0.00873075743905901,-0.26135663481410354,Student Visa,PSW,IELTS,1.5580341300268539,0
South Africa,Ireland,Medicine,-1.832145809134047,No,Scholarship,-0.8377241792062964,-0.1991378808986309,Student Visa,Work Permit,TOEFL,-0.015151094792826648,1
India,South Africa,Natural Sciences,-0.03667227839759077,No,Quality of Life,0.7294924965411255,0.5571384436242748,Study Permit,OPT,PTE,0.39801571426298893,1
Finland,Canada,Computer Science,-0.00978403287768359,No,Quality of Life,0.7050004664390276,1.878801292501762,Student Visa,PSW,TOEFL,1.245555805084211,0
Finland,Russia,Natural Sciences,-0.8840560184370914,Yes,Job Opportunities,-0.7942801815259745,-0.01733551207275006,Study Permit,OPT,Duolingo,0.3285324932354926,1
Germany,Finland,Law,1.8112318748164298,Yes,Political Stability,1.5802310371467274,0.0603210909462471,Tier 4,Work Permit,IELTS,0.4017620051566694,0
Finland,UAE,Business,-0.9442644383380694,No,Higher Ranking,-1.6135745916456743,0.4056794773701081,Tier 4,Work Permit,PTE,-0.050395892900606094,1
UAE,Russia,Business,0.015339250216576674,Yes,Job Opportunities,-0.7935260797217605,-0.4658124200103728,Student Visa,OPT,IELTS,1.049079534169056,1
Ireland,UK,Arts,-0.9720402830146782,Yes,Job Opportunities,-0.8412926510026083,-1.2681543223874656,Study Permit,PSW,None,-2.464682448172038,1
Finland,UK,Engineering,-1.0210174450442806,Yes,Scholarship,-0.0354071262249912,0.24163036955849837,F1,Blue Card,Duolingo,1.1763728359755965,0
USA,Canada,Arts,1.720251975105413,Yes,Quality of Life,1.5675185817567892,-0.22027506352973708,Tier 4,Post-Study Visa,IELTS,0.30720764527798144,1
UK,Russia,Medicine,0.8875831361379937,Yes,Scholarship,-0.03658046032354942,-1.7154840298633918,Tier 4,OPT,Duolingo,0.7062890613832735,0
UAE,Germany,Computer Science,1.7948851365239733,Yes,Quality of Life,2.3122216731041028,-1.9579185134127375,Study Permit,OPT,IELTS,-0.23484946465099318,0
Finland,India,Natural Sciences,0.8475431390984076,Yes,Higher Ranking,-0.006002353626084188,1.861682712800632,J1,Work Permit,None,-2.401465121515707,1
India,India,Natural Sciences,0.08622815654777743,Yes,Job Opportunities,0.8077763299230417,1.8142630659075325,Study Permit,Blue Card,IELTS,0.738605126203396,0
Ireland,Finland,Medicine,1.795479449557588,Yes,Scholarship,2.3786958625545234,1.1077145612689023,Tier 4,Work Permit,None,0.5525556802615528,0
Finland,India,Natural Sciences,-0.8951097547091867,Yes,Higher Ranking,-0.04031259156481351,0.5016199040491136,Study Permit,Blue Card,None,-2.497537090952675,0
India,India,Law,1.9139735700665992,Yes,Job Opportunities,2.356419309668347,-0.2175508584820271,Study Permit,Post-Study Visa,TOEFL,0.07659825021749239,1
Ireland,India,Medicine,-0.9968893608999493,No,Scholarship,-1.6127952459308703,-1.4036360920156457,Student Visa,OPT,TOEFL,0.5027999922230774,1
Russia,Finland,Business,-1.8913398337368816,No,Political Stability,-0.7302478232731642,-1.9764030762212423,F1,PSW,Duolingo,-0.17455870426356268,1
Ireland,South Africa,Arts,-0.9438902681145687,No,Political Stability,-0.8698810405121484,1.3516991594868941,F1,Work Permit,PTE,0.3767035724730678,0
Ireland,UK,Arts,-0.003962646090602366,Yes,Scholarship,0.022943597705545705,-1.9899384610782986,F1,OPT,IELTS,0.6835697039920389,1
Canada,UAE,Natural Sciences,0.001976749589973249,Yes,Job Opportunities,0.781716031207012,2.099779668407461,Study Permit,Work Permit,None,-2.476847518927237,0
UAE,UAE,Law,-1.9063159262279215,Yes,Political Stability,-1.499120085993105,0.5265497553331592,J1,OPT,Duolingo,0.9986998722762451,0
USA,Russia,Natural Sciences,-1.815726968822945,No,Political Stability,-1.6117684719123457,-0.22314612551335872,Study Permit,PSW,Duolingo,1.0107249584904194,0
Germany,Finland,Business,-0.07045771340784464,No,Scholarship,-0.8463117270676036,-1.9647388067796945,J1,Blue Card,PTE,1.163930672551016,1
Germany,Canada,Business,-0.988273268082121,Yes,Job Opportunities,-0.040753317207245815,1.1015770086651113,J1,PSW,None,1.254421591363246,1
UK,Germany,Law,1.8333608355353253,No,Job Opportunities,2.2960482501876216,1.4716363978268114,Study Permit,PSW,PTE,1.2986504243066483,0
Canada,USA,Law,-0.00160517824560707,Yes,Scholarship,-0.04299487935734535,-2.2139150468274598,F1,PSW,Duolingo,-0.15344283417292176,0
Ireland,Germany,Engineering,-1.8141061721793001,Yes,Scholarship,-2.3935716339928175,-1.25499094091308,J1,Post-Study Visa,TOEFL,-0.06469965359989227,1
Germany,Canada,Medicine,-0.03563178044349604,No,Higher Ranking,0.09420382564622383,1.1293860482275564,J1,OPT,TOEFL,0.7520741758755156,1
Canada,India,Arts,-0.06909522230805513,Yes,Political Stability,-0.024971949951272394,0.05293761379041021,Study Permit,Work Permit,Duolingo,0.3568977681271752,0
UAE,USA,Computer Science,-0.008309986539754344,No,Job Opportunities,0.7569287536844461,1.9104442863299362,F1,OPT,None,-2.4904580617313,0
UK,UAE,Engineering,-0.8584108902858227,No,Scholarship,-0.8404977717607771,-0.7961329305829266,Tier 4,Post-Study Visa,IELTS,1.3938988247910544,1
India,UK,Law,0.03688930354045023,No,Political Stability,-0.8447014091068402,-1.473796482977933,Study Permit,OPT,TOEFL,0.06708437539520071,0
Canada,Germany,Social Sciences,1.806518194096714,Yes,Scholarship,1.6092948861181442,-1.8266733356601337,Student Visa,PSW,None,-0.07677746095761755,1
Ireland,USA,Engineering,0.8833641571441905,No,Quality of Life,1.5121326221847418,1.7833721244383418,Schengen Student Visa,Blue Card,PTE,0.9028778550508411,1
USA,Russia,Social Sciences,-1.8255605248650932,No,Higher Ranking,-2.3645686903157177,0.568707459741925,F1,Post-Study Visa,PTE,-0.12049779723582157,1
South Africa,India,Engineering,0.8414188584803068,Yes,Political Stability,1.528030742947926,-0.5595774727298666,Tier 4,PSW,PTE,1.3405846660225196,1
Canada,UK,Social Sciences,0.9431332265732687,No,Quality of Life,1.5909717609662266,0.002647838737759381,Schengen Student Visa,PSW,Duolingo,-0.057856203798592076,1
UK,Germany,Business,-1.9060915637090396,Yes,Scholarship,-1.5811528823360124,-2.096269972451827,Study Permit,OPT,Duolingo,0.35261280988366217,1
UAE,Ireland,Natural Sciences,1.7760093415898688,No,Higher Ranking,1.4898662344801,-0.7385979083102197,J1,Blue Card,TOEFL,0.21815018681140622,1
Canada,Ireland,Law,-1.931481868518537,Yes,Quality of Life,-0.7150523201888409,-2.31608314790362,F1,PSW,PTE,0.6166617101148173,0
Ireland,Canada,Medicine,-0.9506700785035382,No,Political Stability,-0.8726235672878416,2.127551593499332,Student Visa,Work Permit,PTE,0.6924061689790774,1
UK,Ireland,Medicine,1.813529134589843,Yes,Political Stability,1.5138073554377065,-1.6340182116838824,Tier 4,Work Permit,IELTS,0.5283975677895338,1
UK,Canada,Computer Science,-1.8825723824283265,No,Quality of Life,-0.7631475505884964,-1.7778200871950773,Tier 4,Work Permit,PTE,-0.2495053110909507,1
Ireland,UK,Natural Sciences,1.766754953773246,Yes,Quality of Life,2.3188573068664042,0.9824776446659076,J1,Work Permit,IELTS,1.2123592166681187,1
UK,Finland,Social Sciences,-1.9278712302204692,No,Political Stability,-2.347553072572514,-1.7475535730780987,Tier 4,OPT,Duolingo,0.11862872186953126,1
Ireland,USA,Engineering,0.01296482546641741,No,Job Opportunities,-0.0015378723136360122,0.28928123207972384,Student Visa,Blue Card,Duolingo,0.384049391492888,0
Ireland,India,Arts,1.8808053291438396,No,Political Stability,2.3306901430021436,2.1599195111327214,Study Permit,OPT,Duolingo,0.27116103437350697,0
UK,Germany,Computer Science,-0.0309214361687912,No,Scholarship,-0.7782334280808103,1.8986002247013352,Student Visa,Work Permit,IELTS,-0.20131589494217855,0
Germany,Finland,Engineering,-1.8942905224948485,Yes,Higher Ranking,-2.3160480716102545,0.5444573495019668,J1,OPT,Duolingo,0.644529265209712,0
South Africa,UAE,Computer Science,0.8891426350483356,No,Quality of Life,0.018050815878932366,-0.7203896570568719,F1,OPT,TOEFL,1.366936114133943,0
South Africa,Russia,Engineering,-0.013704882891478136,No,Scholarship,-0.03194664601376554,-0.3179416338519841,F1,Work Permit,TOEFL,0.6999159308261237,0
UK,Finland,Business,1.7971776558300174,No,Job Opportunities,0.7627483867095753,0.48754593424115045,J1,Blue Card,PTE,-0.23069795978679153,1
Ireland,Canada,Social Sciences,1.7240664708799383,No,Quality of Life,0.7809338146281062,0.5812743847967503,Tier 4,PSW,Duolingo,0.3408481635780604,1
South Africa,India,Social Sciences,-0.11966753848610615,Yes,Scholarship,0.02587373688178698,-2.240060766769395,Schengen Student Visa,PSW,IELTS,1.3239922488147151,0
Ireland,South Africa,Engineering,0.8700005945845868,Yes,Political Stability,0.7339016813662178,0.322414152229535,J1,Post-Study Visa,TOEFL,-2.4422744124978943,1
Canada,UK,Law,-0.9696656359153171,No,Higher Ranking,-0.7283588517867082,0.2896487451166032,F1,Post-Study Visa,None,-2.5162805185822923,1
South Africa,India,Business,-0.9932943723501628,Yes,Scholarship,-1.5824304520541481,1.278228674162336,Study Permit,Work Permit,TOEFL,1.0254249775652575,1
Germany,Finland,Law,1.9134625836406307,Yes,Quality of Life,0.7554022946545078,0.8494741838828916,Study Permit,OPT,TOEFL,1.454588016808131,0
UK,South Africa,Computer Science,0.926476354487222,Yes,Political Stability,0.7440127317786219,0.3308068483715572,Study Permit,Blue Card,Duolingo,-0.2193022563860491,0
UAE,India,Medicine,-1.8834624739702581,No,Scholarship,-2.384258214957884,0.7131358170116114,Student Visa,Post-Study Visa,TOEFL,0.3044778527119132,0
India,UAE,Engineering,1.7223379170214184,No,Quality of Life,0.6964327148618392,-0.03393221014346999,Schengen Student Visa,OPT,IELTS,0.5050407621505293,1
Germany,UAE,Natural Sciences,-1.8863596251498818,Yes,Job Opportunities,-2.3512272001671253,-1.8904084112510025,F1,Post-Study Visa,TOEFL,1.3957820619021142,1
India,Ireland,Medicine,-1.8959282407128586,Yes,Job Opportunities,-0.7348420826324097,-1.4583869066162756,Schengen Student Visa,Blue Card,TOEFL,-0.10671458356380886,0
India,Ireland,Medicine,-0.9693520267821805,No,Quality of Life,-0.8314969231903115,1.1666501237269256,J1,OPT,Duolingo,0.7880617772993398,0
Germany,Canada,Medicine,1.7946403979967465,Yes,Political Stability,0.6622832392282432,-1.7270288828725004,Student Visa,OPT,TOEFL,0.4069863569384665,1
Russia,Canada,Law,-1.8420783203729425,No,Quality of Life,-2.330000950840273,0.7671973884150026,Study Permit,Work Permit,PTE,-0.05404775400561427,1
Russia,UAE,Law,-0.11020267651680646,No,Job Opportunities,-0.023908254346213905,1.6632199027203949,F1,Post-Study Visa,None,0.09758324929535989,0
UK,UAE,Law,0.8691085270429065,No,Job Opportunities,1.4940044475235965,1.1988300113049877,F1,Work Permit,PTE,0.7248687373170273,1
Finland,India,Arts,0.015269441259564425,No,Political Stability,-0.033019686255714616,-1.4174704769823478,Tier 4,Work Permit,PTE,1.296978596445697,0
UAE,Finland,Engineering,-0.9359088507054655,Yes,Quality of Life,0.01964224217370403,1.8239288688315018,Student Visa,Work Permit,TOEFL,0.08992632422021621,0
Finland,Ireland,Business,-0.9267310007526887,No,Scholarship,-0.752107841718491,1.8727407150701718,F1,PSW,Duolingo,0.5069473454403788,0
India,Germany,Natural Sciences,-1.8181435202379141,No,Quality of Life,-1.598902630631447,-1.133358976854108,J1,PSW,None,-2.405156556135186,0
UK,Canada,Computer Science,-1.8003207216285855,Yes,Job Opportunities,-0.7904509001929696,0.20399506217718358,Tier 4,Blue Card,TOEFL,1.3461975708806224,0
USA,India,Business,1.856166696829108,No,Quality of Life,2.3170617705372534,0.8138752954336858,J1,Work Permit,None,0.340241600814245,1
UK,Russia,Business,1.8605569020775272,Yes,Political Stability,0.7987000698808464,1.014856150435402,Student Visa,Post-Study Visa,IELTS,0.04685602862147903,0
Finland,USA,Computer Science,-0.9555649463475508,Yes,Job Opportunities,-1.549620438292393,2.0497788449351124,Study Permit,Post-Study Visa,Duolingo,0.8333296997318036,1
Russia,Finland,Medicine,-1.7726293269094433,No,Scholarship,-1.5790829778056283,-0.34160425777382425,Tier 4,Post-Study Visa,TOEFL,-2.3403658807834034,0
Finland,Germany,Computer Science,0.0673637590414322,Yes,Scholarship,-0.9095074887708513,1.7708465891495089,F1,Blue Card,Duolingo,-2.432298019503292,0
Russia,UAE,Business,-1.895999707313882,Yes,Political Stability,-2.348215111363426,1.8498970944630584,F1,Post-Study Visa,None,-0.16851243266987218,0
Canada,USA,Computer Science,0.9172322722593448,No,Job Opportunities,0.025104362269352472,-0.1672978372047695,Student Visa,Work Permit,PTE,0.22844682259044366,0
Germany,India,Social Sciences,-1.7821541425870175,No,Quality of Life,-0.7502281016550428,1.6801493720812704,F1,Post-Study Visa,TOEFL,0.2623719470685139,1
Canada,USA,Social Sciences,0.8572984444058059,Yes,Political Stability,0.7174424985180964,1.4635478206280355,Study Permit,Blue Card,PTE,-0.2119299605590835,0
Germany,UAE,Computer Science,0.931096309536015,Yes,Job Opportunities,1.406061145859423,-0.31948300227038656,Schengen Student Visa,OPT,PTE,-2.537669716100927,0
India,South Africa,Medicine,0.9140581005441084,Yes,Higher Ranking,-0.022947635076735026,0.7086250311683454,Study Permit,PSW,TOEFL,1.2873477690797412,1
Germany,South Africa,Engineering,0.8924767832821795,Yes,Scholarship,0.734555952428806,-1.346999523897375,Student Visa,OPT,Duolingo,1.2164835661769158,1
USA,Finland,Arts,-0.0014141888329648657,No,Scholarship,0.7934551401460361,1.001149694437953,F1,PSW,Duolingo,1.3871913899371071,1
UAE,Russia,Arts,0.9442856898159887,No,Higher Ranking,1.573185853543606,-0.4398584415148399,Tier 4,Work Permit,IELTS,0.3691661191082431,1
Germany,South Africa,Natural Sciences,-0.9700217195620935,Yes,Quality of Life,-0.06114656059904826,-0.17948497387654191,J1,Post-Study Visa,Duolingo,-0.14526884743322455,1
Germany,India,Social Sciences,-0.8760664498036327,No,Political Stability,-0.7350625999369076,1.3261031347054282,J1,Work Permit,None,-2.4610592772212434,1
Russia,USA,Business,-1.0173551415786584,No,Job Opportunities,-0.025487059681594895,0.5020049281405405,J1,Work Permit,None,-2.409452644707681,1
UAE,USA,Engineering,-1.8717494662083745,No,Higher Ranking,-0.7901279162124429,-0.5561938181934954,F1,Post-Study Visa,Duolingo,1.3139997052958718,0
Russia,USA,Business,-1.848472367969009,Yes,Scholarship,-1.6766397210970125,1.728509882639336,Tier 4,Blue Card,TOEFL,-2.4694906936506675,1
India,USA,Computer Science,-0.8456234309201331,No,Scholarship,-1.6334177658024034,1.0874681370379196,Tier 4,OPT,IELTS,0.7712051818246336,1
South Africa,Ireland,Engineering,-0.0490905668239915,No,Quality of Life,-0.06573366345329823,-0.8525158205478914,Study Permit,Blue Card,None,-2.476017629058796,1
UAE,UAE,Medicine,-0.03386763887410472,Yes,Quality of Life,-0.863228686923988,0.4998044536673936,Student Visa,PSW,PTE,1.0315904521626476,1
UAE,South Africa,Computer Science,-0.8795245659155921,No,Quality of Life,-0.6604057603342467,-0.9679833820282754,Tier 4,OPT,TOEFL,-0.14955909378652482,1
Ireland,Finland,Engineering,-0.8867740000971234,Yes,Quality of Life,-1.5358909023047904,2.1088893966119513,F1,PSW,Duolingo,1.0596084555757386,1
Ireland,Canada,Medicine,0.970692106662791,No,Quality of Life,-0.043751597018241946,-0.5825619292658474,Student Visa,OPT,PTE,1.0168162074045872,0
Finland,UK,Arts,-1.7981779839043055,No,Job Opportunities,-2.3855006381150794,0.6162375188800076,J1,Blue Card,PTE,0.955132585003715,0
Russia,Germany,Law,0.9388672271259048,Yes,Scholarship,1.5373235028120804,0.8361985948445991,J1,OPT,IELTS,0.6575462642636594,1
Russia,Germany,Computer Science,0.9473375913573079,No,Scholarship,0.006163278416047725,0.9786325386908835,Tier 4,PSW,Duolingo,0.3911575689387545,0
UAE,UK,Engineering,-1.8169790660240133,Yes,Quality of Life,-1.5282686403726717,2.1321991031808136,F1,Blue Card,Duolingo,0.4882971566566732,1
Canada,Ireland,Computer Science,1.8386611975709144,Yes,Higher Ranking,1.6000444847228883,0.7361923816382364,Schengen Student Visa,Work Permit,None,-2.475854470178648,0
UK,UAE,Business,0.9799290503281386,No,Job Opportunities,1.5138103140110613,2.2627704459515976,Study Permit,OPT,IELTS,0.366180199927734,0
UK,Canada,Computer Science,1.7866757786421903,Yes,Quality of Life,2.2472235673451686,-0.45721687724070825,Schengen Student Visa,Blue Card,PTE,1.2325620880752661,1
India,UAE,Medicine,-0.051194474753091856,No,Job Opportunities,-0.8302086174825849,-1.4104163301130723,Tier 4,Blue Card,PTE,0.46174456050725027,1
UK,South Africa,Business,-1.8482030410904293,Yes,Job Opportunities,-0.6642213877776595,-2.1203499943617192,Study Permit,Blue Card,TOEFL,0.3160530425667805,0
UK,Russia,Law,-0.9314203942628078,No,Higher Ranking,-1.60103360696783,0.7941755734818591,Tier 4,Work Permit,Duolingo,-0.08023862046438629,0
India,India,Computer Science,1.8080844395463418,No,Scholarship,0.7322929100385663,-1.9253223796287484,Study Permit,Blue Card,Duolingo,0.19590830311391777,1
Finland,USA,Law,-0.044736326353827585,No,Higher Ranking,0.7106263196637448,1.335902422369275,Schengen Student Visa,PSW,Duolingo,1.0820792464081697,0
India,Finland,Social Sciences,-0.8877555366849137,No,Job Opportunities,-0.0874483272424546,-1.26244658935572,Tier 4,PSW,Duolingo,0.2274782721266046,1
South Africa,USA,Engineering,-1.8816131793064828,Yes,Higher Ranking,-2.3846129078386724,-1.2140169333586253,Student Visa,PSW,None,-2.467374376599787,0
Finland,UK,Social Sciences,-0.89432277638082,Yes,Quality of Life,-0.8994959209353185,0.95533055732381,J1,OPT,None,-2.4506672799559257,1
Germany,Ireland,Arts,0.8371041759658191,Yes,Scholarship,-0.047876493556870306,0.5704088293951469,Student Visa,Blue Card,None,-2.533497732072346,1
UAE,Russia,Arts,1.784549692035704,Yes,Higher Ranking,2.364693123887668,0.28485478969621936,Schengen Student Visa,Work Permit,IELTS,-0.2560557211379903,0
USA,India,Computer Science,0.9428059105858778,Yes,Higher Ranking,0.005742615912940528,-0.7084293420816824,J1,OPT,Duolingo,1.1821474945076131,0
Canada,India,Engineering,1.8189684808162014,No,Scholarship,1.542996228435244,-1.987742361204093,F1,Work Permit,Duolingo,0.9284074593920822,1
USA,Ireland,Natural Sciences,-1.848014785754604,Yes,Job Opportunities,-2.3706902547397144,0.7172377907050657,Student Visa,Blue Card,TOEFL,0.3681003693856695,0
Germany,USA,Natural Sciences,0.9577015543269896,No,Higher Ranking,0.7808094526345554,-1.6445058074809307,J1,Post-Study Visa,None,-2.52168023755604,0
UAE,Canada,Business,-1.7795478264101445,No,Job Opportunities,-2.419747215263887,1.7724929409039483,Student Visa,Blue Card,None,-2.456988968883361,1
USA,Canada,Arts,-0.9461729385224112,Yes,Higher Ranking,-0.7704650368739321,-0.086507951768273,F1,Blue Card,IELTS,-0.23604393593618023,0
Russia,South Africa,Business,0.02101350148054066,No,Scholarship,0.716713859786062,-0.27213205981405586,Schengen Student Visa,Blue Card,None,-2.450563115980195,0
Canada,Canada,Law,-0.0703811974930292,No,Scholarship,-0.8667751683526391,1.234796675705349,Student Visa,Blue Card,PTE,0.34522658341104895,1
UK,Canada,Computer Science,-0.9209830800319215,Yes,Higher Ranking,-1.549584906886779,1.3667664258559264,Student Visa,Blue Card,Duolingo,-0.1603294924487297,1
South Africa,Ireland,Arts,-0.920697155046665,No,Job Opportunities,-1.6080648848736183,-0.37869223524765633,Tier 4,PSW,PTE,0.7436301301302525,0
Germany,UAE,Social Sciences,-0.9720110846957254,Yes,Job Opportunities,-0.05643292446865869,-1.2162761485030327,J1,Post-Study Visa,IELTS,-2.4743416551182538,0
Germany,South Africa,Social Sciences,-0.007836571183557045,No,Political Stability,-0.06506757571986349,-2.0802237566297794,J1,Blue Card,Duolingo,0.31744897753477924,0
UK,Germany,Social Sciences,0.8882929891732603,Yes,Job Opportunities,0.005082171046599693,1.9940776003518208,Student Visa,OPT,PTE,1.4045141627155497,0
UK,UAE,Social Sciences,-0.9265634173394086,Yes,Political Stability,-1.5855210283476202,0.6883346539908176,Tier 4,OPT,TOEFL,0.883171379759765,0
Ireland,Canada,Law,-1.7880030174520702,No,Quality of Life,-2.349559001825301,-0.49386607071298544,Student Visa,Blue Card,None,-2.463601711214012,0
Germany,Russia,Business,0.8677129078886114,Yes,Quality of Life,0.6204197289039982,2.1237905645621544,F1,PSW,Duolingo,-2.4927969373845857,1
Russia,UAE,Computer Science,0.8486190771531039,Yes,Political Stability,0.7042804643346707,-0.686397445187107,J1,Post-Study Visa,Duolingo,0.08943385265089124,1
Ireland,Ireland,Natural Sciences,-1.013741420655795,Yes,Political Stability,-0.012457638081031393,-0.054847463957348644,Study Permit,Work Permit,IELTS,1.2040828971620114,1
UAE,Russia,Law,-1.8856460282712855,Yes,Political Stability,-0.7441907404737698,-0.2108507984532591,Student Visa,Post-Study Visa,None,-2.4814231926856305,1
South Africa,South Africa,Computer Science,-0.025057408425636432,Yes,Quality of Life,-0.8206185424748587,1.8058546872852022,Student Visa,Blue Card,TOEFL,-0.06459921958767977,0
Finland,USA,Engineering,-0.05930949574859147,No,Scholarship,0.8024315726534195,0.24487539339983128,Tier 4,Blue Card,TOEFL,1.4392011536782208,0
Germany,UAE,Medicine,0.9423594954073091,No,Quality of Life,1.6234935724416562,1.3786549052278416,Tier 4,PSW,None,-2.466732065123888,0
India,UK,Social Sciences,-0.0858648886063476,No,Scholarship,-0.7609816278372059,0.2566269704794708,Schengen Student Visa,Work Permit,None,-2.4306223818389205,0
Ireland,Germany,Computer Science,1.787488111924262,Yes,Higher Ranking,1.5214370131846766,-1.8422521426497784,Tier 4,PSW,IELTS,0.8966062006662823,1
USA,Russia,Computer Science,-0.8797183440010363,Yes,Scholarship,-0.019983067716578824,0.29387479808100103,Student Visa,Post-Study Visa,PTE,0.43885270772419754,1
Russia,Germany,Computer Science,-1.9069318839893015,No,Scholarship,-2.3763772282632183,-1.2089285435836254,J1,PSW,None,-2.535623956173856,0
Russia,South Africa,Engineering,-0.89908568654197,No,Scholarship,-0.8318007116066384,1.080844537264851,Student Visa,Post-Study Visa,TOEFL,-2.5344658380676006,1
India,UK,Medicine,-0.9098922958814929,No,Higher Ranking,-0.03685586369977197,-0.45212221887552184,Student Visa,Blue Card,IELTS,0.6742860408911995,0
South Africa,UK,Natural Sciences,0.8381794780308023,Yes,Political Stability,1.5204094328839926,0.3297221827706511,Tier 4,Blue Card,None,-2.441891475776023,0
Germany,UK,Business,-0.9533034866759157,Yes,Political Stability,-0.767808762064172,-1.8333545803719287,Study Permit,Blue Card,TOEFL,0.881406203518931,0
Canada,South Africa,Business,-1.8327280424526817,No,Job Opportunities,-2.331851221979456,-0.22790184272045091,Study Permit,Post-Study Visa,IELTS,0.8310910528244273,1
Canada,India,Computer Science,1.7407075007893869,No,Job Opportunities,2.3203545676236192,-1.7778211665707713,J1,PSW,TOEFL,-0.25379113869969677,0
Canada,South Africa,Computer Science,-0.9737712703354734,No,Quality of Life,-0.004428807854115865,-1.072671525522651,F1,Work Permit,TOEFL,1.076186798104593,1
UK,UAE,Medicine,0.9239036890047633,Yes,Political Stability,0.737775020443631,2.1834853876934552,J1,Blue Card,Duolingo,1.2715432475175161,0
Germany,Russia,Law,-0.005894424397288527,Yes,Job Opportunities,-0.08557621094039841,1.4163235847386981,Study Permit,OPT,PTE,1.085494085321961,1
Germany,Finland,Computer Science,0.9485358336776487,Yes,Quality of Life,-0.00605588276538759,-0.47621479431468616,J1,PSW,PTE,0.28639152509083987,1
Ireland,UK,Arts,-1.8295119143807155,No,Job Opportunities,-0.7801045770941265,0.326619656237318,Student Visa,OPT,TOEFL,0.7048645752555255,1
South Africa,USA,Engineering,0.8189985105861635,Yes,Job Opportunities,-0.0027174073158579386,0.08641578630780603,F1,Blue Card,PTE,1.3780391924178466,0
Ireland,South Africa,Natural Sciences,-1.8629517926072279,No,Quality of Life,-1.4700117079195203,-0.9471077302890245,Tier 4,Blue Card,PTE,1.37954236012892,0
UAE,Germany,Arts,1.8364463092773367,No,Political Stability,1.4554819904727307,-1.220118565045351,Student Visa,PSW,TOEFL,0.011701531562704141,0
Canada,UK,Medicine,0.9301265147783884,No,Quality of Life,0.808606534426206,1.4377060401091242,J1,Work Permit,IELTS,0.6873311235074349,0
Finland,Canada,Computer Science,-0.973714532304791,Yes,Quality of Life,-1.6749527937961994,-0.8216927186237369,Schengen Student Visa,Post-Study Visa,PTE,-2.5152364591088103,1
Germany,USA,Natural Sciences,-1.842810295614936,Yes,Job Opportunities,-1.6386983477724903,-2.057403620946127,Tier 4,Work Permit,IELTS,0.22156431110142752,1
South Africa,UAE,Social Sciences,0.8030385429689083,Yes,Political Stability,-0.0821055044838469,-1.5143425789450595,J1,Work Permit,PTE,1.2083469274004963,0
Canada,Russia,Arts,-1.89723711947532,No,Higher Ranking,-2.3708959376969463,-0.7400119481059462,Tier 4,PSW,PTE,1.380916982463485,1
Germany,India,Engineering,-0.011625952383985625,No,Quality of Life,0.7542032361649513,1.5938092285453491,Study Permit,Blue Card,IELTS,1.411541550808166,1
Russia,Germany,Social Sciences,-0.04793758648633726,No,Political Stability,-0.033130645793908446,2.0800303939170632,Schengen Student Visa,Work Permit,PTE,0.15978849790122085,1
Germany,India,Business,0.9679470734684379,Yes,Job Opportunities,1.4825503758091914,1.3100116980159646,Tier 4,Blue Card,TOEFL,1.1933254064066554,1
Russia,Finland,Medicine,-0.03943919074595878,Yes,Higher Ranking,0.01627081321352428,-2.2042390796267535,Tier 4,Post-Study Visa,TOEFL,0.07012015052490195,1
USA,Ireland,Engineering,-0.08474181102727867,Yes,Scholarship,-0.009334293638447526,-1.631324031198743,Schengen Student Visa,OPT,TOEFL,0.22693917887512652,1
USA,Ireland,Computer Science,1.7984791422133495,No,Quality of Life,0.7906165008905197,0.014925168854919178,Student Visa,PSW,Duolingo,0.9242996964172299,1
UK,USA,Law,-1.7760704696804792,Yes,Job Opportunities,-0.8571443735162487,-1.89294018894123,Schengen Student Visa,OPT,TOEFL,0.3647584104075239,0
USA,UK,Law,0.0069829966984951645,No,Political Stability,0.02089245480234898,0.031839341249570205,F1,Blue Card,None,-2.4790137176824056,0
Ireland,UAE,Business,-0.04673174296463483,No,Quality of Life,-0.7462784924321448,1.5781825761389827,Student Visa,PSW,PTE,0.5380196307531371,1
UAE,Finland,Engineering,1.8093876644216211,Yes,Job Opportunities,1.592903583467019,-1.7593963002653064,Student Visa,Blue Card,Duolingo,-0.11227952786858733,0
UK,Finland,Natural Sciences,0.905775977946502,Yes,Quality of Life,1.572265428749371,0.01179501547518952,Tier 4,Blue Card,IELTS,1.4386705723784863,1
Russia,USA,Computer Science,0.8760484726268751,Yes,Job Opportunities,1.6299025740567716,-0.6930871870370652,Student Visa,PSW,None,1.314233286601944,0
South Africa,Canada,Business,0.06982961995735783,Yes,Job Opportunities,0.766543340755058,0.9362548530318986,Study Permit,Work Permit,IELTS,1.3287174928332384,1
South Africa,Canada,Social Sciences,0.9381254909492581,Yes,Higher Ranking,1.5954365174749927,-0.004154353120824612,Student Visa,Blue Card,None,-2.5059303363330043,0
Germany,India,Computer Science,0.04219952951764216,Yes,Quality of Life,-0.8176858148695092,-1.6365312848780562,Tier 4,Post-Study Visa,Duolingo,0.2667800760513119,0
Canada,India,Engineering,1.7691016416843892,No,Scholarship,0.7647219116664429,2.2089461897733376,Tier 4,Post-Study Visa,Duolingo,0.5177488443776515,1
Germany,Finland,Engineering,0.9488179569369573,Yes,Political Stability,0.7762658986261579,0.8390710635087739,F1,PSW,None,-2.463637129708948,1
UK,India,Arts,0.9323680667674148,Yes,Scholarship,1.566578513703906,-2.1141357212840743,Schengen Student Visa,PSW,None,0.11785975862337061,1
UK,Finland,Natural Sciences,-1.8945702054542535,Yes,Political Stability,-1.5850529712971733,0.5329642614182533,Study Permit,OPT,Duolingo,0.3006320205341439,1
USA,Finland,Arts,-0.9791384219449502,Yes,Job Opportunities,0.023227276585155252,-1.6178566450111467,Tier 4,Work Permit,IELTS,0.29004677389642947,0
Russia,Ireland,Law,-0.031196263298577283,No,Higher Ranking,0.7971611595332645,2.0336568589416295,Study Permit,OPT,None,-2.52408270742086,1
USA,India,Business,-0.04152024048600174,Yes,Higher Ranking,0.768377478475897,0.22291421065875724,Tier 4,Post-Study Visa,IELTS,-2.436733761712415,0
UAE,UK,Arts,1.7960273446382335,Yes,Scholarship,1.4787109058082852,-0.9422535230611825,J1,Post-Study Visa,TOEFL,0.07019135203164292,0
UK,UK,Law,-0.9886484806072166,No,Higher Ranking,-0.739229169072884,-1.4054171843193546,J1,Blue Card,PTE,1.225866232246394,1
UAE,South Africa,Engineering,0.9171085366070358,No,Political Stability,0.7908055797636488,-1.8112225549972105,Student Visa,Post-Study Visa,None,0.29798862508258656,1
Finland,Germany,Medicine,-1.923171800939219,Yes,Scholarship,-1.5073235272269705,1.6801584008128898,Schengen Student Visa,Work Permit,PTE,0.5506775100085345,1
Germany,UK,Business,1.815263661035504,Yes,Quality of Life,2.2995676537010166,1.3055809983414286,Study Permit,PSW,TOEFL,-0.3621443839852793,0
Finland,UK,Natural Sciences,-0.008147769253407005,Yes,Quality of Life,0.8351000875518776,1.4763049012652096,F1,Post-Study Visa,IELTS,0.19670908481597715,1
India,Ireland,Computer Science,1.7922924351887908,No,Job Opportunities,0.8490046912285499,2.061114967108825,J1,Blue Card,TOEFL,0.5273189269442796,1
India,Ireland,Law,1.7762648170170607,Yes,Quality of Life,0.8191923829924405,-0.8995718103636224,Study Permit,OPT,PTE,0.29817100821547227,1
Canada,UK,Law,-1.854560121811786,Yes,Quality of Life,-1.5257990646230704,-0.4729004452442102,Schengen Student Visa,Blue Card,PTE,0.973228788045587,1
Canada,South Africa,Computer Science,0.9875625777758398,No,Quality of Life,0.8607625368806777,-0.7161501835403254,J1,Blue Card,None,-2.4815874487937446,0
UAE,Ireland,Business,-0.9076210032892172,Yes,Political Stability,-0.03692698863258708,-1.9545326173151187,Schengen Student Visa,OPT,IELTS,0.08808231556324495,0
UK,Ireland,Engineering,-0.03386732960992248,Yes,Higher Ranking,-0.8444570103901426,1.6889905777526149,J1,Post-Study Visa,None,0.8489413029808408,1
Ireland,South Africa,Computer Science,-0.06600722581748222,No,Higher Ranking,0.7190481278328079,-0.7859213012693295,Tier 4,Blue Card,Duolingo,1.06229582907783,1
Canada,UAE,Natural Sciences,-1.8636064465963895,No,Higher Ranking,-2.3623916453583798,0.0729625343562603,J1,Post-Study Visa,TOEFL,-2.498843610379694,0
India,UAE,Medicine,1.7682183958055495,No,Higher Ranking,1.5548485254856879,-1.5234523994725384,Schengen Student Visa,PSW,TOEFL,1.286935868235344,0
UAE,Russia,Law,0.025926086227741327,No,Job Opportunities,-0.02167833696955199,-1.1132489651144413,F1,OPT,IELTS,1.2798726710085198,1
Germany,South Africa,Natural Sciences,-0.904193219890595,No,Scholarship,-1.5711800377650698,-0.762484648154814,Tier 4,OPT,TOEFL,-2.4936489329041036,0
India,UAE,Natural Sciences,-1.8436384599359041,Yes,Higher Ranking,-1.5367002681976285,-0.45222842329364077,F1,Blue Card,None,-2.4460510617610254,1
Germany,India,Computer Science,0.9331293210629086,No,Job Opportunities,1.5068737648553696,0.1251337190765224,Tier 4,Post-Study Visa,IELTS,-2.453053770907117,1
UK,USA,Computer Science,0.07824805449647494,No,Scholarship,0.6679727754773069,-1.617267704419933,Study Permit,OPT,Duolingo,1.061170353713495,0
USA,UAE,Natural Sciences,0.860702194773885,No,Quality of Life,-0.0021995389431747475,-1.2468244981471637,Tier 4,PSW,None,0.9170445752367549,1
South Africa,South Africa,Engineering,-1.792133862485383,Yes,Political Stability,-1.5958623183807443,2.2163333697937047,Study Permit,Work Permit,None,0.9980220898397439,0
Canada,Finland,Computer Science,0.8469309361203984,No,Higher Ranking,-0.03708185403677701,-0.17875271524520064,Student Visa,Blue Card,IELTS,-2.5911270911597954,1
Russia,Finland,Arts,0.8299134753149863,No,Political Stability,1.4916243370431168,-1.1749309189187824,Student Visa,Work Permit,None,1.0706243971213214,0
USA,UK,Business,0.8149075243477617,Yes,Higher Ranking,0.035524392520288745,-1.2231735945188553,F1,Blue Card,TOEFL,0.0335548111212821,0
Germany,Finland,Computer Science,0.8780957895514014,Yes,Scholarship,1.596099840678555,0.11287342657430538,F1,Work Permit,None,-2.3984694429717766,0
South Africa,Canada,Engineering,-0.06566050362289194,Yes,Higher Ranking,0.7826125793277164,1.1093860707382923,Study Permit,Work Permit,None,-2.5215549558935586,1
UAE,Ireland,Arts,0.8869627594104078,Yes,Job Opportunities,1.6036217362205025,1.9542097641800418,Study Permit,OPT,Duolingo,-2.498764543483145,1
UAE,Germany,Computer Science,0.9325993561529422,No,Higher Ranking,0.038477167073626806,-0.2590885115212922,J1,Post-Study Visa,IELTS,1.2020532860784578,0
Canada,Germany,Arts,-0.9227388420009041,Yes,Scholarship,-1.5258307532475281,0.13101065491780267,Study Permit,Blue Card,Duolingo,0.5324708790978754,0
India,Finland,Natural Sciences,0.7861926215065695,No,Higher Ranking,0.7647783028124291,-0.9153815684952636,Study Permit,OPT,None,1.0575490611241403,1
Canada,Russia,Natural Sciences,-0.08615836180060166,No,Scholarship,-0.0034008480638415203,-1.7016694775767638,Study Permit,PSW,PTE,0.852946477300877,0
Germany,UAE,Business,1.8484866899847243,Yes,Job Opportunities,1.508718596212502,-0.6995271591101487,J1,PSW,PTE,1.0389073093686938,0
UK,Canada,Medicine,-0.05037818863261739,No,Scholarship,0.8452376562053696,-0.45116907966155023,Schengen Student Visa,Post-Study Visa,PTE,1.4469650525802678,0
USA,Russia,Arts,-1.848258965736425,No,Job Opportunities,-2.381005184814264,0.3589642523388334,Schengen Student Visa,OPT,None,0.5153220271804908,1
Russia,Finland,Business,0.10083631105062345,No,Political Stability,0.6597065215200095,0.6692677618828623,Schengen Student Visa,PSW,IELTS,-0.23407325942453103,1
India,UK,Arts,-1.8012293658124523,Yes,Scholarship,-1.5791203565986254,-2.1474753828485285,Schengen Student Visa,Blue Card,IELTS,0.21591381516916575,0
Germany,UAE,Computer Science,0.8420550035935173,Yes,Political Stability,1.66879753990391,-0.28993345708548546,F1,PSW,Duolingo,0.11382171812752989,0
Ireland,Russia,Social Sciences,-1.8527608776513147,No,Political Stability,-0.8167156577742843,1.8680282890331272,Tier 4,PSW,Duolingo,1.1757736848083526,0
UAE,Finland,Social Sciences,-0.982378335022511,Yes,Scholarship,0.04808899337697441,1.1981547312487255,Tier 4,Work Permit,Duolingo,0.7119361045085475,0
UAE,UK,Social Sciences,0.816914643630567,Yes,Job Opportunities,-0.027429747878886288,0.8234509222896295,F1,Blue Card,TOEFL,0.8244252113180373,1
Finland,South Africa,Natural Sciences,-0.0468292298398894,Yes,Higher Ranking,0.761047536699201,-1.2334999600726824,F1,OPT,None,1.2601195625148298,1
UAE,South Africa,Law,-0.07984588639824265,No,Higher Ranking,-0.7617883230161292,-0.592114660522565,Tier 4,Post-Study Visa,IELTS,0.9846838980251172,1
USA,Germany,Social Sciences,0.8079159506860892,No,Higher Ranking,-0.07603778866958795,-1.5947771923630054,Tier 4,Work Permit,IELTS,1.1612910305633712,0
Germany,Germany,Medicine,0.9187045098613019,No,Job Opportunities,1.5092187805603778,-0.4615230630092313,Student Visa,Post-Study Visa,TOEFL,1.271639727041512,1
Ireland,USA,Engineering,-1.8973603293962868,Yes,Quality of Life,-2.313473970812763,0.1557920499157903,Study Permit,Post-Study Visa,TOEFL,1.4524722843534774,1
Canada,Finland,Computer Science,-0.9328269934117309,Yes,Quality of Life,0.03614049470547763,0.2437991678672412,Study Permit,PSW,None,0.3771529666875492,0
Germany,USA,Engineering,0.004795291815199032,Yes,Political Stability,-0.7875597754986098,0.5968285523454836,Study Permit,Post-Study Visa,Duolingo,0.5978875480545565,1
UK,USA,Medicine,1.8854357451824897,Yes,Scholarship,1.5532754512764007,-2.1913793194454856,Tier 4,Post-Study Visa,Duolingo,0.49803737492498434,1
South Africa,UAE,Natural Sciences,1.7885303187325656,Yes,Quality of Life,1.5762648754094337,-0.8421343738442971,Schengen Student Visa,Post-Study Visa,TOEFL,0.1488423749953687,1
Canada,UK,Medicine,1.790414113427121,Yes,Higher Ranking,0.7836421052871516,-0.8673209663043252,J1,Work Permit,TOEFL,0.869575996595185,1
UK,Germany,Natural Sciences,1.8521263659545255,No,Quality of Life,2.349148744041532,2.04787852009617,F1,PSW,TOEFL,0.6817669206448325,1
UK,Russia,Social Sciences,1.8828318426833113,No,Quality of Life,1.5044661860405328,2.123416485936229,Schengen Student Visa,OPT,IELTS,-2.5229240875110017,1
Canada,UAE,Engineering,-1.8877588353655146,Yes,Quality of Life,-1.622792567328707,2.219261300990567,F1,PSW,PTE,0.8070678587250217,0
Germany,Ireland,Arts,0.030331421898831527,Yes,Quality of Life,-0.7415499425567139,1.6256861008338646,J1,Post-Study Visa,Duolingo,-0.032073999020216834,1
Ireland,Russia,Arts,1.8085135244935793,No,Scholarship,1.503237087486819,-1.6523210956841656,J1,Work Permit,Duolingo,1.0385644718006015,0
Germany,USA,Law,-0.9038114123872634,Yes,Quality of Life,-0.7815832455136047,1.948410137253732,Tier 4,PSW,PTE,-0.025723050618618085,1
UK,India,Business,-0.9070080199353936,No,Scholarship,-1.5550236897838012,0.8114815754026214,Student Visa,Work Permit,TOEFL,0.4580052363096127,1
UK,UAE,Arts,0.8375372736138047,Yes,Scholarship,1.5556243037371833,0.15294498408430388,J1,Work Permit,PTE,0.2685841086120918,1
Germany,India,Social Sciences,-0.0032451829770095905,Yes,Scholarship,-0.006547906391273806,-0.5019223742287541,Tier 4,Blue Card,Duolingo,0.7933185813703114,1
Finland,Germany,Law,-1.8160131437447304,No,Quality of Life,-1.5222793321611834,0.8133074432507305,Schengen Student Visa,Work Permit,IELTS,-0.15677810239550902,0
Ireland,India,Natural Sciences,1.8143888667778614,Yes,Job Opportunities,0.771590503284584,-1.7963677722823232,Study Permit,Blue Card,None,-2.5591026556847765,0
UK,UK,Law,0.871277888976766,Yes,Quality of Life,0.7353978578581816,-0.2979068385737337,J1,Post-Study Visa,Duolingo,1.3329580597463457,1
Germany,UK,Arts,-0.9653228435479084,No,Job Opportunities,-1.5876924144282496,0.904960133167361,Study Permit,Blue Card,None,-2.4616127872776103,1
South Africa,Ireland,Law,-0.8229254142722874,Yes,Scholarship,-1.5344471175955177,1.7132009688124368,Tier 4,Work Permit,Duolingo,0.5453097800828799,1
Ireland,India,Medicine,-0.8453879123051656,No,Scholarship,-0.05168961870973077,1.9473121521057322,F1,Blue Card,TOEFL,0.9862964111464633,1
Germany,UAE,Business,-0.07536505984302642,No,Quality of Life,-0.04239989499049656,1.6257404775864284,Study Permit,PSW,IELTS,-0.09487022993491097,0
India,UAE,Social Sciences,1.7951754243637599,Yes,Quality of Life,2.283854066324123,1.6984847789839126,F1,Blue Card,Duolingo,0.8057428679940245,0
UAE,India,Natural Sciences,-1.0359897399081828,No,Political Stability,-1.5671337583194347,1.150156113998256,Student Visa,Post-Study Visa,TOEFL,1.3389494658568375,1
Finland,Russia,Law,-1.8062077132443284,No,Job Opportunities,-2.3866755716693637,-1.2114431851528271,Study Permit,OPT,None,-2.5064506364219405,1
India,Finland,Engineering,-1.8801581448579199,Yes,Political Stability,-2.461615126383401,0.6526209791320793,Schengen Student Visa,Blue Card,IELTS,0.6425612932768456,0
Germany,South Africa,Engineering,-0.923619033659287,Yes,Political Stability,-1.4914104842887717,2.246326287584014,Student Visa,OPT,PTE,1.2714529580524139,1
Germany,Ireland,Medicine,0.8801278184901509,Yes,Job Opportunities,0.002404785391901608,0.7515542849779382,Schengen Student Visa,OPT,None,0.6709243173243246,1
Russia,Canada,Arts,1.7930878128783803,Yes,Quality of Life,0.7175585856357427,-0.5473287606276462,Study Permit,PSW,PTE,-0.0581912878763123,0
UAE,USA,Medicine,-0.90226877654403,Yes,Quality of Life,-1.4920270783260823,1.28942744552183,J1,Post-Study Visa,IELTS,-0.2664060829266768,0
USA,India,Social Sciences,0.8306515072636129,Yes,Quality of Life,0.01997727934365613,0.8217218673877995,Tier 4,Blue Card,None,0.5707478629725903,0
Finland,India,Law,-0.015129674273722221,Yes,Higher Ranking,0.03561941281964781,1.7257699949657967,Schengen Student Visa,OPT,PTE,0.03898903496257945,0
India,Finland,Arts,-0.08577209376986161,Yes,Scholarship,0.769521558351086,1.7518776950817154,F1,PSW,TOEFL,1.3320066016504681,0
Canada,Ireland,Arts,0.0013983817125879042,Yes,Job Opportunities,-0.837404289780566,0.9065639478653733,J1,Work Permit,IELTS,0.1571730341169091,0
USA,UAE,Computer Science,-0.9012792490125857,No,Quality of Life,-0.007932917386671444,-2.1159283291519952,F1,OPT,IELTS,0.2323701954807222,1
USA,Canada,Medicine,-0.04536258272378552,Yes,Job Opportunities,-0.9098301710857002,1.7380311863668663,F1,OPT,None,-2.5703241727933737,0
Russia,India,Natural Sciences,-0.8894851294373125,No,Quality of Life,0.02546518570244344,0.682313092506863,J1,Blue Card,Duolingo,1.262229356448977,0
Canada,South Africa,Natural Sciences,0.897537512584422,Yes,Job Opportunities,1.4799733300662474,-0.7596517666180312,J1,Work Permit,Duolingo,1.4625704515857536,0
South Africa,Ireland,Engineering,1.820514750576746,No,Political Stability,0.7556549129259998,1.6832823968728556,F1,OPT,IELTS,1.0665474201565888,1
Ireland,Russia,Business,-0.008565513357552618,Yes,Job Opportunities,0.7632187493535548,-0.642860276471037,Student Visa,Blue Card,None,-2.5545958396374506,1
Canada,UAE,Law,-0.07110521721513026,No,Higher Ranking,-0.7675404447243991,1.4839683025238637,J1,Work Permit,IELTS,0.42491967661700514,0
Finland,Finland,Business,-0.028621290467346138,Yes,Political Stability,-0.8024066310504312,1.5883508893235343,J1,OPT,TOEFL,0.6382133553112332,1
UK,Russia,Law,-0.9174726965840317,Yes,Political Stability,-1.6620223582086238,-2.013780689075924,J1,OPT,TOEFL,-0.0810913524786547,1
India,UK,Natural Sciences,1.8408636717883164,Yes,Job Opportunities,0.8193471122494577,2.084907727668834,Schengen Student Visa,PSW,PTE,1.329034705315733,0
Canada,India,Social Sciences,-1.907307592519876,No,Job Opportunities,-2.339848241289661,1.5874804307262305,Tier 4,Work Permit,IELTS,1.3776031446318355,0
USA,Canada,Law,0.060282020253330786,No,Political Stability,-0.8924065808314342,-0.0793613805667904,Study Permit,Work Permit,None,-2.481385792620293,0
Canada,Russia,Computer Science,-1.8084679664471184,No,Job Opportunities,-2.392744765851933,-0.13767028089033723,J1,Blue Card,Duolingo,0.2808033980493648,0
Canada,South Africa,Business,1.8088357626283593,No,Political Stability,2.349734375632188,-0.255168101316137,Tier 4,Blue Card,PTE,0.3941612380784978,0
USA,Canada,Business,-1.8683172236393237,No,Job Opportunities,-1.6368214607283127,-1.2959279977805405,Schengen Student Visa,Post-Study Visa,IELTS,0.8663075353250053,1
Finland,Germany,Arts,0.93387510208928,No,Political Stability,0.7759350762012556,0.30650147091238766,Tier 4,Work Permit,Duolingo,1.3781045413785815,1
UAE,South Africa,Law,-1.8047468527349693,Yes,Job Opportunities,-0.7806394882136976,-0.09143315508131603,Study Permit,Work Permit,None,0.6537082808126313,0
Russia,Canada,Arts,0.031049746775368613,No,Higher Ranking,-0.8147409764964578,1.89259521365228,J1,Blue Card,PTE,1.1895468006725016,0
USA,Germany,Computer Science,0.021635148001827337,Yes,Job Opportunities,0.002620256369403072,1.8558048687839483,Study Permit,PSW,PTE,-0.12924440095089368,0
Canada,Ireland,Business,-1.7301213951061911,No,Quality of Life,-1.5170152327184625,0.7901263695010146,J1,Work Permit,IELTS,0.7387488689125629,1
India,South Africa,Medicine,1.8235150958334143,Yes,Job Opportunities,2.3422231285022734,1.033737232745422,J1,Work Permit,TOEFL,0.44780754991712873,0
UK,UAE,Law,-0.9146857318147734,Yes,Higher Ranking,-0.06820085473915445,1.6802636332940981,Tier 4,OPT,IELTS,1.095636863503345,1
Russia,Finland,Natural Sciences,-0.8833499134107186,No,Job Opportunities,0.006532722318640674,-2.2566991027787173,J1,Work Permit,None,0.7296771475399733,0
UAE,Canada,Computer Science,0.9030397195797356,Yes,Quality of Life,1.5652158806675769,1.8404451997881084,Student Visa,OPT,Duolingo,0.31631976877748497,0
Germany,Russia,Computer Science,0.013114296244631748,Yes,Higher Ranking,0.7858481985085919,-1.9031241932663674,Study Permit,Post-Study Visa,None,-2.515883516202996,1
Russia,South Africa,Engineering,-0.01665433823456968,No,Political Stability,-0.01077136823307023,0.20600299005986877,Schengen Student Visa,OPT,None,-2.4632525298831633,1
UK,India,Business,0.94930036650679,No,Quality of Life,0.02035301760332876,0.133897366730445,F1,PSW,Duolingo,1.0003280071335938,0
Germany,Canada,Natural Sciences,0.9295019084781088,No,Job Opportunities,1.5562093127914696,0.8279093474007512,Study Permit,PSW,PTE,0.8875584266502642,1
UAE,India,Law,-1.8019162036736518,Yes,Scholarship,-2.4289896525204444,0.21821960402703247,Tier 4,Blue Card,None,-2.4861137687732664,1
India,Finland,Engineering,0.8223596094882067,Yes,Quality of Life,0.763246619753661,-1.7228113115100878,Student Visa,OPT,None,-2.479622224741516,0
Ireland,South Africa,Computer Science,-0.004123305502339905,Yes,Scholarship,0.028266673197706645,-2.088880279076886,J1,Work Permit,Duolingo,1.1790836579083024,1
South Africa,India,Business,0.9301106435435469,No,Higher Ranking,0.02183159909455266,1.2066177668563955,Tier 4,Blue Card,Duolingo,0.09163097073052807,0
Germany,Germany,Business,0.9214573266378463,No,Scholarship,-0.04365188045999514,-1.7407084954056073,Schengen Student Visa,PSW,PTE,0.7630816106086383,1
Canada,Germany,Medicine,0.03563986769219968,No,Political Stability,-0.10643339112986941,-1.0156895254453584,Tier 4,OPT,PTE,0.275996841591416,1
Ireland,India,Law,-0.9696494628453595,No,Scholarship,-0.05352969089120266,0.2845931661630057,Student Visa,Blue Card,TOEFL,-2.459977569293395,1
USA,India,Law,-1.8557077211938002,No,Quality of Life,-1.5651823660088875,-1.999188959642912,Schengen Student Visa,PSW,None,0.5179714821016285,1
Russia,Germany,Computer Science,0.9235534349122796,Yes,Higher Ranking,1.5164120638996135,2.132113345173153,Study Permit,PSW,PTE,1.0992997259412305,1
Germany,Ireland,Arts,-0.9125720493208073,No,Quality of Life,-0.8487049376216749,0.9204371476620824,F1,Blue Card,IELTS,0.5147701599547598,1
Ireland,UK,Social Sciences,0.1331564690088423,Yes,Job Opportunities,0.7662360222924195,-1.3663463449604272,Study Permit,PSW,TOEFL,-0.14985950819663307,1
Canada,Germany,Computer Science,-0.9033259076610292,No,Scholarship,-1.599193639302002,-1.4211420791012845,Schengen Student Visa,PSW,IELTS,0.6605112668082345,1
UK,UAE,Arts,0.902419428131956,Yes,Political Stability,1.5322772040101342,-0.3513910543903499,F1,Work Permit,PTE,0.4628226635642907,0
Finland,UK,Natural Sciences,-1.894031556992846,Yes,Quality of Life,-1.6277483196473534,2.1982355354565093,J1,Post-Study Visa,TOEFL,-2.487458431631991,0
USA,Canada,Arts,0.015032196214710724,Yes,Higher Ranking,0.7987246297158779,1.4254897658500187,Schengen Student Visa,Post-Study Visa,PTE,1.232517933900081,0
Ireland,USA,Business,-1.927857282758975,No,Political Stability,-0.8222652000321051,-0.4985226972593688,F1,Work Permit,Duolingo,-0.028467729213323634,1
UK,Germany,Engineering,0.9022672198772326,No,Quality of Life,1.618504412516866,1.5500725778172468,Schengen Student Visa,Work Permit,None,-2.474260932626359,1
USA,India,Social Sciences,-0.01193614594806261,No,Scholarship,0.007492885735214942,-2.179644103374827,Student Visa,Work Permit,IELTS,-0.27586826600120534,0
South Africa,UAE,Engineering,1.779885808923543,No,Quality of Life,2.2857986768615093,1.8712904788006406,Student Visa,Post-Study Visa,IELTS,0.651767865391628,1
USA,India,Computer Science,-1.6866535984387847,Yes,Job Opportunities,-1.6293786550526832,-0.2280898116506128,Study Permit,Post-Study Visa,Duolingo,0.07059085393717629,0
Germany,Canada,Business,-1.799462717770433,Yes,Job Opportunities,-2.433871413345162,-2.139642678151663,J1,Blue Card,None,-2.5596020556709846,1
UAE,UK,Medicine,-0.874114520148901,Yes,Scholarship,-0.8290395815556293,0.69845116920739,Schengen Student Visa,OPT,None,-2.5285223615391264,0
UK,Ireland,Arts,-1.8246747334892373,Yes,Quality of Life,-1.5665291903229008,1.078065730963402,F1,OPT,IELTS,0.6723995491829942,0
UK,India,Computer Science,0.057165019835916604,Yes,Job Opportunities,0.8282548366565363,2.2487782499602638,J1,PSW,TOEFL,0.09179269946921964,1
Ireland,Canada,Computer Science,-0.02916989870883545,No,Quality of Life,-0.08964812948560164,-1.2664747485560814,J1,PSW,None,0.9788113096009037,0
UAE,Canada,Social Sciences,0.8951474150547122,Yes,Political Stability,-0.11016631338409487,-1.6227793617498574,Student Visa,Work Permit,IELTS,0.7104790526351709,1
UK,India,Law,1.7198747763467237,No,Political Stability,0.7812084750914118,1.2318062092045194,F1,OPT,IELTS,0.49365697809465714,1
South Africa,Finland,Arts,-1.7760693998574086,No,Quality of Life,-0.8781945952213825,1.008554831407359,J1,Work Permit,None,-2.4545580102407225,1
Finland,UAE,Natural Sciences,-1.8772272623324628,Yes,Higher Ranking,-1.5903971977239084,1.1038212058123915,Student Visa,Post-Study Visa,None,-2.522220951355607,1
Russia,India,Engineering,-1.8371537545456889,No,Job Opportunities,-2.357960787481644,-1.8989849833344887,Tier 4,Work Permit,PTE,0.2212614311186769,1
UAE,Finland,Engineering,-1.7861406394990853,No,Quality of Life,-0.786657548658737,-0.46147116905343616,Student Visa,OPT,PTE,-0.23569336403666855,1
Russia,South Africa,Social Sciences,-0.0013931217436660686,No,Higher Ranking,0.030237056824894398,1.186680355588213,J1,PSW,IELTS,0.04772040751973607,0
UK,UAE,Law,0.8305110638329504,Yes,Political Stability,1.5247714501471101,2.1489718608635813,Student Visa,OPT,TOEFL,0.5718541148014884,0
South Africa,USA,Natural Sciences,-0.8672609818460517,No,Political Stability,-1.5417048844599102,2.1372412019705718,Study Permit,Blue Card,TOEFL,0.917720897765758,1
India,USA,Social Sciences,-1.8185376605157406,No,Higher Ranking,-1.6176922535895066,1.8993021634134188,Student Visa,Work Permit,PTE,-2.4929746450179673,1
Canada,UK,Arts,-0.02778646269496209,Yes,Scholarship,-0.03803025061278674,-2.2407618982678086,Tier 4,OPT,IELTS,0.09737732495678002,1
USA,Finland,Law,-0.0682443755807029,No,Job Opportunities,0.8461983835503352,0.14280141137493726,F1,Work Permit,None,0.061387006898715686,1
USA,Canada,Business,0.03991451146538826,No,Higher Ranking,-0.8103606525588284,0.32422266782167425,Tier 4,PSW,None,-2.440268223881302,1
South Africa,South Africa,Computer Science,1.72650912948765,Yes,Scholarship,0.6955797296311222,-1.4641399598180385,F1,PSW,PTE,0.30022223759554445,0
UK,South Africa,Law,-1.849605474854606,Yes,Job Opportunities,-1.583474578879154,-0.11802890259883769,J1,Blue Card,Duolingo,1.085386614804167,1
Germany,Finland,Arts,-1.8537868975416936,Yes,Political Stability,-0.875747534869489,-1.0738342812459356,Study Permit,OPT,TOEFL,1.0981226516412204,0
India,Germany,Computer Science,-1.8310848599668246,Yes,Quality of Life,-2.343862264430465,2.2035033837989895,Student Visa,Blue Card,IELTS,1.275706053757339,0
Ireland,UK,Engineering,-0.036504168774163626,No,Scholarship,-0.09043804234628024,0.8831119238979223,J1,OPT,None,0.1322935600632547,1
Ireland,Ireland,Natural Sciences,0.8785645089995887,No,Quality of Life,-0.058066910850796155,2.249756062954481,Schengen Student Visa,Post-Study Visa,PTE,0.2977322958607773,0
USA,UK,Business,0.9544601728346053,No,Job Opportunities,1.4741929450420395,-1.7904188747006762,Schengen Student Visa,Blue Card,IELTS,1.1496394965533079,0
Russia,USA,Computer Science,0.1009669283180464,No,Political Stability,0.8174182561701663,2.23456466687756,Tier 4,Post-Study Visa,IELTS,-0.03875614467106147,0
USA,Finland,Arts,0.9567176181174802,No,Higher Ranking,0.7840398353472288,-0.527527728726007,J1,Blue Card,IELTS,1.3114087208358456,0
Russia,South Africa,Medicine,-1.0202835812510325,No,Scholarship,-1.6041737673582834,-2.0800506223095825,Study Permit,Work Permit,Duolingo,0.9989858386877336,0
UAE,USA,Law,0.8895865738205684,No,Job Opportunities,1.5959176233218326,1.9748639646893733,Tier 4,Work Permit,PTE,-0.06267547137708475,1
UK,Ireland,Medicine,-1.8488416085624761,Yes,Higher Ranking,-2.335191709647335,-0.834470217865759,Schengen Student Visa,Work Permit,None,-2.5142547438382623,1
Germany,UK,Engineering,1.8284465673441022,Yes,Political Stability,1.60227432912836,0.9150874541848283,Student Visa,Post-Study Visa,None,1.0078249316456844,1
South Africa,Ireland,Computer Science,1.7742820530923316,Yes,Higher Ranking,1.613023128106523,0.6711783765698108,F1,Blue Card,None,-2.482082131750175,0
Germany,Russia,Computer Science,-1.8998849518666967,Yes,Job Opportunities,-0.8198044076560018,-0.676709642004098,Study Permit,Work Permit,Duolingo,-0.25298201405661885,1
UAE,Russia,Business,-1.8454692075020773,No,Job Opportunities,-2.330905773833786,0.9722594165891776,J1,Blue Card,IELTS,0.14979882876646586,0
Ireland,UK,Natural Sciences,-0.9386178325146607,No,Political Stability,-1.5315269980094735,-0.17649656761025373,F1,Post-Study Visa,IELTS,1.1696754409850683,1
Finland,Ireland,Social Sciences,0.9082179882592327,Yes,Quality of Life,1.5433154647311957,0.08893720057989818,Student Visa,PSW,IELTS,0.08415220476539688,0
Ireland,Russia,Social Sciences,1.8021900157245607,Yes,Higher Ranking,0.70612361356498,0.5375482914932758,J1,PSW,None,-2.3853218999543344,1
South Africa,Ireland,Arts,0.9567764614574642,No,Quality of Life,-0.033936683438351954,-1.8313947248282338,Tier 4,PSW,PTE,0.5551786202586817,1
USA,UK,Business,1.0024612932998611,No,Job Opportunities,1.5458067525060857,-0.3813824679945121,Schengen Student Visa,Post-Study Visa,None,-2.49499393557535,0
India,Ireland,Business,-1.8344741603376065,Yes,Job Opportunities,-2.4475100784942936,-0.26709474499400465,Schengen Student Visa,Blue Card,Duolingo,-0.18277004854807544,1
UAE,India,Natural Sciences,-1.8314762626576948,Yes,Quality of Life,-0.8388927183571547,0.9199733235335441,Schengen Student Visa,PSW,None,-0.13513649555369542,0
Germany,Canada,Social Sciences,-1.8051883732444107,No,Higher Ranking,-2.392022823120947,-0.8426468208110112,Student Visa,Post-Study Visa,None,-2.474622043490952,0
UAE,USA,Business,0.8503941379389632,Yes,Scholarship,-0.012785642235141826,-0.04368154653725602,Student Visa,Work Permit,TOEFL,0.7405432052523575,0
Russia,Finland,Natural Sciences,-0.011718994382813668,Yes,Quality of Life,-0.8136195640967141,1.332951029646624,Student Visa,OPT,PTE,-0.02962970216459001,1
Canada,India,Social Sciences,1.8716068085571407,No,Higher Ranking,1.5693195750811233,2.0791466333047253,J1,Post-Study Visa,PTE,0.8077248530755833,0
India,South Africa,Business,1.8029880149641766,Yes,Job Opportunities,1.5261554227555316,1.2767232499503,F1,Work Permit,TOEFL,0.17120841399779713,1
UK,Canada,Medicine,-1.013746672145785,No,Job Opportunities,-1.5881540455146914,-0.7389144467507015,Study Permit,Post-Study Visa,PTE,1.2254054425127254,0
India,UK,Medicine,1.8730532408281038,Yes,Scholarship,0.8271103442477035,-0.2153309747196844,Tier 4,Blue Card,IELTS,0.11871185337744172,1
Ireland,South Africa,Natural Sciences,0.948417854940924,No,Higher Ranking,1.581035270132422,0.39078186667958503,Student Visa,Post-Study Visa,None,-2.4375566638948714,0
Ireland,Canada,Arts,1.8007007085830473,No,Job Opportunities,1.5240754131903238,-0.18304132810520168,Student Visa,PSW,Duolingo,0.12835890217910634,0
UAE,USA,Law,-0.9474857144070922,No,Scholarship,-0.7650205453648582,0.1783769372115283,Schengen Student Visa,OPT,PTE,1.2110585405556464,0
UAE,USA,Medicine,0.025053767893190367,Yes,Quality of Life,0.6928688240168414,-1.5742471564963063,J1,Work Permit,TOEFL,0.7060869207182758,1
Finland,Russia,Computer Science,0.022044138085202752,No,Job Opportunities,-0.8011849103606926,2.1612568245277757,Student Visa,Blue Card,TOEFL,0.5389707962262924,1
Germany,UK,Business,1.7646354365308032,No,Job Opportunities,2.339481780457295,0.6550457864464916,F1,Blue Card,None,-2.452193856113959,1
Ireland,South Africa,Social Sciences,-1.7479165294199033,No,Scholarship,-2.462704124140007,1.491135995519918,Schengen Student Visa,Post-Study Visa,TOEFL,0.9069111789782056,1
USA,South Africa,Social Sciences,-0.8809919087762508,Yes,Political Stability,-0.7738826809224204,0.6703446647013758,Study Permit,Work Permit,PTE,0.7062714192877091,1
Ireland,UAE,Arts,0.9354819985267746,Yes,Political Stability,1.5514064777641186,-1.2347284743173232,Tier 4,PSW,TOEFL,-2.4193218487161086,1
UK,Germany,Law,-0.07261040413244406,Yes,Quality of Life,0.7804453852616919,-0.42281998664743853,Schengen Student Visa,Blue Card,Duolingo,0.8137821955752625,0
USA,Finland,Law,-0.09556944839946885,Yes,Job Opportunities,0.8627932768366746,1.3881122460174218,Student Visa,Blue Card,PTE,0.17459893539255691,0
Ireland,Ireland,Social Sciences,-0.019360474751582257,Yes,Quality of Life,-0.8579500014218604,-1.299428280369822,Student Visa,Work Permit,TOEFL,0.5880014946200935,0
Russia,South Africa,Engineering,-1.7859054086694157,No,Higher Ranking,-2.345028747561386,-0.04394757964574618,Student Visa,OPT,TOEFL,0.3209211758403141,1
Russia,Ireland,Social Sciences,1.864242777113359,Yes,Political Stability,2.3663314474578447,-2.0755185481974885,Study Permit,PSW,IELTS,0.6928815838323256,0
USA,India,Social Sciences,-0.060932940064338775,No,Job Opportunities,-0.7579476778183785,1.3617900596394221,J1,Post-Study Visa,Duolingo,-2.439491609426374,0
Finland,Russia,Natural Sciences,0.08123564271406639,Yes,Scholarship,0.02990512594409094,1.3656824574943363,F1,Post-Study Visa,Duolingo,-0.02004268156755101,0
UK,South Africa,Law,-0.8620471358439891,Yes,Quality of Life,-1.5994489928163558,-0.7749357427861406,F1,OPT,None,0.4558593475956794,0
UK,India,Natural Sciences,0.8430437818999912,No,Political Stability,0.03276319069803334,-0.6374749792695877,J1,PSW,None,0.5754994833454604,0
Finland,Russia,Arts,0.9045516206215987,No,Scholarship,1.5465748580887808,1.1411202593518275,Study Permit,PSW,IELTS,0.9301950579246486,1
UAE,USA,Natural Sciences,-0.020273315489306096,No,Job Opportunities,0.7658893621591591,0.9443783557210933,Tier 4,Blue Card,IELTS,0.4143959827832178,0
UK,Ireland,Business,-1.8221801451776225,Yes,Higher Ranking,-1.6373877582834409,1.5073662799855265,F1,Post-Study Visa,None,-2.5353425563030436,0
Canada,UK,Business,-1.8378307745490325,Yes,Job Opportunities,-1.5526358026821596,-0.2576181850607972,F1,Blue Card,TOEFL,0.983173765496322,1
India,UAE,Medicine,-1.0176747092733653,Yes,Political Stability,0.016399931347905832,1.0866094705044893,Tier 4,Post-Study Visa,IELTS,0.30144176259351946,1
Russia,South Africa,Computer Science,-1.883396088187766,Yes,Scholarship,-1.5509989187869178,-0.7191032323723996,J1,PSW,TOEFL,0.26048754119565404,1
India,South Africa,Natural Sciences,0.8337951359219737,No,Political Stability,1.6059389646712277,0.9238296918813516,Study Permit,Work Permit,PTE,0.7253233343198519,1
Germany,USA,Engineering,1.7425851529093235,No,Quality of Life,2.322746920426023,0.921408202942743,F1,Blue Card,TOEFL,0.34535134045545657,1
South Africa,South Africa,Law,1.8965401491288885,No,Political Stability,0.739599213242354,-0.2841099970296431,Tier 4,PSW,PTE,1.0123355120410538,0
Finland,Russia,Computer Science,1.7783422927120174,Yes,Job Opportunities,2.254844020423886,0.029681737238655727,Schengen Student Visa,OPT,TOEFL,1.0401933768914557,0
Russia,South Africa,Medicine,1.849450577387968,Yes,Quality of Life,2.3096631680167143,1.022750025738741,J1,Work Permit,Duolingo,0.2829342079676765,1
UAE,Russia,Business,-0.061710778964075765,No,Political Stability,0.0532560036112696,2.111570599677352,J1,OPT,TOEFL,0.8935331277663139,1
Finland,Russia,Business,-0.8640599196106862,No,Quality of Life,-0.7642522758295327,1.5820183398898127,Student Visa,Work Permit,None,-2.5522313817556324,0
India,USA,Arts,-1.7551164730750755,Yes,Higher Ranking,-0.8027023430731197,-1.1955422583790212,F1,Post-Study Visa,PTE,0.8822406342817027,1
Ireland,Ireland,Engineering,-0.08104285043428928,No,Scholarship,-0.786297460705434,0.8107401065300548,Study Permit,Work Permit,TOEFL,0.5442502241279152,0
Canada,USA,Arts,0.9476375805638049,No,Quality of Life,1.534951006840698,1.0563506767334399,Schengen Student Visa,Blue Card,None,0.7567816452371002,0
Germany,Canada,Natural Sciences,-0.9690715774962176,Yes,Quality of Life,-0.00027036026085596604,-1.0041442711573063,Student Visa,Blue Card,TOEFL,-2.499978673968364,1
Russia,Finland,Natural Sciences,1.7734809131157083,Yes,Job Opportunities,1.5604261472483096,-1.7425655119088825,Study Permit,PSW,PTE,-0.2295296996710341,0
Ireland,USA,Natural Sciences,-0.06020833816276454,Yes,Political Stability,-0.8489695595127806,1.6967451799906474,Study Permit,PSW,IELTS,1.264098971009887,0
South Africa,India,Social Sciences,-0.9072533634803115,No,Scholarship,0.0017296070889750784,-0.8821289711831682,Schengen Student Visa,Blue Card,TOEFL,-2.528942740357839,1
South Africa,USA,Social Sciences,-1.8664399089556254,No,Higher Ranking,-2.3125293204453232,0.44033935354623543,Schengen Student Visa,Blue Card,PTE,-2.4638122602758066,0
UAE,UK,Business,0.9418788380548647,No,Scholarship,0.8190538092271433,-1.2730335202249718,Student Visa,OPT,TOEFL,0.0287168686446026,0
Ireland,Canada,Social Sciences,0.00288856005128286,Yes,Quality of Life,0.7068244565140143,1.623670332426439,Student Visa,OPT,TOEFL,0.7942752798028686,1
Russia,Finland,Engineering,-0.9287618285987321,No,Political Stability,-0.0320581661364642,-0.904362428691853,Schengen Student Visa,Post-Study Visa,None,-2.4674340760486286,1
UAE,USA,Arts,-0.9900372797077308,No,Scholarship,-1.517054616731662,1.2352815509114532,F1,PSW,None,-2.4505175095590186,1
Russia,Germany,Computer Science,1.8403966563958714,No,Scholarship,1.4623039688378139,0.32252285081180637,Student Visa,PSW,IELTS,0.16442985813941893,0
India,Germany,Natural Sciences,-0.9166439218833135,No,Political Stability,-0.02182528123796815,-1.5769700540554827,Study Permit,Post-Study Visa,TOEFL,0.22760042060172003,1
Ireland,Finland,Law,-1.799722673817013,No,Quality of Life,-2.3685101710858802,-2.208011685958433,F1,Blue Card,IELTS,-0.006734516067343224,1
Finland,USA,Natural Sciences,-1.8803980829013498,Yes,Political Stability,-2.4257568065685007,-0.07708358188194991,J1,PSW,IELTS,1.3305695533126924,1
Germany,India,Law,0.8565187503653661,Yes,Quality of Life,0.7306277046737994,-1.369415516503494,Tier 4,Post-Study Visa,PTE,0.8956870917381714,1
Finland,Germany,Law,-0.007095845606044712,No,Scholarship,0.6895848363096577,-0.8795782261064807,Schengen Student Visa,OPT,TOEFL,-0.109145479078982,1
Germany,Russia,Business,-1.773223419013823,Yes,Political Stability,-1.6071429874384657,1.863998934824368,Study Permit,OPT,TOEFL,0.7412381932213264,1
Russia,Germany,Business,0.00015684568047130525,Yes,Quality of Life,0.8020875929065473,0.9682199462325287,F1,OPT,TOEFL,1.4355806307423615,1
UAE,Russia,Arts,-1.7953089584784887,No,Political Stability,-2.3314594988532407,-0.5890491962672703,J1,PSW,Duolingo,0.18410876174405172,1
South Africa,India,Social Sciences,0.016006053387821663,Yes,Quality of Life,0.05404693896117081,-1.7912863691170116,Tier 4,PSW,PTE,-0.07167393470212809,1
Germany,Canada,Social Sciences,-1.6991644461119908,Yes,Job Opportunities,-1.519523832583576,-1.8607668611978905,Tier 4,OPT,None,-2.4389601664764484,1
Russia,Germany,Business,-0.9456942778605405,Yes,Job Opportunities,-0.8715788508829623,-0.29691954455879266,Student Visa,Blue Card,IELTS,0.2510123413823657,0
Canada,UAE,Social Sciences,-1.857134522746515,No,Job Opportunities,-0.7963067926729234,-0.1495075482479284,F1,Blue Card,TOEFL,1.148613875467844,1
UAE,Russia,Business,0.931772442312841,No,Quality of Life,-0.028782195096899322,0.3272063171950754,Tier 4,Post-Study Visa,PTE,-0.30699060433869413,0
UK,Russia,Engineering,-0.8932680388899946,No,Scholarship,-0.00020231403290337652,-0.17851116128136854,Student Visa,Post-Study Visa,Duolingo,1.2698817355799998,0
UK,Finland,Arts,-1.8215111558706498,No,Higher Ranking,-0.882795781947212,1.2645520949475677,Study Permit,Work Permit,Duolingo,0.7898855669487488,0
Canada,UAE,Business,-1.892520057331004,Yes,Quality of Life,-2.3679147915047136,-2.092207353281856,Schengen Student Visa,Blue Card,PTE,1.113670145853871,0
South Africa,UK,Engineering,-1.9046529556875769,Yes,Job Opportunities,-2.353724377262186,-1.1334447467809639,F1,PSW,PTE,0.05162443872916931,0
Germany,USA,Social Sciences,-0.9974269949931763,No,Quality of Life,-1.5172313557034032,2.071140349381954,F1,Blue Card,IELTS,1.1764809116618928,0
UK,India,Natural Sciences,-1.9131411316438427,Yes,Higher Ranking,-2.2434084114785846,-0.6834486185452712,Student Visa,Post-Study Visa,TOEFL,-0.1856430606768877,0
Finland,USA,Natural Sciences,-0.02547775826386466,No,Scholarship,-0.011383479261183814,-0.7508325142181693,J1,Work Permit,IELTS,-0.28413270080329756,1
Germany,Ireland,Arts,0.009833550986720093,No,Scholarship,-0.8955243630578235,-1.633587493483906,Schengen Student Visa,PSW,Duolingo,0.3895097857921824,0
UK,Russia,Computer Science,0.039284006180690056,No,Job Opportunities,0.7250581944103057,-1.2348271979878715,F1,Work Permit,None,-2.5129935463764155,0
Finland,Ireland,Business,-0.9262379188180137,Yes,Quality of Life,-0.8090032907410709,-0.6030671984703201,J1,OPT,None,-2.407076222192652,1
India,UAE,Arts,-1.9077691617283559,No,Scholarship,-0.834309331612718,-1.3226723348534397,Schengen Student Visa,Work Permit,PTE,0.5937212760408936,1
Canada,UAE,Engineering,-0.046531081310678415,No,Scholarship,-0.045920009657370836,-0.4561002156767466,Tier 4,Work Permit,None,-2.420545815504627,1
Germany,Finland,Medicine,-0.9216969245042284,Yes,Higher Ranking,-1.5929537482946172,-2.160764929911021,F1,PSW,IELTS,1.0931828791998903,1
Finland,Russia,Social Sciences,-0.026201040665162052,Yes,Higher Ranking,-0.8193752242675757,-0.14435617287225616,J1,Post-Study Visa,TOEFL,-0.09648236476539411,1
UAE,India,Natural Sciences,1.8054471585261918,Yes,Higher Ranking,2.2892174642334515,1.981289246586055,Tier 4,Post-Study Visa,PTE,0.33466251980157413,0
Russia,India,Computer Science,0.9033629967334488,No,Higher Ranking,0.7617616760736662,-1.8185681074142803,F1,OPT,Duolingo,0.5562780027561665,1
Finland,South Africa,Business,-0.10052535197810229,Yes,Quality of Life,-0.7285288732968458,1.683408522667259,F1,PSW,TOEFL,1.11509426745891,1
Canada,UAE,Natural Sciences,-1.8673664555477403,Yes,Higher Ranking,-2.3766771420608315,-0.3905251302760766,Schengen Student Visa,OPT,TOEFL,1.0276503019115437,0
UK,UAE,Medicine,-0.9995828080332307,Yes,Quality of Life,0.006557478683279341,1.332431575116223,J1,PSW,TOEFL,0.7408658018391516,0
India,Canada,Engineering,-1.7703412270273466,Yes,Quality of Life,-0.8384214229167899,1.64036158538917,J1,Work Permit,PTE,1.3682035199176719,1
UK,Germany,Natural Sciences,-1.8137511691045736,No,Scholarship,-0.7852157107551524,-1.834432239890148,F1,Post-Study Visa,PTE,-0.1806486842624953,1
UAE,UAE,Medicine,-1.7702281136228033,No,Scholarship,-1.6665741018536298,-0.7781432240868184,Student Visa,Post-Study Visa,TOEFL,0.22967330569212238,0
Ireland,India,Business,-0.9455639098259402,Yes,Quality of Life,-0.17562955503535446,-2.1780315252462734,Student Visa,Blue Card,None,-2.455985702716782,0
South Africa,Ireland,Social Sciences,0.8772925152823626,Yes,Job Opportunities,1.5397081258943153,1.9792124355422072,Schengen Student Visa,PSW,PTE,-0.25309706327162407,0
Canada,South Africa,Social Sciences,0.04366933579793724,No,Political Stability,-0.03320556447009165,-0.007181423617790672,Student Visa,Blue Card,None,-2.374842663509249,0
Germany,Russia,Social Sciences,1.7936577376579546,No,Political Stability,1.5677218069096794,1.3228875224402186,Study Permit,PSW,IELTS,0.8522891476329939,0
USA,UAE,Business,-0.938727124028485,Yes,Political Stability,-0.7473897087798116,0.6203885751018959,J1,Post-Study Visa,IELTS,1.4157063403967556,1
Ireland,Finland,Natural Sciences,0.9255061571648021,No,Scholarship,0.7110217535277944,-1.32822527870515,Student Visa,OPT,Duolingo,1.0472976793118487,0
Russia,South Africa,Law,1.883458020230896,Yes,Political Stability,1.5041741321067645,0.6998620538759515,Student Visa,Blue Card,IELTS,-2.426759526274458,1
India,UK,Social Sciences,0.8903028501524681,No,Job Opportunities,0.7677446131639593,-1.5521279274563435,Study Permit,PSW,IELTS,0.784532376204535,1
India,UK,Business,0.04373192978355044,Yes,Scholarship,-0.7893765682293113,0.15327951092316414,Tier 4,PSW,None,1.4821433515371505,0
South Africa,Russia,Medicine,1.7913065514558977,Yes,Job Opportunities,1.503223935340824,1.4851770449772654,Schengen Student Visa,PSW,Duolingo,0.9715225439261255,1
UAE,USA,Computer Science,-0.9287275191662735,No,Job Opportunities,-1.6408835363665255,-1.0568676714704397,Study Permit,OPT,IELTS,1.3335721688133708,1
Germany,Canada,Business,1.949179149340433,Yes,Job Opportunities,1.544433646642174,-0.6138203941665018,J1,Blue Card,Duolingo,-2.498828283818094,0
Russia,Finland,Arts,-0.020309924157952356,No,Quality of Life,0.8337998618031309,0.04150920446369604,Student Visa,PSW,IELTS,-0.03981315335842989,1
Canada,Ireland,Arts,1.8345709752807202,Yes,Job Opportunities,0.8358230335713509,-1.7109601619639094,F1,Post-Study Visa,Duolingo,1.2945820981988128,1
Russia,Ireland,Law,-0.9743549174167218,No,Quality of Life,0.007747951745993242,-1.6460042740014666,Schengen Student Visa,PSW,None,-2.4812900299295753,1
USA,Russia,Computer Science,1.7879632380725676,No,Job Opportunities,1.5297817920202283,0.30337250709483804,Student Visa,Blue Card,IELTS,0.995847314505342,0
Germany,Ireland,Computer Science,-0.07362770558996892,No,Quality of Life,-0.7495678570272712,0.9490059791148626,Schengen Student Visa,Work Permit,Duolingo,1.4505803707569227,0
Germany,India,Medicine,1.8326595920797035,No,Quality of Life,1.582809852491808,1.1404469433413948,F1,PSW,PTE,0.08679562916429273,0
Russia,Russia,Law,-1.8387580694870047,Yes,Quality of Life,-1.5191812297360412,-1.8422105294978632,J1,Work Permit,TOEFL,0.5046286463220675,0
Germany,Ireland,Social Sciences,-1.9594355484027395,Yes,Scholarship,-2.3457084656937575,-1.6003076851528129,Study Permit,Post-Study Visa,TOEFL,0.3814197213000038,1
India,Ireland,Arts,1.8097325392254457,No,Job Opportunities,1.5748083553455707,-0.3620811524352713,F1,OPT,Duolingo,-2.410968572667169,0
Ireland,Ireland,Law,-0.9801581809354448,No,Political Stability,-1.7118470079451085,-1.857433557956818,Schengen Student Visa,Post-Study Visa,Duolingo,1.1034720987962716,0
UAE,UK,Engineering,-0.9670867898616666,Yes,Quality of Life,-0.08042677138530129,-0.9680373916113489,Tier 4,Blue Card,Duolingo,1.0701701126769316,1
UAE,Russia,Arts,1.7990578996811648,No,Job Opportunities,1.5660769057723907,-2.1066056796007806,Tier 4,Post-Study Visa,None,-2.4560967234838054,1
India,Germany,Computer Science,-0.8802195125755053,Yes,Higher Ranking,-0.04911941047964269,0.521087781270934,Study Permit,Blue Card,PTE,0.5144642330366634,1
South Africa,Ireland,Law,-0.15737733797077944,No,Scholarship,-0.7660999652493878,-0.41368030706459974,Tier 4,Blue Card,IELTS,0.6893949797317936,1
Canada,Germany,Arts,0.8367422298529367,No,Higher Ranking,0.7468036055875109,1.6222436695363538,Student Visa,Work Permit,Duolingo,0.8778990727997245,1
UAE,Canada,Computer Science,0.9383845384929721,Yes,Quality of Life,0.7271480390828688,-2.2679378882771375,J1,Post-Study Visa,PTE,0.8584187768774342,0
Finland,UK,Medicine,1.7263551552116774,No,Job Opportunities,2.38364901337576,-0.5187176607200468,J1,Post-Study Visa,None,-2.484904091894074,1
Canada,Germany,Computer Science,0.8835740469011308,No,Job Opportunities,1.6032830206406568,-0.5298294188179793,J1,Blue Card,TOEFL,0.5267679760158478,1
Canada,USA,Computer Science,1.7941746732815456,No,Political Stability,1.5962315644257816,2.0639351860726562,Schengen Student Visa,Post-Study Visa,Duolingo,-2.5056981174723187,1
Canada,Canada,Business,0.005531755270229968,Yes,Scholarship,-0.8539600132898314,-0.15649945673942028,F1,Post-Study Visa,PTE,1.2161110115480402,0
South Africa,UK,Law,1.779039327735581,No,Scholarship,0.7772302156454557,-0.6223032182320941,F1,PSW,PTE,1.4032011421743886,0
South Africa,South Africa,Law,1.8728885003161402,Yes,Quality of Life,2.4123646975649944,1.8341322127561286,Study Permit,PSW,IELTS,0.2812469404618139,1
Ireland,Germany,Social Sciences,-0.8977119239434326,No,Job Opportunities,-0.8587967492812372,-1.3381203567207947,Study Permit,Work Permit,None,-2.5379123479415973,1
UAE,Canada,Engineering,0.9533194599228509,No,Scholarship,1.503580819747619,0.21812553558516937,Study Permit,Post-Study Visa,None,-2.510249606300432,1
UK,India,Business,-1.8963248187261939,Yes,Job Opportunities,-1.572817585475332,0.6459729220722414,Schengen Student Visa,PSW,None,0.8131681186945958,0
South Africa,UAE,Business,-1.9100033554965816,No,Scholarship,-0.8088613020387104,-0.46343282619834153,Student Visa,Work Permit,TOEFL,-2.430845499428298,1
Russia,Finland,Natural Sciences,-0.8578615939946683,No,Scholarship,-0.022311956362321965,-0.473607362577473,Schengen Student Visa,Blue Card,TOEFL,1.3122934847898002,1
India,Germany,Engineering,0.8679743219134903,Yes,Higher Ranking,1.5679135344250368,-1.336626407788793,Schengen Student Visa,Post-Study Visa,None,1.1034998981783446,0
Russia,Ireland,Engineering,1.7971026807706119,Yes,Scholarship,2.2646680238932944,-2.189126922664439,Student Visa,Post-Study Visa,IELTS,0.23085189721868815,0
Russia,Germany,Medicine,-1.8506918659723994,No,Scholarship,-2.3307567385580747,0.6507832261995052,Study Permit,PSW,IELTS,0.8694085873016999,0
UK,Finland,Arts,1.8615742870821255,Yes,Higher Ranking,1.5255402532305167,1.4290185828614166,Schengen Student Visa,Blue Card,TOEFL,0.7323765467981147,1
UK,South Africa,Law,-0.9120806085961582,No,Job Opportunities,0.028802371391501328,0.9806456735230112,J1,Blue Card,PTE,0.5469405073869842,0
India,USA,Social Sciences,-0.9508093443388046,No,Higher Ranking,-0.011792668338470605,0.6454660556681063,Study Permit,Post-Study Visa,PTE,1.410790859599001,0
UK,USA,Natural Sciences,1.822648318211452,Yes,Higher Ranking,0.7699337230612284,-1.0948911624794644,F1,Post-Study Visa,IELTS,0.7281682821882286,0
Russia,UK,Engineering,-1.8306074770063074,Yes,Scholarship,-1.625576362168128,-1.851380760839783,J1,Post-Study Visa,Duolingo,1.2697723058280357,1
USA,UK,Engineering,0.8854145855076461,No,Higher Ranking,-0.1558142625864192,-1.4455252046992262,J1,OPT,PTE,1.3378756885111727,1
USA,Finland,Social Sciences,0.8304852070015855,Yes,Political Stability,-0.00041242865381892896,-0.9042724702153179,Student Visa,PSW,Duolingo,0.3992985148772282,1
Finland,Russia,Arts,-0.952731477979556,Yes,Quality of Life,-1.5958378741945494,-1.1882385676851777,J1,PSW,IELTS,0.8675734192093831,0
India,UK,Natural Sciences,0.9041012896585839,Yes,Job Opportunities,1.6450487569001249,0.22831772042661924,Study Permit,Work Permit,PTE,0.2842195300225896,1
UK,India,Computer Science,0.0014331328648241656,No,Political Stability,0.7511274882065256,-0.7983389907275515,F1,PSW,IELTS,0.6444601396965568,1
UAE,India,Computer Science,-0.8650234147341911,No,Scholarship,-0.7765827536228094,0.9967394468406154,Schengen Student Visa,Work Permit,PTE,-0.15309332387252927,0
UK,UK,Social Sciences,-0.9368907396539736,No,Quality of Life,-0.091130112461122,-0.5760280494906912,Student Visa,OPT,IELTS,0.6715132334695907,0
Canada,India,Medicine,-0.9200937486363505,No,Higher Ranking,0.02654853567288185,0.03345621366035875,F1,Blue Card,None,-0.25462795920602316,0
Finland,UK,Engineering,1.7192152633726403,Yes,Higher Ranking,1.6013125182130674,-0.11582361203589792,Tier 4,PSW,None,-2.453848079258602,0
UK,India,Computer Science,0.9118527855139416,No,Political Stability,-0.020853282750080124,1.4697531598914566,Schengen Student Visa,Post-Study Visa,PTE,-0.15572408879625751,1
UAE,USA,Medicine,0.8355892073587649,No,Higher Ranking,0.07626013701653384,-0.286617566318688,Tier 4,PSW,Duolingo,-0.2820124433373117,0
Russia,UAE,Law,0.8277262516472155,Yes,Job Opportunities,1.5075084678893869,0.4521590984845171,Study Permit,Blue Card,TOEFL,1.2027543155021143,1
UK,Germany,Social Sciences,-1.7483345226593314,No,Political Stability,-1.5014448681154138,2.018251163393441,Tier 4,PSW,TOEFL,0.9466156060920642,0
Finland,Germany,Social Sciences,-0.9468316041397343,No,Higher Ranking,-0.004324640168500284,1.106577155290431,Study Permit,OPT,TOEFL,1.4479701347407063,1
UK,UK,Natural Sciences,-0.9829310993209329,No,Job Opportunities,0.009595168900396446,-2.123653876656339,Schengen Student Visa,Work Permit,Duolingo,0.037596293111476595,1
Canada,UK,Social Sciences,-0.030881962317203818,No,Political Stability,0.8364744477265027,-0.03437551864027916,J1,OPT,TOEFL,0.2625900904678533,1
UAE,Russia,Arts,-0.9222870706506523,No,Higher Ranking,-1.4908395790816455,0.7740624166527749,Study Permit,Work Permit,PTE,0.23358326313766825,0
Finland,India,Medicine,-0.9814694943304287,No,Political Stability,-0.8444677682578181,0.2223548018087913,J1,Post-Study Visa,TOEFL,0.512583002555852,0
UK,UAE,Arts,1.7655569217866451,Yes,Scholarship,1.5811329456955692,-0.06886616439026647,J1,OPT,IELTS,1.4490284682403558,1
UAE,Germany,Natural Sciences,1.8016804290746316,No,Higher Ranking,1.566565925835462,1.694113296062912,J1,Work Permit,TOEFL,1.4830195254940188,1
India,Finland,Law,-1.8030639471435983,No,Job Opportunities,-2.3387933373177656,1.2673151273820307,J1,Work Permit,IELTS,1.4089438346068641,1
USA,UAE,Social Sciences,-1.0330914337881931,Yes,Quality of Life,-0.058751314479040376,-1.4921155406841735,Schengen Student Visa,Work Permit,TOEFL,-0.3238055206676552,1
Canada,Canada,Arts,0.045924806747007184,No,Job Opportunities,0.6328947800136936,0.7951383541468239,Tier 4,PSW,IELTS,-0.12830222013987208,1
Finland,UAE,Social Sciences,0.9194459709816039,Yes,Scholarship,0.6722381912694608,-1.9697157066546593,Student Visa,Post-Study Visa,None,-2.418490875112361,0
Germany,USA,Engineering,-0.9361432339865471,Yes,Job Opportunities,-1.6067738272568186,-1.8975594945630196,J1,Work Permit,TOEFL,-2.436962304472954,1
India,USA,Computer Science,-0.030430022946981293,No,Higher Ranking,0.7659615856483105,-2.1388694385725042,Tier 4,Post-Study Visa,PTE,1.2306164296639746,1
Germany,UAE,Arts,1.8926599756649074,No,Quality of Life,0.8406425289081076,1.092099978672245,Tier 4,Blue Card,None,1.0138588052503708,1
Ireland,Germany,Arts,0.8733916875790391,No,Higher Ranking,-0.07099253962959852,-2.181509318465975,F1,Blue Card,PTE,-0.1664085252609977,1
Germany,Russia,Computer Science,0.7656151767356091,Yes,Job Opportunities,1.5282433902805048,-1.8488985253762737,Schengen Student Visa,OPT,Duolingo,0.47416228914820824,0
India,UAE,Business,1.8363478693368986,No,Higher Ranking,2.2881155626313348,-1.76169355625343,J1,Work Permit,TOEFL,0.787812842037996,0
Canada,Finland,Arts,-1.83582941174581,No,Higher Ranking,-1.608793563501356,-0.0707661299083304,Schengen Student Visa,Blue Card,Duolingo,0.3681231101620436,0
Germany,South Africa,Arts,-0.9618933558315097,No,Scholarship,-0.031128699720894167,-2.041895236065673,Tier 4,Work Permit,IELTS,0.15827087734036263,1
Germany,Ireland,Computer Science,0.9271231765641879,Yes,Higher Ranking,1.5614497087337302,-0.19631685447496605,Tier 4,OPT,TOEFL,0.6343612620421382,0
USA,Canada,Arts,-1.847253886343115,Yes,Job Opportunities,-0.7421786156328949,-1.1995038120745694,Schengen Student Visa,Work Permit,TOEFL,-0.040070901571198914,0
India,USA,Arts,-1.8543686959026244,Yes,Political Stability,-2.345870844071452,-0.3197222162238661,J1,Post-Study Visa,TOEFL,0.3659222616472972,0
South Africa,India,Computer Science,-1.823927309866437,Yes,Scholarship,-1.6242251906252747,1.83562638859761,Schengen Student Visa,Blue Card,IELTS,0.4973550900195929,0
Russia,Russia,Medicine,0.05467441135175879,No,Job Opportunities,-0.03547205971956741,-2.1353781766151774,Study Permit,Post-Study Visa,Duolingo,1.247833816975388,0
Finland,Canada,Engineering,0.7735347065362813,No,Scholarship,0.7201872806092873,-1.736855907749982,Tier 4,OPT,None,-2.5024336342052966,1
UK,India,Business,0.004528415883549667,No,Political Stability,0.09832025885611835,1.6774142547493216,Tier 4,Post-Study Visa,TOEFL,-0.2705760368167918,0
Ireland,USA,Medicine,-1.8375692054721793,Yes,Scholarship,-2.3151064438519358,-0.5448307702818471,J1,Work Permit,PTE,0.9131652373624738,1
UK,Finland,Engineering,0.9133114447485783,No,Political Stability,-0.030412304311594564,-1.0319009249702868,J1,Post-Study Visa,TOEFL,0.4762441364138283,1
USA,UK,Business,-0.8952917291066744,Yes,Job Opportunities,0.0012359775442313814,-1.0218803826123648,Tier 4,PSW,PTE,0.7996428756390866,0
Germany,Finland,Natural Sciences,-1.8029004936762663,No,Higher Ranking,-0.7414446601510513,-0.7101442775602385,F1,OPT,None,-2.477797279719902,0
India,UK,Law,0.9258081987892831,Yes,Political Stability,-0.05907604713357735,0.7891157166461653,Schengen Student Visa,PSW,None,-2.509601995017542,0
Canada,UAE,Social Sciences,1.8033321668093083,Yes,Quality of Life,0.7684484253629326,-0.38704662242108606,J1,Work Permit,None,-0.18627296187112308,0
USA,Germany,Arts,1.7408005007561973,No,Job Opportunities,1.4732221099025842,-1.5609846335005895,J1,Work Permit,TOEFL,0.4233917706264401,0
Finland,Ireland,Computer Science,-1.8865542022805983,Yes,Higher Ranking,-2.355069519707063,-1.1054871864215732,Student Visa,Work Permit,PTE,-0.087460742711065,0
USA,Finland,Arts,0.8595545604386935,Yes,Quality of Life,-0.011588398332888654,1.9197768279056082,Tier 4,PSW,None,-2.476825519804484,1
Finland,Russia,Computer Science,1.7852945934549456,Yes,Quality of Life,1.6284730158679548,-1.852764661878352,J1,PSW,TOEFL,1.2596922758732108,1
Ireland,South Africa,Business,-0.9408952293055572,No,Quality of Life,-0.8691961017767835,1.9362219250873325,Student Visa,OPT,Duolingo,1.2803925305675914,0
UAE,South Africa,Social Sciences,-1.756157057085803,Yes,Job Opportunities,-2.359634240435968,1.01624368157336,Student Visa,Work Permit,TOEFL,0.7720439132032259,0
Canada,USA,Social Sciences,1.7962669892828138,No,Political Stability,2.3422841675232453,1.0640906347256296,Tier 4,Work Permit,TOEFL,0.9079051840065778,1
Germany,Canada,Engineering,-0.9033509190893068,Yes,Scholarship,-1.6089230471310476,0.16731559255451078,F1,PSW,Duolingo,1.228901513090854,1
South Africa,UAE,Arts,-1.8278688934107903,Yes,Job Opportunities,-1.6324576879893442,-0.5350476035149894,F1,OPT,IELTS,0.6976540383102131,1
Canada,Germany,Engineering,-0.9436313079870072,No,Job Opportunities,-0.8390102479781829,-1.9363727707259277,Study Permit,OPT,None,-0.1431273929401268,1
Germany,UAE,Engineering,-1.8287514008105068,Yes,Scholarship,-2.340525281575924,0.649378079902059,F1,Post-Study Visa,TOEFL,0.9236540195643752,0
USA,Finland,Law,-1.0090027360424296,No,Scholarship,-1.5472292875964222,0.48301491264097696,F1,Work Permit,TOEFL,0.8778384611346807,0
USA,South Africa,Business,0.8177905126228269,No,Job Opportunities,-0.04630810984723781,-0.23489969428178395,Study Permit,Blue Card,TOEFL,0.03432227009810148,1
South Africa,Russia,Natural Sciences,-1.8176719090316282,Yes,Scholarship,-2.344731733908837,0.5503244030750204,Schengen Student Visa,PSW,PTE,0.948907099259987,0
Finland,Russia,Business,0.8442123146073853,Yes,Quality of Life,0.7147721699406184,2.070600971111805,Tier 4,PSW,PTE,-0.04860405238959335,0
Canada,South Africa,Natural Sciences,-0.015587612937005472,Yes,Political Stability,-0.08713980735432103,-1.2808904314713943,Student Visa,Work Permit,Duolingo,0.9960671886111467,1
UAE,India,Computer Science,0.8218966243511112,No,Political Stability,0.7423534434175103,-1.695005187861751,Schengen Student Visa,Post-Study Visa,PTE,-0.04753828189117165,1
Canada,UAE,Computer Science,-1.8160175356079056,Yes,Quality of Life,-0.751991452922302,0.7486955129237877,Schengen Student Visa,Post-Study Visa,None,-2.4478333463137174,0
Germany,UK,Engineering,0.9232382674291114,No,Job Opportunities,-0.02864118083817991,0.3087821506752909,J1,Blue Card,PTE,0.7435315479552294,0
Canada,UK,Natural Sciences,0.018035751574858164,Yes,Scholarship,0.04024748416791346,-0.012354620939117163,J1,Work Permit,TOEFL,0.51542833723973,1
Canada,Russia,Computer Science,0.019436660657081113,No,Scholarship,-0.7759364441529535,-1.2619601469691815,F1,OPT,TOEFL,0.5236072710460464,1
South Africa,Finland,Arts,0.9025608500056435,No,Scholarship,-0.10315593245190689,1.375387652413231,Study Permit,Blue Card,None,-0.19887556991271899,0
Canada,UAE,Natural Sciences,-0.9532814409452663,No,Higher Ranking,-0.00333914116218653,0.678381687032289,Student Visa,PSW,PTE,-0.09387789915139985,1
Ireland,Russia,Natural Sciences,1.792194782151849,Yes,Quality of Life,0.7514407735399707,-0.021889052287389375,J1,Post-Study Visa,None,-2.4153196552241853,1
South Africa,Russia,Medicine,0.8557064505513485,No,Scholarship,-0.09323107972115538,1.7625373263821908,Student Visa,PSW,None,1.2544395269278885,1
USA,Ireland,Engineering,-1.8253948225188166,No,Higher Ranking,-0.7009204441948822,-0.3986664155805688,Student Visa,Work Permit,TOEFL,-2.4839750913501923,1
Finland,Russia,Business,1.8317432217983596,No,Scholarship,2.283645792322065,-1.4791864153580083,J1,PSW,PTE,-0.11478700987000669,0
Russia,Finland,Engineering,0.8031387807887455,Yes,Political Stability,0.027005677289380543,1.5976530625790675,F1,Post-Study Visa,None,-2.5250504906226365,0
Russia,Finland,Social Sciences,1.8188840205020502,No,Job Opportunities,2.4811500763771153,1.1541656764707768,J1,Blue Card,IELTS,0.26137864067024696,1
UAE,Ireland,Natural Sciences,-1.0185841253464911,Yes,Job Opportunities,-0.08977175380960878,0.3793540173466484,Tier 4,Post-Study Visa,PTE,1.093988202740402,1
India,Russia,Engineering,0.026976129311644094,Yes,Higher Ranking,0.7545575644555382,-0.19888144349908832,Student Visa,Work Permit,None,-2.577090527273541,1
Canada,USA,Business,-0.9290524955279983,No,Higher Ranking,-0.04305838485182358,2.0636442164382167,Student Visa,PSW,None,-2.381724404391088,0
USA,Canada,Medicine,1.8316041909440186,Yes,Political Stability,0.8003709421511437,-0.5237371950871086,Study Permit,Post-Study Visa,Duolingo,0.3939178316954494,1
India,Germany,Arts,0.025989497454522795,No,Job Opportunities,-0.8392718977215399,-1.4448291020521171,J1,Blue Card,None,-2.379806747721222,0
Ireland,UK,Social Sciences,1.0081907874683687,No,Job Opportunities,0.8369296095676768,-0.5088799946510211,J1,OPT,Duolingo,0.12257642097087762,1
UAE,Germany,Business,-0.000522765181374521,No,Quality of Life,0.7478903807575573,1.9689286497381053,J1,Post-Study Visa,Duolingo,0.5995659060397336,0
Russia,UAE,Engineering,-1.7803984385031166,No,Job Opportunities,-2.2915610647820066,-1.3773798380922346,J1,Work Permit,TOEFL,0.7234806273190919,1
Finland,India,Natural Sciences,0.8671414889699245,No,Higher Ranking,0.73720039029345,0.8245033535931113,Student Visa,Post-Study Visa,None,-2.494975915099367,0
USA,USA,Engineering,-0.028555009465621374,Yes,Job Opportunities,-0.04992174612353356,0.7058614074281842,F1,Blue Card,PTE,1.406678679637625,1
India,UK,Business,-1.8875903871566306,Yes,Quality of Life,-2.476092304149781,-1.3150879864010745,Schengen Student Visa,Work Permit,TOEFL,0.6185102818924503,0
Germany,Canada,Computer Science,0.8946210558636727,No,Job Opportunities,1.5626661147001628,-0.5089813921491647,Tier 4,Work Permit,PTE,0.7534796305634154,1
South Africa,Canada,Computer Science,-1.922720769017102,No,Political Stability,-2.4067219174385373,2.248632858210266,F1,Work Permit,TOEFL,0.8343231200662276,1
Germany,Ireland,Business,1.8149935953146354,Yes,Job Opportunities,2.365554169653584,-1.4539712408071417,J1,PSW,Duolingo,-0.229114972834399,1
Ireland,Ireland,Medicine,-0.9499579390877593,No,Higher Ranking,-0.8621331010208351,1.944604876896646,F1,OPT,PTE,0.895662051889509,1
USA,Germany,Social Sciences,0.024772288184826893,Yes,Job Opportunities,-0.8119540594511254,0.1423325218788417,Schengen Student Visa,Work Permit,TOEFL,1.2222743063429107,1
Germany,Canada,Natural Sciences,0.921586390507348,Yes,Political Stability,0.045749899052084125,1.7993041152573592,Schengen Student Visa,PSW,Duolingo,1.2276843849198507,0
Finland,UAE,Engineering,-1.8185246542684241,Yes,Higher Ranking,-0.7905680124322655,0.17789343063884097,J1,Work Permit,None,-2.596257399823389,0
Canada,Canada,Natural Sciences,-1.8715347591511662,Yes,Scholarship,-1.5901014147571018,-0.21444509951322227,Study Permit,Blue Card,Duolingo,0.7344219235124023,0
South Africa,India,Law,-0.9530707259236387,Yes,Quality of Life,-1.516478589333116,1.7204726581006584,Study Permit,Post-Study Visa,Duolingo,-0.24679864361315015,0
South Africa,UK,Engineering,0.03382272979504351,No,Political Stability,0.7844267312708436,-0.3601973105000479,F1,Blue Card,IELTS,0.26647072137460087,1
UK,Germany,Social Sciences,0.8848573268956498,Yes,Job Opportunities,0.06672887460374594,-1.165216881041944,Student Visa,OPT,None,1.0119943137080047,1
Canada,Ireland,Computer Science,-1.8374893359678075,Yes,Higher Ranking,-0.7727401965004125,-1.20457580204644,Study Permit,OPT,PTE,1.0411831380545402,0
Germany,Ireland,Business,-0.060176891008304215,Yes,Political Stability,0.11291529110698542,-0.4631084719378604,F1,Blue Card,None,-2.416476601445083,1
Canada,India,Medicine,-0.9896074755730614,No,Job Opportunities,0.04106478721295041,1.2152945754173754,Tier 4,PSW,IELTS,1.1711153729634827,0
Ireland,UK,Natural Sciences,0.8960092593013175,Yes,Political Stability,0.8341412205108136,1.4128763764435623,J1,Blue Card,PTE,1.1936511096028923,1
UK,India,Engineering,1.869829269479832,Yes,Political Stability,1.4984299906821021,-0.9162311186968617,Study Permit,PSW,TOEFL,1.3392962607212404,0
UK,UAE,Social Sciences,-0.914791298378082,Yes,Quality of Life,-1.5407697224968329,-0.18543066073619138,Schengen Student Visa,Post-Study Visa,PTE,1.0451645082324508,1
UK,Finland,Natural Sciences,0.040009810646607115,Yes,Scholarship,0.039404838044716756,-0.43283601890613,Tier 4,Blue Card,None,-2.5309385408600984,0
UAE,Ireland,Natural Sciences,0.951507049331169,Yes,Quality of Life,0.8020538718801908,2.12918249918068,Study Permit,Post-Study Visa,Duolingo,1.2995754477968722,1
Canada,India,Business,-0.9222215295127437,No,Job Opportunities,-0.03294605083687791,-0.6467838768694847,J1,Work Permit,IELTS,-0.06160774687435877,0
India,Russia,Business,-1.7830548618616937,No,Job Opportunities,-1.5707879684426667,1.8133525146208611,Study Permit,OPT,TOEFL,1.4733190139841794,1
India,India,Law,0.02970759410001162,Yes,Job Opportunities,-0.8349608502939917,-0.9551949938702109,Tier 4,Work Permit,IELTS,0.0958817741318104,0
UK,South Africa,Arts,0.0220580636096556,Yes,Scholarship,-0.030393298602580138,0.3310294094193036,Student Visa,Blue Card,TOEFL,1.0627796100428193,0
South Africa,UAE,Engineering,0.8765962474443143,No,Quality of Life,0.7719990497312713,1.9574312081792904,Tier 4,PSW,IELTS,0.8364141630129857,1
Finland,Ireland,Medicine,-0.016524933750190537,Yes,Quality of Life,0.06889458013862118,0.41424366139607005,Study Permit,OPT,TOEFL,-0.3090819154457647,0
Canada,UAE,Business,-1.8206913601352075,Yes,Job Opportunities,-1.6167818534770861,2.189837586920408,F1,Work Permit,None,0.8056582477671674,1
UK,South Africa,Computer Science,-1.863655560441991,Yes,Higher Ranking,-0.7570106583619866,2.155034560821801,J1,OPT,None,-2.5285372967799593,1
South Africa,India,Arts,0.9177452972169308,Yes,Job Opportunities,0.8470317932938202,-0.44865034797776815,F1,Blue Card,TOEFL,-0.10462711858768522,1
USA,Germany,Medicine,0.9446092617865728,No,Scholarship,1.645382479790201,-1.7823421714358982,J1,Post-Study Visa,Duolingo,0.5336151129078262,1
UK,India,Social Sciences,0.9285424660481408,Yes,Higher Ranking,1.659014987830788,1.9290218305624285,Student Visa,OPT,Duolingo,-0.29408384208636273,0
Germany,USA,Arts,0.9241654483974313,No,Scholarship,1.5473888135196368,-0.5496296160539844,Tier 4,Blue Card,IELTS,1.3210610332568078,1
India,Canada,Medicine,0.038564988054967365,No,Quality of Life,0.030267222498051877,-1.2364331526926293,Student Visa,OPT,TOEFL,0.5782245764237269,0
Canada,Russia,Business,-0.016290413885154845,Yes,Job Opportunities,-0.8298039108181487,-0.3742086432871586,Schengen Student Visa,Post-Study Visa,TOEFL,-2.4059950151639478,1
UK,Canada,Arts,-1.7693916400910659,No,Quality of Life,-0.8247744457388164,0.8861034179000915,J1,Blue Card,Duolingo,0.9683837684065928,1
Finland,India,Law,0.8461907198812388,Yes,Political Stability,0.6638767290385246,1.2553202815850388,Schengen Student Visa,Blue Card,TOEFL,0.9689636920162856,0
Finland,India,Law,1.857889670980098,Yes,Scholarship,1.4502048503552987,-0.36494200320832426,Tier 4,PSW,TOEFL,0.6078457440030178,1
UAE,UK,Social Sciences,-0.03599415061359319,No,Scholarship,-0.8407010391504299,-1.8051997889921192,F1,PSW,PTE,1.1550253561932022,1
India,Germany,Natural Sciences,0.938129696140778,No,Higher Ranking,-0.016696507589060924,-1.5776718712406042,F1,Work Permit,PTE,1.3309469782928705,0
Finland,South Africa,Medicine,-1.0061688315164463,No,Political Stability,0.02811212172999555,1.4454177150954444,Schengen Student Visa,Blue Card,TOEFL,0.5430569832875752,0
UAE,Germany,Business,-1.8197297438598499,Yes,Quality of Life,-2.400778605360471,-1.036477802108566,Schengen Student Visa,OPT,IELTS,0.6592913488418796,0
UAE,Finland,Law,0.8269244314443912,Yes,Higher Ranking,-0.012174200552846846,1.5696927721196192,Tier 4,Work Permit,PTE,0.4185631579941039,0
Russia,UK,Law,1.8707525050083127,Yes,Higher Ranking,1.5214091826185054,-0.8071491751318313,Schengen Student Visa,Post-Study Visa,IELTS,0.3938325698283331,1
South Africa,UAE,Business,0.011661167687636554,Yes,Political Stability,0.8374717711883357,2.109436780024375,F1,PSW,IELTS,-0.25117214980245217,1
UK,Canada,Social Sciences,-0.05547747660692732,Yes,Higher Ranking,-0.7303479260157602,0.14149046038039553,Schengen Student Visa,OPT,None,1.1794542032104278,1
India,Russia,Computer Science,0.888912583590895,No,Higher Ranking,0.7667438672417858,0.28627646974582255,Study Permit,PSW,IELTS,-0.08783329241235814,1
Finland,UAE,Law,-1.9784938430496999,No,Scholarship,-1.5212652216679807,1.26984972827806,J1,PSW,Duolingo,0.34462905439706637,1
South Africa,India,Business,-1.8240988078597369,No,Higher Ranking,-0.9279856595667801,-1.2238095197674337,Tier 4,Post-Study Visa,IELTS,1.3628738780759853,1
UK,UAE,Computer Science,-0.9607753234194568,Yes,Job Opportunities,-0.06504378518629927,1.3639826887601163,Schengen Student Visa,PSW,IELTS,0.08951809695552941,0
Finland,South Africa,Business,0.8597987277205724,Yes,Higher Ranking,-0.02389076488419283,2.2593715903253173,J1,PSW,Duolingo,1.2683967447990423,0
Russia,UK,Social Sciences,-0.9343762190224507,No,Political Stability,-0.7518769152928679,-2.122338835414926,J1,PSW,Duolingo,-0.20371463648015967,0
USA,Germany,Law,0.813264255829548,No,Quality of Life,0.11102498445266473,1.5032324535033519,Tier 4,Post-Study Visa,Duolingo,0.07820145439461618,0
Russia,South Africa,Natural Sciences,0.8851854633144577,Yes,Quality of Life,1.5531646943364286,-0.1721519167980811,Student Visa,Post-Study Visa,TOEFL,0.6395550176723871,0
Russia,UK,Natural Sciences,-0.953610708336382,Yes,Scholarship,-1.538577142403751,-0.9171049660955902,Tier 4,Post-Study Visa,None,-0.03661575993624086,1
UK,UAE,Medicine,-1.7906330045813437,Yes,Quality of Life,-2.4111714945418057,-0.3862511873159152,Study Permit,Work Permit,PTE,0.5100732075297246,0
India,USA,Computer Science,0.9272814517190535,Yes,Scholarship,0.7433035296086574,1.0931793433598265,Tier 4,Post-Study Visa,TOEFL,1.247595825882956,0
South Africa,Russia,Business,-0.17272045096804275,Yes,Scholarship,0.7319214571745649,-1.2095976262647856,Schengen Student Visa,Work Permit,IELTS,0.9110056928229437,1
South Africa,UAE,Natural Sciences,-1.7946305265992175,No,Scholarship,-1.6163320681831643,-0.43744727267925604,Tier 4,OPT,TOEFL,1.0061866597913163,1
Finland,UAE,Engineering,-0.8372915141397836,Yes,Scholarship,-1.5495691274652594,1.5087147051107026,J1,Blue Card,IELTS,1.4187710698320504,0
USA,Ireland,Medicine,-0.1174825891021803,No,Scholarship,0.7823932555534254,-0.039685011826929524,J1,PSW,Duolingo,0.604008482481416,0
Finland,Canada,Arts,-0.05167217467542412,Yes,Quality of Life,0.7690726264384063,0.9957371305766936,F1,PSW,IELTS,0.7123823863953634,1
Ireland,USA,Medicine,1.8057951778219195,No,Higher Ranking,1.5726843813852958,0.6695524453041932,F1,OPT,IELTS,0.5230823485277228,0
India,UAE,Engineering,-0.0654032942176504,No,Quality of Life,-0.8929974825949987,1.7308097042467983,Study Permit,Blue Card,Duolingo,0.7256131592948052,0
USA,Canada,Medicine,-0.9385076998700194,No,Political Stability,-0.01911775115755023,-1.6289846642557748,Schengen Student Visa,Post-Study Visa,Duolingo,0.6691687237972447,0
USA,UAE,Engineering,0.8731488992680132,No,Quality of Life,0.0979342816263614,-0.008361840427705033,Tier 4,OPT,Duolingo,0.98572639613839,1
Ireland,Germany,Computer Science,-0.895018841255381,Yes,Job Opportunities,-0.8809016993832184,-0.896540546467992,Tier 4,Post-Study Visa,Duolingo,-0.06813188822446398,1
USA,India,Business,-0.07105938226010827,No,Higher Ranking,0.038095224773652736,-0.5749931100131324,F1,PSW,None,1.3788212092506633,1
UAE,Finland,Arts,-0.945172821822464,Yes,Job Opportunities,-0.06623588566952512,-1.6418671681670691,F1,Blue Card,None,-2.471932549747318,0
Ireland,Germany,Engineering,-0.05592465016642305,Yes,Scholarship,0.7743202929743808,-1.6590421593514895,Tier 4,OPT,None,-2.505369220402471,1
Finland,Finland,Engineering,-0.8563997137016518,No,Quality of Life,-1.6196141870181386,1.581309667180888,Schengen Student Visa,Blue Card,IELTS,0.22401649075294514,1
Ireland,South Africa,Computer Science,0.9587034213462436,Yes,Quality of Life,0.7071584063585168,1.2577719720559803,Schengen Student Visa,Blue Card,PTE,1.0203498320918474,0
UAE,South Africa,Natural Sciences,1.7230779789261321,No,Political Stability,0.7750884385432598,1.8569017028801151,F1,Post-Study Visa,IELTS,0.5469651828906795,0
USA,Finland,Computer Science,-0.05173314686863137,No,Higher Ranking,0.7669845293169133,-1.7170083315471913,F1,OPT,TOEFL,1.1479422558776826,0
USA,Ireland,Natural Sciences,-1.843709644782787,Yes,Higher Ranking,-1.586548523149508,1.9568777630171394,Study Permit,Post-Study Visa,TOEFL,0.16448292353490276,1
Russia,Ireland,Arts,0.9640380778549963,Yes,Job Opportunities,0.036583203103073086,0.9529977126548513,F1,OPT,TOEFL,1.0619178274500036,0
Finland,Germany,Medicine,-1.7885611870804445,Yes,Higher Ranking,-2.393706926727763,-1.2109840153115297,Study Permit,Post-Study Visa,PTE,-0.17772984964241156,1
Germany,USA,Engineering,0.0969375005766891,Yes,Higher Ranking,0.009570286269464295,0.09477539478764012,Tier 4,Post-Study Visa,TOEFL,0.28604792098884707,1
UAE,USA,Computer Science,0.9039074325454151,No,Job Opportunities,1.5668586451268967,0.3886990531739781,Tier 4,Blue Card,None,-2.430439934421491,1
India,USA,Engineering,-0.021602733976917234,Yes,Higher Ranking,-0.06484149795759217,0.6625737273372476,J1,Blue Card,None,-0.24377790526122628,1
Ireland,Canada,Law,1.0127545833956777,Yes,Political Stability,1.6039113577164916,-0.5055398090240305,Schengen Student Visa,PSW,None,0.27712162858619194,0
USA,Russia,Engineering,0.8922994995032415,Yes,Scholarship,0.7594583398023429,2.173575796055463,J1,Work Permit,IELTS,1.4471635724764635,0
Germany,USA,Business,0.8881994207827613,No,Political Stability,0.7585116013611183,-0.706932347342106,Study Permit,Post-Study Visa,PTE,1.1515017714080673,0
South Africa,Russia,Social Sciences,0.010893036568884172,Yes,Political Stability,0.7716200314438639,2.218312351175788,Schengen Student Visa,Work Permit,TOEFL,-2.517407428986856,0
Ireland,Finland,Engineering,0.896154778832328,Yes,Job Opportunities,0.02261554541189263,-1.6469178009742533,Schengen Student Visa,PSW,PTE,1.0129681981602237,0
Germany,Russia,Arts,-0.8448732855036909,Yes,Higher Ranking,-1.6243346700466923,-0.4501748340297166,J1,Post-Study Visa,IELTS,-0.03255623174213903,0
South Africa,Russia,Computer Science,-1.8471562010799822,No,Political Stability,-2.34898125500135,-1.7408897183412395,F1,Post-Study Visa,IELTS,0.4367910028733283,1
India,Finland,Law,-0.11430354681035228,Yes,Job Opportunities,0.8171628517721188,0.6203728534819062,Study Permit,PSW,IELTS,1.273184001886625,0
South Africa,UAE,Computer Science,1.7440503190269985,No,Job Opportunities,0.8205789942530847,0.11304763952607597,Study Permit,Post-Study Visa,None,-2.5150699506523657,1
USA,Russia,Social Sciences,1.7777509873148947,Yes,Higher Ranking,0.7786744398687115,1.8983716512111064,Schengen Student Visa,Post-Study Visa,Duolingo,0.03771382141080011,0
Ireland,India,Business,1.7747172481912834,Yes,Political Stability,0.7321148882198959,1.2988607120483928,F1,PSW,TOEFL,-0.1827144510682577,1
Germany,Ireland,Arts,1.8451614646792465,Yes,Quality of Life,0.8309905524860385,-0.537365313014671,Study Permit,Work Permit,IELTS,0.7206536415891771,0
Russia,South Africa,Social Sciences,-1.804142013844326,No,Higher Ranking,-2.377433246944509,-1.5966285874453636,F1,Work Permit,None,-2.469308056260843,0
Russia,Ireland,Medicine,-0.9432235966604401,Yes,Higher Ranking,-1.460316536767032,-0.8911166655624018,Schengen Student Visa,PSW,TOEFL,-0.03561410862205434,1
UAE,Canada,Arts,-0.8902113148811238,Yes,Political Stability,-1.5193610054335687,-0.6329195781177664,Study Permit,OPT,Duolingo,1.1263182669843683,1
Finland,UAE,Social Sciences,-0.12322123022760822,No,Scholarship,0.7989289188566638,1.070091338150476,F1,Post-Study Visa,None,-2.4069160132342082,1
Russia,Ireland,Computer Science,0.05803517883392736,No,Job Opportunities,0.7121033028241158,1.7294023395351807,F1,PSW,PTE,0.8119496933385587,0
Finland,Canada,Business,-1.8078897833522964,Yes,Job Opportunities,-0.8252599982006351,1.958143007605454,J1,Post-Study Visa,IELTS,0.7235762335573963,1
Ireland,UAE,Medicine,1.7396009982842138,No,Higher Ranking,1.5141202986434987,-0.32420149810845145,Student Visa,Work Permit,IELTS,0.06722759103828722,1
Ireland,USA,Medicine,1.8284000889751055,Yes,Job Opportunities,1.5930943213537303,0.8550166247243424,Schengen Student Visa,OPT,IELTS,0.12207106031997877,1
Russia,UAE,Engineering,-0.9581249546920146,Yes,Scholarship,-1.6277536789678027,0.15839287131991875,Schengen Student Visa,Work Permit,IELTS,0.02040941876110417,1
India,UK,Social Sciences,-0.02080516585309985,No,Higher Ranking,0.7359564999889666,-0.4036340805689341,Tier 4,Work Permit,TOEFL,1.08196029483395,0
UAE,Russia,Law,-1.9788247412720907,No,Scholarship,-2.4390313656793525,-1.2965515957111857,Tier 4,Blue Card,None,-2.497943634660091,0
South Africa,Germany,Computer Science,-1.8609425217872357,Yes,Scholarship,-2.319348321743592,-2.135682892385674,Tier 4,Work Permit,IELTS,1.4044083279559894,0
South Africa,UK,Computer Science,0.9556701103203691,No,Political Stability,0.7592191323625047,-0.5518471883420746,Schengen Student Visa,Blue Card,None,-2.4326018900725477,1
Ireland,Finland,Natural Sciences,-1.8199055482954916,No,Quality of Life,-0.7905001176738391,2.0890326011237224,Schengen Student Visa,PSW,None,-2.5940683355827,1
Germany,UK,Natural Sciences,-0.9221622936123921,Yes,Higher Ranking,-1.5622751893179352,-1.9269335525383542,Schengen Student Visa,Blue Card,Duolingo,0.4530608481129778,1
India,UK,Natural Sciences,0.9262245293538832,Yes,Job Opportunities,-0.03327103058051998,-0.1109383332124697,J1,Blue Card,PTE,1.049514839253384,1
South Africa,UAE,Computer Science,0.9178984748707539,Yes,Scholarship,-0.025206056097210456,1.1863354131265007,J1,Blue Card,IELTS,0.6076982766292096,1
Russia,Finland,Social Sciences,-1.8374126738000316,No,Job Opportunities,-0.8197449192279049,-1.4750109167853092,F1,Work Permit,Duolingo,0.6619618803838225,1
Finland,UAE,Medicine,1.8591177719332401,Yes,Job Opportunities,0.8110289764181748,-0.8666634461532113,Schengen Student Visa,Work Permit,TOEFL,1.2150001980186789,1
South Africa,South Africa,Business,1.8136629502983477,No,Higher Ranking,2.3628619766458225,-1.0917367685362882,Study Permit,Work Permit,None,0.6049495447092905,1
India,Canada,Law,-0.9692603029544927,No,Quality of Life,-1.662444171028622,1.8073486317437832,Tier 4,Work Permit,PTE,0.4589313711385107,0
Canada,South Africa,Law,0.013718449382256753,No,Job Opportunities,0.7762155897658819,-1.1303947950296425,Study Permit,Work Permit,PTE,0.4187517444172152,0
Russia,Russia,Natural Sciences,-1.8424142996317558,Yes,Higher Ranking,-1.6127018064415413,1.285240241092513,Student Visa,Blue Card,IELTS,0.5905437453218256,1
Germany,Germany,Social Sciences,1.7962823872496938,No,Job Opportunities,0.7842197310526302,-1.039405705184754,Tier 4,Post-Study Visa,Duolingo,-2.5394078512300298,0
USA,Germany,Law,1.7707691539665902,No,Political Stability,1.6101435794509267,1.9580437979608611,J1,Work Permit,Duolingo,0.18721206267006874,0
Finland,Germany,Medicine,0.9005508722092435,No,Higher Ranking,-0.11487149865107964,0.2368145486504592,Student Visa,PSW,Duolingo,0.3905560952054467,0
Finland,USA,Medicine,0.9089583889768619,Yes,Political Stability,0.7665343199037404,1.939120333256645,Schengen Student Visa,Blue Card,IELTS,0.33493548455741406,0
Ireland,USA,Business,0.8706667046748089,Yes,Scholarship,0.7765384395733145,1.746092393758033,F1,Post-Study Visa,PTE,1.326396350291144,0
South Africa,India,Computer Science,-1.9235291027394752,Yes,Job Opportunities,-1.5645756717771466,1.0724467054912854,J1,PSW,None,-2.3791083208180996,1
India,UAE,Business,1.7931640115372856,No,Higher Ranking,0.7782897836439567,-1.4791583022000356,Tier 4,Work Permit,Duolingo,1.2236427944066777,0
Russia,India,Arts,1.8529500212779515,No,Quality of Life,2.335754862496454,2.0832554859648966,Schengen Student Visa,OPT,TOEFL,0.6766432303980193,1
South Africa,USA,Natural Sciences,0.9031802602018729,No,Political Stability,0.7956353875364288,-0.21382230010955644,Student Visa,OPT,IELTS,1.1295207651572645,0
USA,Ireland,Computer Science,1.8204204097485934,No,Job Opportunities,1.6244902859552393,-0.4268795506076569,F1,Work Permit,PTE,1.360426000334535,0
Ireland,UK,Computer Science,1.8789931297686489,Yes,Scholarship,2.3068922475864726,-1.6454656861525105,J1,OPT,TOEFL,0.05404942600005821,0
Finland,South Africa,Medicine,-0.08364302512004738,No,Job Opportunities,0.7925759334837426,-0.1763168936952863,Student Visa,Work Permit,Duolingo,0.04200377575471663,1
Canada,Finland,Medicine,0.04835559912177754,No,Scholarship,0.07553483931243067,-1.9909132127665696,Student Visa,Blue Card,None,0.5082398959424734,1
Russia,Ireland,Computer Science,-1.89010070214359,Yes,Scholarship,-0.7629682207124923,-0.9935511497885332,F1,Work Permit,Duolingo,0.23612901472594475,1
Canada,Germany,Medicine,-0.9209924653213837,Yes,Quality of Life,-1.666928136588662,-0.23395880696878185,Student Visa,Blue Card,Duolingo,-2.556731385809578,0
Russia,Canada,Arts,0.8219202005938927,Yes,Job Opportunities,0.8417939288916946,2.1263979116968876,Tier 4,PSW,PTE,0.7420877263174005,0
India,Ireland,Law,-1.9308483224488062,Yes,Higher Ranking,-1.5586921544758952,-1.7784725330316693,Tier 4,Work Permit,TOEFL,0.11001630156565421,0
Ireland,Russia,Social Sciences,-0.8963838774841166,No,Scholarship,-1.4697340500518306,-0.1785504210448119,Student Visa,Work Permit,Duolingo,0.12022713774270671,0
USA,UAE,Arts,1.8318746259369796,Yes,Political Stability,1.4798582333433445,1.2351266934083336,Study Permit,Work Permit,TOEFL,-0.01780814398005949,1
USA,Germany,Natural Sciences,-0.914497176612591,No,Quality of Life,-0.7991223885927358,-0.781495631621775,Study Permit,Work Permit,PTE,0.2454133133781431,1
South Africa,Russia,Social Sciences,1.8745572117896057,No,Higher Ranking,2.3602239102922256,1.9019924379437192,J1,Blue Card,None,0.3003827044807702,0
South Africa,India,Social Sciences,-1.8535530438239831,No,Quality of Life,-2.34671461719218,0.3370684565863339,F1,PSW,None,0.7219987993023275,0
Ireland,South Africa,Natural Sciences,-1.8216759192523748,No,Job Opportunities,-1.560827689480042,-1.532938319689247,F1,Post-Study Visa,None,-0.1145160771242729,1
UK,India,Engineering,1.8270812180400542,No,Quality of Life,2.3176884039681283,0.7339000958053543,J1,Blue Card,PTE,-0.24149318239079973,0
Germany,UK,Computer Science,0.007526079848809089,No,Scholarship,-0.8075032400305281,0.4070127094463617,Student Visa,Blue Card,PTE,0.20864095403049282,1
Canada,India,Business,0.9352359752698384,Yes,Quality of Life,0.7748996511942151,-2.0678831375558118,F1,Blue Card,TOEFL,1.2095831242125954,1
USA,Canada,Medicine,-1.8391280539364958,No,Quality of Life,-2.4533320120509012,-2.052888710744387,Student Visa,PSW,None,-0.0715283302617146,1
India,South Africa,Arts,1.8357838028999056,No,Scholarship,0.6558638973096986,-1.5914656955506485,Student Visa,PSW,PTE,1.3447805420455954,0
UK,Canada,Arts,-1.913929174565477,Yes,Higher Ranking,-1.5746451155803556,1.5180552878362281,Student Visa,Blue Card,None,0.8308444015917597,1
Russia,Canada,Law,-1.7390668301305912,No,Job Opportunities,-2.4186731281043454,2.1879710346630055,F1,Blue Card,PTE,-0.2826502746437244,0
Ireland,Ireland,Natural Sciences,-0.9259382540716197,Yes,Job Opportunities,-0.7699255414063936,-1.2569515033547838,Tier 4,OPT,IELTS,1.3095670790250953,1
Germany,Russia,Arts,-0.013992021552826273,Yes,Job Opportunities,-0.01434414929248381,-0.46454646762777024,J1,OPT,TOEFL,-2.44179996569129,1
India,UAE,Medicine,0.0808579558641335,Yes,Job Opportunities,-0.7806979574167988,1.6968194189596693,J1,Work Permit,Duolingo,1.4073701232253715,0
UAE,Ireland,Law,-1.838611894277393,No,Scholarship,-1.6755381004186372,-0.014287466465807214,J1,PSW,TOEFL,0.6420157116044354,1
UK,UAE,Law,0.885965451018326,Yes,Scholarship,0.7648637639940166,-1.0588239305976617,F1,PSW,IELTS,-0.1509619520369558,0
Canada,India,Social Sciences,-0.05539786117213302,Yes,Scholarship,-0.7792668372405964,0.09824480394407643,Study Permit,Work Permit,Duolingo,0.7002804909545906,1
USA,India,Social Sciences,1.77238831170064,No,Higher Ranking,1.6259789993886555,-0.2505184165294752,F1,Work Permit,PTE,1.2556675629376581,0
Finland,UK,Medicine,-1.8332602597947802,No,Higher Ranking,-1.4737553471000366,-1.0450651769285093,Student Visa,Work Permit,Duolingo,0.9815897701719494,0
Canada,Germany,Social Sciences,0.03233818413668566,No,Higher Ranking,-0.012858452741498046,-1.4562083334818896,Student Visa,OPT,TOEFL,-0.12950616102853807,0
Canada,UAE,Engineering,-0.006010267533453486,No,Job Opportunities,0.006480124419348601,1.5603329349090445,F1,Post-Study Visa,Duolingo,1.1303308023175884,1
UK,South Africa,Law,-0.039463216969658606,Yes,Quality of Life,0.651217913371375,-2.2130120914734723,Student Visa,PSW,None,-2.506764065491351,1
USA,South Africa,Law,0.8626568471029843,No,Job Opportunities,-0.01900769206933076,0.9219384002506088,Study Permit,Blue Card,PTE,0.6497706378187315,1
USA,Finland,Medicine,1.759006025355119,No,Political Stability,1.6297052461288324,-0.2608757468080558,Schengen Student Visa,OPT,PTE,-2.4577433700211766,1
Canada,USA,Natural Sciences,0.9500508315250958,Yes,Political Stability,1.5836360664381153,1.6765760083155739,F1,PSW,Duolingo,0.30557960091260683,1
Ireland,UK,Business,-0.06423897230126308,Yes,Quality of Life,-0.7603216595696776,0.3309105078918203,Schengen Student Visa,Blue Card,IELTS,0.27819523038348154,0
USA,Russia,Medicine,0.9405407928167007,Yes,Higher Ranking,1.4929082455052778,-0.08707522302907142,Study Permit,Post-Study Visa,Duolingo,-0.08338314362647911,0
USA,Canada,Business,0.02564521279475472,Yes,Higher Ranking,0.030664989809485194,0.8967650312927888,Tier 4,Blue Card,TOEFL,0.3855800046591,1
USA,UK,Medicine,-0.9151853631756051,Yes,Higher Ranking,-0.02375685369231145,-0.9786538256988176,Study Permit,PSW,Duolingo,0.2480458902052476,1
Russia,India,Natural Sciences,-1.8804120885624827,Yes,Job Opportunities,-2.4227650702887433,1.3298682618508837,Schengen Student Visa,Post-Study Visa,None,-2.5737141591945427,0
South Africa,South Africa,Business,-1.7967254754284627,No,Scholarship,-2.3797781181395345,-0.6211410279670257,F1,Work Permit,TOEFL,0.0655735724765173,0
Canada,UAE,Computer Science,-0.03185688921692321,No,Scholarship,-0.05586377951118948,0.42575344926727804,F1,Work Permit,Duolingo,0.5356975418810968,1
India,UAE,Law,0.006009095711034711,Yes,Quality of Life,0.03416506635077651,-1.0320939911751663,F1,Work Permit,PTE,-0.17798147409164009,1
USA,Canada,Engineering,0.9443253046584386,Yes,Quality of Life,0.7301353159387589,1.6683495503176677,Schengen Student Visa,PSW,TOEFL,-2.4241911893395347,1
Finland,Finland,Natural Sciences,-1.7652966323429369,Yes,Scholarship,-2.2857545163921897,2.11000163953658,Tier 4,Blue Card,Duolingo,0.8630398267918489,1
Germany,UK,Social Sciences,1.0075863521682762,Yes,Higher Ranking,1.424013282509008,1.2631099708817088,J1,Work Permit,PTE,0.10893352055998244,0
India,USA,Medicine,0.8896994673828661,Yes,Job Opportunities,1.5217776411398245,-2.2239452088182925,J1,Work Permit,TOEFL,1.1120197183347547,1
Germany,Germany,Law,-1.8101829393642181,Yes,Political Stability,-2.376541079011382,-1.2066931844274185,Schengen Student Visa,OPT,Duolingo,0.02462773518082107,0
India,Russia,Business,-0.8840577037418811,Yes,Higher Ranking,-1.6322058430548598,1.4338974318946935,Tier 4,Blue Card,Duolingo,0.8044394302536693,0
Ireland,Russia,Social Sciences,1.80554515405371,No,Scholarship,2.3380052934557805,1.682034144088581,Study Permit,PSW,PTE,-0.04849401435126226,0
USA,USA,Medicine,0.9008706053302948,Yes,Job Opportunities,-0.013922919296545083,-0.8505327154539956,Schengen Student Visa,Work Permit,TOEFL,1.0701659515187862,0
UK,South Africa,Arts,-1.7916624977214364,No,Job Opportunities,-2.3082579832408285,-0.50178650854201,F1,Blue Card,None,-2.541417733533459,1
Germany,South Africa,Computer Science,1.0098336813048878,Yes,Political Stability,0.7923211944220108,-0.7111972795016194,Schengen Student Visa,Work Permit,Duolingo,0.1512425231162792,0
Canada,South Africa,Medicine,-0.9208628805891749,No,Scholarship,0.09612272064770662,-2.0855729103288523,Study Permit,OPT,PTE,0.9247713948817565,0
South Africa,Russia,Arts,-0.9374968227975148,Yes,Scholarship,-1.6005585063548013,-0.8795611941208525,J1,OPT,TOEFL,0.061370301881684776,0
USA,Finland,Social Sciences,-0.0443585792176949,Yes,Job Opportunities,0.7376043488404567,-1.2785856735414176,J1,Blue Card,TOEFL,-2.4707594801714596,0
UAE,Finland,Arts,0.9231580091429488,Yes,Job Opportunities,-0.15178611555694535,-1.98636345816144,Student Visa,OPT,PTE,1.353529263509047,1
South Africa,UK,Law,-0.8532517781501022,Yes,Quality of Life,-0.8239838216731861,-2.2103821059356914,Student Visa,Post-Study Visa,PTE,1.2957165303149725,0
USA,South Africa,Engineering,0.8669727845761991,Yes,Higher Ranking,0.7617728197216828,-1.0923612318673046,J1,OPT,None,0.07632555541096223,0
Ireland,South Africa,Medicine,0.8532176398244926,Yes,Job Opportunities,1.570809413692494,-1.3875904614516281,Study Permit,PSW,PTE,-0.13581195282274022,1
Ireland,UAE,Social Sciences,0.9269945383505019,Yes,Higher Ranking,0.09794566024800681,1.7433803901972105,J1,Work Permit,TOEFL,0.4461800044472147,1
Ireland,USA,Law,0.007859750923930384,Yes,Higher Ranking,0.7664963870409519,0.9221311354910952,Student Visa,Post-Study Visa,TOEFL,0.8430536519369726,1
Ireland,South Africa,Social Sciences,-1.0073460337441875,Yes,Political Stability,-1.580414257907882,-0.6949661520979804,Tier 4,Post-Study Visa,None,-2.5237875915020638,1
Russia,Germany,Natural Sciences,0.9142362735817704,No,Scholarship,-0.1057686496922541,1.0710282517666694,J1,OPT,None,-2.472795691683337,0
USA,USA,Social Sciences,1.0150630005254946,Yes,Job Opportunities,-0.0015482752137851892,0.9328399567043886,Tier 4,Work Permit,TOEFL,0.16646554382400688,0
UK,USA,Engineering,-0.8807604989726889,Yes,Higher Ranking,0.003876123366588869,-0.5836494725525422,Schengen Student Visa,OPT,Duolingo,0.32288391288643614,0
India,UAE,Computer Science,1.7681204122517553,No,Quality of Life,2.3235567522352194,1.9367379251354624,Schengen Student Visa,Work Permit,None,-2.470177833528024,1
Canada,Russia,Medicine,-1.815181184531894,Yes,Scholarship,-0.8464785889443439,-1.756344104489933,Schengen Student Visa,PSW,TOEFL,0.9042505917214834,0
UK,UAE,Natural Sciences,1.8519370304158886,Yes,Quality of Life,1.6475775435938178,-2.094319865100762,J1,OPT,IELTS,-0.0684320475583372,0
UAE,Germany,Medicine,-1.8092420060885337,Yes,Scholarship,-1.603491012585712,-2.1258713679186165,F1,Work Permit,None,-2.516952925674147,0
Ireland,USA,Law,-0.08823669085294356,No,Scholarship,0.6936419069270818,0.08673346820601674,F1,Post-Study Visa,TOEFL,-2.476608344614432,0
Russia,South Africa,Engineering,0.9357584584742582,Yes,Quality of Life,-0.031875237306359036,-2.044038259403467,Study Permit,PSW,TOEFL,1.2147311442824495,0
Canada,Germany,Social Sciences,-1.782828629948142,No,Higher Ranking,-1.521505111898372,1.4727758016366337,Schengen Student Visa,Post-Study Visa,Duolingo,1.016190628508157,0
India,UAE,Social Sciences,-1.8802926025072382,No,Quality of Life,-0.7948077024933157,0.6475090749779849,Schengen Student Visa,Blue Card,None,-0.03274573221344176,1
South Africa,UAE,Arts,0.8313433714208558,Yes,Political Stability,-0.005866089706139199,-0.6070773611681466,J1,Post-Study Visa,IELTS,0.4525590327686675,0
UAE,Germany,Medicine,1.8104718527481511,No,Job Opportunities,2.3283601896606463,0.9747299065144168,J1,Work Permit,PTE,0.3598471604403973,0
India,Finland,Business,-0.9328164541220705,No,Quality of Life,-1.6893713209109897,-0.027060710236111455,Study Permit,Post-Study Visa,PTE,0.8972223953040668,1
USA,Ireland,Natural Sciences,-0.9893694449755981,Yes,Quality of Life,-0.05186300425137304,0.033324972654637276,Schengen Student Visa,Post-Study Visa,IELTS,0.5385073462105906,1
Russia,South Africa,Natural Sciences,-0.8929432760688156,No,Quality of Life,-0.08048193658513397,-0.9816002811474922,Student Visa,OPT,Duolingo,0.9623735269928496,1
India,UAE,Arts,1.0482789810991604,Yes,Higher Ranking,0.7245301064661968,-1.8452546525983082,Tier 4,Work Permit,Duolingo,0.6131849930676612,0
UK,UK,Law,1.7714813626092922,No,Job Opportunities,2.2774284453727507,-0.5797308360616398,Schengen Student Visa,OPT,None,-2.4174196221893514,0
South Africa,Russia,Social Sciences,1.859819814055389,No,Higher Ranking,0.7014717702425268,-1.0034991003976774,J1,Work Permit,Duolingo,-2.445836986483622,0
Finland,Finland,Medicine,1.829898495622916,No,Higher Ranking,2.2910489482748573,-0.8243965143820432,Student Visa,Blue Card,PTE,0.8829314488445613,0
Canada,UAE,Natural Sciences,1.827600707130194,Yes,Political Stability,0.8248787999001135,0.9371592859234746,Study Permit,OPT,TOEFL,-2.5355212312489983,0
Finland,Canada,Law,-0.9501667440479918,Yes,Scholarship,-1.59897465987203,1.9230064580265953,Study Permit,Post-Study Visa,IELTS,-2.4545605778762956,0
UK,Germany,Engineering,1.8479987325138814,No,Quality of Life,0.889200458463599,1.9340642465076523,Study Permit,Work Permit,Duolingo,-2.512228908521994,1
India,UAE,Business,-0.949099180410505,Yes,Political Stability,-0.04166913147028114,2.069004584016988,F1,Post-Study Visa,PTE,0.9929167978756159,1
Russia,Ireland,Business,-0.9287080732664663,Yes,Job Opportunities,-0.07677195660289439,0.39148342962850385,Schengen Student Visa,Blue Card,IELTS,-0.24644139259779502,0
Germany,India,Business,1.8046989791507142,Yes,Quality of Life,1.4772808293325788,1.8674374763583355,Tier 4,PSW,TOEFL,0.339676571204866,0
Germany,UK,Medicine,1.7189576625120273,No,Political Stability,2.29309502500755,-1.006161112881514,J1,PSW,IELTS,-0.2687103735362371,0
India,USA,Computer Science,0.8077712771666307,Yes,Job Opportunities,1.615051652204077,1.0526015246366462,J1,PSW,Duolingo,0.26791377005185957,1
Canada,India,Arts,0.9287902178622452,No,Higher Ranking,1.5558841502533594,1.2234020937996026,Tier 4,Blue Card,TOEFL,0.6737598542865548,0
Ireland,Germany,Law,-0.9200636802842745,No,Higher Ranking,-0.7928330125786651,1.6089744563267534,F1,Work Permit,TOEFL,0.47363330712124496,0
Finland,Canada,Business,0.9214671262016525,Yes,Quality of Life,1.5177699885674822,-0.15110806791356332,Student Visa,OPT,TOEFL,0.2929576460162538,1
South Africa,Germany,Medicine,-1.9156788138753025,Yes,Scholarship,-1.6135260802059888,-1.027413433311905,F1,OPT,Duolingo,0.998329647982464,1
USA,Russia,Arts,1.7724731263448292,Yes,Quality of Life,2.278101854551313,-0.41954378516076574,Tier 4,Blue Card,None,-2.464002170901531,0
Ireland,Canada,Medicine,-0.9501395461410007,Yes,Higher Ranking,0.00581269246061291,1.6132462671787358,Student Visa,PSW,IELTS,1.2230190341946319,1
India,Canada,Medicine,-0.9241208229163048,No,Quality of Life,-0.08753269653812229,-1.5928652407132238,J1,Blue Card,None,-2.4903044867493223,0
Germany,USA,Social Sciences,1.8276427390478265,Yes,Scholarship,1.4906121031413027,1.7475853579593235,Student Visa,Post-Study Visa,PTE,0.7969155968292195,1
Russia,Germany,Medicine,-0.02628434407965888,Yes,Quality of Life,-0.056411764245419785,-1.1566183969639687,Student Visa,Post-Study Visa,IELTS,0.2587453792214604,1
South Africa,South Africa,Natural Sciences,-0.036487665111370894,Yes,Higher Ranking,0.8025350766607604,0.34386009729424655,Student Visa,Work Permit,TOEFL,1.27304010085013,1
Finland,USA,Natural Sciences,0.7919092420212195,No,Job Opportunities,1.5492486462225348,0.2883030041789105,Study Permit,OPT,IELTS,1.4429672624320746,1
UAE,India,Arts,-0.8954258498539305,Yes,Political Stability,-1.5566656245839219,1.8979287125646436,Schengen Student Visa,Blue Card,PTE,1.2484063784723787,1
South Africa,Russia,Computer Science,-1.901665416418206,No,Job Opportunities,-0.8249757198597408,-1.781957650948951,Tier 4,Blue Card,IELTS,0.09239134807640825,1
UAE,USA,Social Sciences,-1.8398328016168608,Yes,Job Opportunities,-0.7819805079449179,-0.09512631542669754,J1,PSW,IELTS,1.4171749008526535,1
India,UAE,Computer Science,-1.8231958285202063,Yes,Job Opportunities,-1.5250040567653353,-0.019381462575353663,Schengen Student Visa,Work Permit,IELTS,1.1240843756709216,0
USA,Finland,Law,0.9490272912600278,Yes,Scholarship,0.715960407936251,0.785319551532364,Schengen Student Visa,Post-Study Visa,Duolingo,-0.048527053305935125,0
Germany,UK,Law,1.8733066547937027,Yes,Job Opportunities,2.4675675770923915,-1.037607617543296,Study Permit,PSW,IELTS,-0.061063409284672486,1
Finland,UAE,Arts,0.8858689467823707,Yes,Scholarship,0.7545758286988423,2.2500446961903053,J1,OPT,IELTS,0.15096066887165427,1
South Africa,Canada,Arts,1.7847126016839427,Yes,Job Opportunities,2.2269464521084616,-0.3795843715142589,Study Permit,OPT,Duolingo,0.48540024226045037,1
India,USA,Medicine,-0.9214940626642228,Yes,Scholarship,-1.565050980754237,0.052661674464686205,Study Permit,Work Permit,None,0.48398178991102797,0
Germany,Finland,Medicine,-0.013431116627266754,No,Quality of Life,-0.01955032732115301,-1.1938968903919318,Tier 4,Work Permit,PTE,0.38391516296519235,0
Russia,USA,Law,0.025470412959519052,Yes,Political Stability,0.0952871988036348,1.475117784712227,Tier 4,Work Permit,IELTS,1.197408770457647,0
Germany,Russia,Business,1.8514571594773725,Yes,Scholarship,0.6916556404890878,0.36909289774298804,Student Visa,Post-Study Visa,IELTS,1.165931189780298,0
USA,Canada,Engineering,-0.03189540908289767,Yes,Job Opportunities,0.7458949417308001,1.5106987023190215,Study Permit,Work Permit,Duolingo,1.476282447759707,0
UK,UK,Engineering,-0.9201216652861813,No,Quality of Life,-0.031460114544710836,1.6173322466671516,Tier 4,Post-Study Visa,None,0.8871861564876354,1
Ireland,Russia,Computer Science,1.8666453609887272,Yes,Higher Ranking,2.3591051616632894,-2.2707712459317513,Tier 4,OPT,IELTS,0.09781876097880707,0
India,Ireland,Law,1.7910363620802112,No,Quality of Life,0.7870021030541575,-0.43709322579813015,Schengen Student Visa,PSW,None,-2.5087184191808,0
UK,Ireland,Social Sciences,-0.8950550883948966,No,Job Opportunities,-1.5147012714313397,-0.07200389936590357,Student Visa,Work Permit,TOEFL,1.3773798434107267,1
India,South Africa,Medicine,-0.8719324470999313,No,Political Stability,-0.011519378734934365,-2.253791667942853,Tier 4,Work Permit,TOEFL,1.3769935373978204,1
India,Russia,Medicine,0.8535592451723113,Yes,Political Stability,-0.003357149827690288,-1.4412945164244642,F1,Blue Card,None,0.8100920002222634,1
India,Russia,Business,1.8418130899341008,No,Political Stability,2.3752619031474116,-2.1131422175143095,Study Permit,Post-Study Visa,TOEFL,-0.17603664781606748,1
Germany,Finland,Social Sciences,1.7991292737973055,Yes,Higher Ranking,2.323584149393543,-0.9460119055524102,J1,Blue Card,TOEFL,0.46560405232698404,1
Finland,Ireland,Computer Science,-1.8533382187422784,Yes,Quality of Life,-1.536712687220275,0.9175681923366439,Study Permit,Post-Study Visa,None,-2.5219676109670695,0
Ireland,UAE,Computer Science,-1.8452605368868795,No,Higher Ranking,-1.5639917041212248,1.4895198466851567,Student Visa,Blue Card,Duolingo,0.09814814610219254,1
Russia,Ireland,Natural Sciences,-0.904261921589369,Yes,Scholarship,-0.036787282070004604,-0.8836162075750781,Schengen Student Visa,OPT,IELTS,0.44281880112348,1
South Africa,Russia,Business,-1.8562924728298966,No,Political Stability,-0.7909616656537125,-1.3663405758171538,Study Permit,Blue Card,Duolingo,0.6311316082164259,0
Germany,USA,Natural Sciences,-1.8839107657504417,Yes,Scholarship,-1.5280518508042173,-2.0467090703590674,Study Permit,Work Permit,PTE,-2.4807747937048257,0
India,UK,Social Sciences,0.8526266832389141,Yes,Higher Ranking,1.486005822298045,-1.2196200378963435,F1,Blue Card,IELTS,0.4726860480304997,0
Russia,USA,Social Sciences,0.8395101926580664,No,Higher Ranking,1.5018459741406702,1.7578669152885367,Schengen Student Visa,PSW,None,-2.458734802411896,1
India,Finland,Medicine,-1.8035105231536492,Yes,Higher Ranking,-1.490504060246767,-0.014486515292654989,Schengen Student Visa,Work Permit,Duolingo,0.5299259189994032,0
USA,India,Arts,1.8548622809210606,Yes,Job Opportunities,2.37729207178918,-0.9034998083867628,Student Visa,Blue Card,PTE,-0.020855122294103384,0
India,South Africa,Computer Science,-1.860051240884617,No,Job Opportunities,-1.5368997928621086,2.074758842604163,Schengen Student Visa,Work Permit,IELTS,0.19424836110609447,0
Russia,South Africa,Social Sciences,-0.021061695255886553,No,Job Opportunities,0.7757808916513359,-0.7715719731061423,Schengen Student Visa,Blue Card,TOEFL,1.277874084741969,1
South Africa,UK,Computer Science,0.9291183250887621,No,Job Opportunities,0.0026851849574166045,0.2845283925005528,Student Visa,Post-Study Visa,IELTS,-2.5098346169947643,0
India,Finland,Medicine,-1.805959314857917,No,Political Stability,-2.384787807411357,0.6423490084432574,J1,Post-Study Visa,IELTS,1.2930587274296108,1
UAE,Canada,Natural Sciences,-0.8505909033472148,Yes,Quality of Life,-0.007275325929914171,1.4823283230331454,F1,PSW,None,-2.4642620342974464,0
Ireland,Canada,Arts,0.9474586492648046,Yes,Scholarship,0.02715513635205655,-0.8590154185398472,Student Visa,Work Permit,Duolingo,0.1527406684723255,0
India,Canada,Natural Sciences,1.9427321496884857,No,Scholarship,2.3282063135045594,1.4406604945645625,J1,Blue Card,Duolingo,1.1992368441583452,0
USA,India,Natural Sciences,-1.9327454487100602,Yes,Political Stability,-0.8872473751356614,0.8423918233679669,Tier 4,Post-Study Visa,TOEFL,0.07291268544507759,0
Germany,UK,Medicine,1.8056017355792904,No,Scholarship,1.4938843595673337,-1.015359230228189,Tier 4,Work Permit,IELTS,1.002406353721383,1
South Africa,Canada,Medicine,0.9016442337687535,No,Quality of Life,0.03017241401979141,1.4527518161631436,Schengen Student Visa,PSW,IELTS,0.4289598359996154,0
USA,Canada,Engineering,-1.9110850080204642,Yes,Higher Ranking,-1.588507851535126,1.4396142945708819,Tier 4,Work Permit,IELTS,1.019075352922857,0
India,UAE,Computer Science,0.04119237100821918,No,Scholarship,-0.8122407554261669,-1.3770289058658518,Schengen Student Visa,PSW,TOEFL,0.497375982483616,0
Russia,South Africa,Medicine,-0.08786554601516171,Yes,Quality of Life,-0.099754007439968,0.6000219418135571,F1,Work Permit,IELTS,1.043152256790006,1
USA,Canada,Natural Sciences,0.8877042112823567,No,Higher Ranking,0.713128972390084,1.4978930031553352,Schengen Student Visa,Blue Card,None,-2.466020706070884,0
Ireland,USA,Social Sciences,-0.9064588609809401,No,Political Stability,-1.664353469498505,-1.7358318141941682,F1,Post-Study Visa,None,-2.4117320084687535,0
South Africa,South Africa,Computer Science,-0.9473974115871133,No,Higher Ranking,-0.7677195569590853,0.30855080953253106,F1,OPT,PTE,-2.5391289108772814,1
South Africa,Russia,Arts,0.03912774753029321,Yes,Job Opportunities,-0.0631856271398394,0.6829743998373876,Study Permit,OPT,IELTS,1.332908330582101,0
Germany,UAE,Social Sciences,-1.9161339030446998,Yes,Higher Ranking,-2.3832605843430366,0.4657869988351633,Schengen Student Visa,Work Permit,None,-2.4449100666181125,1
Germany,UK,Medicine,0.9134329977928723,Yes,Quality of Life,0.7559591061278724,-2.0674116827979074,Study Permit,PSW,IELTS,1.0486645399650372,0
Russia,South Africa,Business,1.874640317124788,No,Political Stability,2.2823801985439163,-1.7977438813140227,F1,Post-Study Visa,PTE,1.492988921633481,0
Canada,South Africa,Law,-1.8521776948794122,Yes,Quality of Life,-1.5954063565804677,0.2974597596857588,Tier 4,Post-Study Visa,PTE,0.5121951683411585,0
Canada,USA,Medicine,-0.016259483229844777,No,Political Stability,0.7425098250620699,-1.9849997277521787,J1,OPT,TOEFL,0.31692839087903063,0
India,Ireland,Computer Science,-0.9140745699422419,Yes,Scholarship,-1.6345462086181275,1.0141196855640167,J1,Blue Card,TOEFL,1.0630121272018507,0
UK,Germany,Medicine,0.8322230225622107,No,Higher Ranking,0.8038919945909081,1.7658970292176084,Student Visa,PSW,IELTS,0.5535778102411664,0
Russia,India,Medicine,-1.8738466728939567,No,Job Opportunities,-0.7779391001408412,1.7105642668238228,J1,OPT,TOEFL,-2.6340279244681115,0
India,USA,Law,-1.9398451387593794,Yes,Scholarship,-0.7699605687069566,-2.080327943481032,Study Permit,Blue Card,None,-2.4402152673555983,1
Russia,India,Engineering,-0.11411726686961142,Yes,Scholarship,-0.062076056771711643,-0.08943881370132546,Study Permit,PSW,IELTS,0.5075796475993704,0
Russia,UK,Law,0.03787897790333885,Yes,Higher Ranking,0.7543091662281197,0.16666837390467826,Schengen Student Visa,OPT,PTE,1.3847444407536371,1
Ireland,Russia,Business,-0.9537405272730238,No,Scholarship,-0.8097642319163914,0.881475789612699,Study Permit,Work Permit,PTE,0.32746008274246,1
Germany,Ireland,Law,1.800033701224081,Yes,Scholarship,2.380440114031032,0.862466687538828,Schengen Student Visa,OPT,None,-0.13851655062575324,0
India,UK,Social Sciences,-0.8734135109538427,Yes,Quality of Life,-0.862611876011229,-1.2443473721920848,Tier 4,Work Permit,TOEFL,0.8433805130944829,1
Ireland,UK,Law,0.06278272875647949,Yes,Quality of Life,-0.7786443131788865,-1.2473272135872244,F1,Blue Card,Duolingo,0.8809706268701274,1
Ireland,Canada,Engineering,-0.9317521536692699,Yes,Job Opportunities,-0.842968020729575,1.5372118161688577,Student Visa,Blue Card,TOEFL,0.5852987446974421,0
Ireland,Canada,Computer Science,0.9461192121579652,Yes,Scholarship,0.8447387539353908,0.8826011151818844,J1,OPT,None,-2.522809339199628,0
UAE,UK,Social Sciences,0.8610470612913995,Yes,Scholarship,0.7568525250277426,1.276537742353149,Study Permit,Blue Card,PTE,0.42661823050187825,1
Canada,UK,Computer Science,0.8647941321717427,No,Quality of Life,1.6140003028778145,0.8195996201212348,J1,Post-Study Visa,None,-2.5133289839339423,1
UAE,Ireland,Natural Sciences,-0.009333833353833523,Yes,Scholarship,-0.023051287146196333,-1.2604227197572841,F1,Post-Study Visa,IELTS,0.007362078122255205,1
Russia,UAE,Social Sciences,0.9100087860235673,Yes,Scholarship,0.7793761263150352,1.3408939559136968,Tier 4,Blue Card,PTE,0.00895641364246061,0
UAE,Canada,Natural Sciences,1.8263560350794696,No,Political Stability,0.8616677382417678,-1.1672540050446067,F1,Blue Card,None,-0.0013552467349866593,0
UK,UAE,Arts,1.8333093074920292,Yes,Political Stability,2.3006028839681507,1.7841866477053812,Student Visa,Work Permit,IELTS,0.9041887420656095,1
Russia,USA,Computer Science,-0.08291849908734648,No,Political Stability,0.791752873032923,-0.8591933305893726,J1,PSW,TOEFL,-0.21439860179887518,0
USA,UK,Social Sciences,-0.9253237057674443,Yes,Quality of Life,-0.0490770494819047,-0.08240898569067491,Study Permit,Work Permit,Duolingo,1.217622476983462,1
Ireland,South Africa,Medicine,-0.9544195840298535,No,Quality of Life,0.0026835898024922464,1.8528740462298823,Study Permit,Post-Study Visa,TOEFL,0.018366424319947464,0
Ireland,India,Engineering,-0.9071302535740291,No,Higher Ranking,-0.8368560223398777,-1.8960654192492898,Tier 4,PSW,Duolingo,-0.1672576954732733,1
Germany,Russia,Social Sciences,9.122056816149651e-05,Yes,Scholarship,0.7893583866676235,-0.1280436076129011,Student Visa,Work Permit,PTE,0.877648285543184,0
Finland,India,Medicine,-1.842605863003663,No,Political Stability,-1.6060601607028888,-0.20335539769631686,F1,Post-Study Visa,IELTS,-0.20936164638784324,1
Canada,Germany,Engineering,-0.8757212139966774,Yes,Quality of Life,-0.7982705294727277,-0.43412081834458066,F1,Work Permit,None,-2.445303581114711,0
UAE,Finland,Social Sciences,-0.03607413304122036,No,Political Stability,-0.03242456606653672,-1.5387075530689018,Student Visa,Blue Card,IELTS,1.1259436991187057,0
Ireland,Germany,Business,-1.808149975596737,Yes,Higher Ranking,-0.6430975800068659,-0.7151331753221605,J1,PSW,IELTS,1.322184666347067,0
Germany,USA,Natural Sciences,1.719327472847526,No,Higher Ranking,2.204933824704686,2.06517419935173,J1,Post-Study Visa,None,-2.453080267008911,1
UAE,Finland,Social Sciences,0.9186001717142027,No,Job Opportunities,1.5425489863662933,1.5932071997675976,Tier 4,PSW,TOEFL,0.9984196085184488,0
Germany,South Africa,Computer Science,-0.9049282565354947,No,Political Stability,-1.5515581547995643,0.18755662555311362,J1,PSW,IELTS,1.123818486358538,1
Ireland,India,Engineering,0.8964908109965002,No,Quality of Life,1.605971651293107,-1.848193449141887,F1,OPT,Duolingo,-2.530832531679586,1
Germany,Germany,Law,1.8007814706620906,No,Quality of Life,1.4993210347960004,-0.881020040465101,Study Permit,Blue Card,None,-2.429988852562372,0
UK,Germany,Law,-0.8703218120794509,No,Higher Ranking,-1.6056742483205917,1.0085373073754222,F1,PSW,None,-2.429570710414046,1
Russia,Finland,Law,-1.727354425494966,No,Political Stability,-1.5780009280297482,1.5638719832145935,J1,Work Permit,IELTS,0.5786695989949394,0
South Africa,South Africa,Computer Science,0.8398911453336478,No,Higher Ranking,0.019738885569845297,-1.9656971447539384,Student Visa,Work Permit,None,0.0466665629184409,1
Finland,South Africa,Social Sciences,-1.9860301249137946,No,Higher Ranking,-0.8183766987945158,1.3754733267724757,Schengen Student Visa,Work Permit,Duolingo,1.0592097840307335,1
UK,UAE,Social Sciences,-0.05150464247562947,No,Political Stability,0.6071728081581527,-1.4028075062447558,F1,OPT,IELTS,0.1953244457538418,0
India,UAE,Engineering,-1.7742331631511203,No,Higher Ranking,-2.3685482497186006,0.7669555967275881,Student Visa,Blue Card,Duolingo,0.16602974227569056,0
UAE,Finland,Natural Sciences,0.04566585957058701,Yes,Job Opportunities,-0.7977213302283417,-1.1876134324674612,Student Visa,PSW,Duolingo,-0.14141424839750827,1
USA,Ireland,Social Sciences,1.8096954806570298,No,Scholarship,2.355089438118499,0.7179017655336102,Study Permit,Work Permit,PTE,1.4932776817466342,0
Russia,Canada,Social Sciences,-1.8434174394166083,No,Higher Ranking,-1.550319388699375,2.0258063552471004,Student Visa,PSW,TOEFL,0.38393490560958976,0
Germany,Germany,Natural Sciences,1.8546077793333458,No,Higher Ranking,0.8003303513791113,0.9545712954972544,Student Visa,Work Permit,Duolingo,0.8328111647047851,1
UAE,Finland,Engineering,-0.000824110218643849,No,Quality of Life,-0.838408465486743,-0.7286426504604189,Study Permit,OPT,Duolingo,0.44342537627653966,1
Ireland,UAE,Social Sciences,1.7713722753510546,No,Political Stability,0.7792818853111961,0.9470868351166316,J1,Work Permit,PTE,1.48229761322884,1
USA,South Africa,Social Sciences,0.001420368486829358,Yes,Job Opportunities,0.0013256393345123033,-1.826552623294869,Study Permit,Blue Card,Duolingo,0.0569240483843704,0
South Africa,UAE,Social Sciences,-0.9638754088548778,Yes,Quality of Life,0.05214909100393522,0.46896471930631595,Study Permit,Post-Study Visa,IELTS,-0.041125221816552426,0
Canada,South Africa,Medicine,1.761001049003346,Yes,Job Opportunities,2.2924712756702346,-0.35252082904544185,F1,OPT,IELTS,0.13590479596040717,0
UK,Finland,Engineering,1.8498448380821466,No,Higher Ranking,0.8213344251077407,0.4854608412197998,Study Permit,OPT,None,0.704729587246325,0
India,South Africa,Engineering,1.8992830235851377,Yes,Job Opportunities,1.609562748612805,-1.9621668262230814,Tier 4,Post-Study Visa,PTE,0.19903087767300653,0
Russia,India,Social Sciences,0.9127013355019109,No,Job Opportunities,1.4686305294241002,-0.766568941099502,Schengen Student Visa,PSW,IELTS,0.7891954793210421,1
Germany,UK,Natural Sciences,1.7981527306868779,No,Political Stability,0.8078302278718128,-1.3202473105842427,Schengen Student Visa,OPT,Duolingo,1.1349192837097564,0
UK,USA,Law,0.8725009157429362,Yes,Higher Ranking,-0.038360732613601484,1.4397902247020749,F1,OPT,IELTS,-2.422762725824831,1
UAE,UK,Law,-0.8630391267910614,No,Higher Ranking,-1.5437249186793298,0.31177624683346383,Study Permit,Blue Card,Duolingo,0.081541190531893,1
India,Ireland,Social Sciences,1.8174822230736973,Yes,Scholarship,2.3482728087017906,-0.2947853287275351,Student Visa,Work Permit,IELTS,0.2705135814950148,1
Canada,Germany,Law,-0.9623052980787713,Yes,Scholarship,-1.5174031952926414,-0.9540099161760103,Study Permit,Post-Study Visa,PTE,1.0594859750530679,1
Ireland,Germany,Natural Sciences,-0.013482180820672582,No,Quality of Life,0.04393680904061627,-2.0413671660102217,Tier 4,Work Permit,TOEFL,-0.27493486383191623,1
South Africa,UK,Computer Science,-1.757097784568409,Yes,Higher Ranking,-2.3792681943084824,-2.02489796038155,F1,Work Permit,IELTS,0.17338194541622765,0
Canada,USA,Computer Science,-1.0352744920703567,No,Scholarship,-1.5096967144046625,-0.44521592071939636,Schengen Student Visa,Post-Study Visa,None,-2.463581046563318,1
UK,USA,Law,-1.0028053247895858,Yes,Job Opportunities,-1.6039488364707821,-0.19630676601747488,Study Permit,PSW,PTE,1.3023672718339705,0
Canada,UAE,Law,0.11871579463662847,Yes,Political Stability,-0.8192076843208698,-1.8797239912564434,Schengen Student Visa,PSW,IELTS,0.9718236843072311,1
Ireland,USA,Arts,-0.005358877965620531,No,Scholarship,0.01770677521251571,-0.5717470013236802,Study Permit,OPT,None,0.8436332257303512,0
Germany,Canada,Social Sciences,-0.1116319068302184,No,Quality of Life,-0.8283471643220842,1.2664517733999987,Tier 4,OPT,TOEFL,0.5121365949221596,0
Finland,India,Law,-1.8585287415644085,No,Quality of Life,-2.3120336899933247,-1.4018934658029945,Tier 4,PSW,TOEFL,-0.014676149107609138,1
South Africa,Canada,Engineering,1.7292490973782106,No,Higher Ranking,2.2777232361119557,1.0360252985128158,Schengen Student Visa,OPT,Duolingo,0.17344338845399676,1
India,Ireland,Natural Sciences,1.7492756376000047,No,Higher Ranking,0.7081079404207751,1.1775440267275359,Tier 4,Work Permit,IELTS,0.5170487254449192,1
UK,Ireland,Medicine,-0.03522911843406926,No,Job Opportunities,-0.9013377776730135,-2.1349811686106386,Study Permit,OPT,IELTS,1.3760019391557965,1
Ireland,Germany,Business,1.8492936707850036,No,Political Stability,1.537824861822622,-1.466511906133726,F1,Work Permit,Duolingo,-0.05500094062146226,0
Germany,Finland,Engineering,0.9119665126174901,Yes,Quality of Life,0.8297238730786547,0.7614810984587864,Study Permit,OPT,TOEFL,1.080131001425054,1
USA,India,Computer Science,-0.9516579581961137,Yes,Political Stability,-0.7991317729561224,1.2272983223758098,Schengen Student Visa,Blue Card,Duolingo,-0.21567388720531133,1
Canada,India,Natural Sciences,1.8887065466211581,No,Political Stability,2.3328164099514974,-2.188406050570058,J1,Work Permit,TOEFL,-2.4407201371714518,0
USA,Canada,Natural Sciences,0.9236104555602231,Yes,Quality of Life,1.4541112805974723,0.47149917972682703,J1,Post-Study Visa,TOEFL,1.3035329578915846,1
Finland,Russia,Natural Sciences,1.8129437703212237,No,Higher Ranking,0.6811103102444571,2.0997266861505253,Tier 4,OPT,Duolingo,1.0533950799518437,0
UK,UAE,Medicine,-0.9317369280526957,Yes,Political Stability,0.01997172590766805,-0.4828915859553111,J1,Work Permit,IELTS,0.2136609930720845,0
UAE,Germany,Medicine,1.7912864947034328,Yes,Higher Ranking,2.245911421782323,-0.05480041388374186,J1,Work Permit,None,-2.555716146977639,0
Germany,Russia,Law,-0.8942299651834974,No,Higher Ranking,0.10582019129612648,-1.392143319397751,J1,Blue Card,PTE,0.7724127612130535,1
UK,Russia,Arts,-0.12090043999363555,Yes,Quality of Life,-0.044506860406629725,-0.8335918011764841,F1,PSW,PTE,0.3142017590017736,1
USA,Canada,Business,-1.878957468675339,Yes,Higher Ranking,-1.6271738886916407,0.18508347857445184,Tier 4,Blue Card,None,0.07149817122184052,1
UK,UAE,Law,0.01932316052390043,Yes,Scholarship,-0.07357554273694139,2.2966756207942125,J1,PSW,None,-2.507607163991862,0
Russia,UAE,Law,0.8657608429144785,No,Higher Ranking,1.5611307546178868,-1.6711498480239528,Student Visa,PSW,TOEFL,0.09762081846502157,1
South Africa,Russia,Computer Science,-0.9645378785526539,Yes,Scholarship,-1.525525835375692,-1.0763775532817894,Schengen Student Visa,Blue Card,Duolingo,1.4756434259054938,1
UAE,Ireland,Medicine,1.797910327424652,No,Higher Ranking,2.350712151468571,-0.6439378449973101,Study Permit,OPT,None,0.5269695941049708,1
USA,Canada,Social Sciences,0.9556303148675759,No,Quality of Life,0.7526046347440242,-0.8042335070109718,Schengen Student Visa,PSW,Duolingo,0.7331984395201028,0
USA,UK,Arts,0.9069967450208228,Yes,Political Stability,-0.009109266580568674,-0.06499132453923512,Student Visa,Post-Study Visa,IELTS,-0.2231232979734489,0
Germany,USA,Arts,-1.0036028630617184,Yes,Political Stability,-1.5714235670911065,1.5753481953464095,J1,Work Permit,IELTS,-0.16857861601548002,0
Russia,Germany,Medicine,-1.874665782890556,No,Job Opportunities,-2.3120057216155803,0.7422665157949637,Study Permit,OPT,PTE,0.05201905974319055,0
Germany,Russia,Natural Sciences,-1.0196953186594806,Yes,Quality of Life,-0.014928147777056972,-0.38968277084204866,F1,Post-Study Visa,IELTS,0.10893788567274564,0
Germany,Finland,Business,0.005811812274989879,Yes,Scholarship,-0.7050033847545991,0.22475202978484624,Student Visa,Blue Card,PTE,0.7890753154654739,0
USA,UAE,Medicine,1.8419798087280335,No,Political Stability,2.366719584853074,0.6940771324439756,Student Visa,Blue Card,TOEFL,-0.10867662112763882,0
UAE,Ireland,Natural Sciences,0.8934279584649153,Yes,Higher Ranking,-0.0031477117266689066,0.39939591491034043,F1,OPT,TOEFL,-0.07972711586242762,1
UAE,UK,Natural Sciences,-0.0022323462897229623,No,Higher Ranking,-0.021866715526947564,-0.030469107794225694,J1,PSW,Duolingo,-2.4458572887007177,1
Finland,Germany,Social Sciences,1.8537057928201466,Yes,Job Opportunities,2.356697964063284,-0.13865367583853436,Student Visa,Blue Card,PTE,1.1930032753576938,0
Finland,UAE,Arts,1.7897016305132933,No,Political Stability,0.719509768970557,0.16973080491126868,Study Permit,Work Permit,Duolingo,0.6369955735347693,1
USA,Germany,Law,0.027407925962987856,No,Job Opportunities,-0.04999337655045738,-0.1754543445239839,J1,Post-Study Visa,Duolingo,0.4214150242400439,1
USA,South Africa,Arts,0.8737725251786844,Yes,Political Stability,0.10941559925812391,0.3279675958444094,J1,Work Permit,PTE,1.1720734354345075,0
Germany,Russia,Engineering,-0.9284116483471552,No,Higher Ranking,-0.7774702436176435,0.5181284663983472,J1,OPT,IELTS,0.1116423119930681,0
Finland,USA,Social Sciences,-0.8563879872879738,Yes,Scholarship,-0.026113986347858602,1.5558825523193418,Study Permit,PSW,IELTS,0.06380893631539516,0
UAE,India,Business,-0.8852202804197117,No,Political Stability,-0.10644165803249987,1.2817729194661838,Student Visa,OPT,TOEFL,-0.12338041925034074,0
India,India,Computer Science,1.046857841728657,No,Scholarship,1.643581188227617,0.6392337487471927,Student Visa,Blue Card,IELTS,0.013860911352714035,1
India,Canada,Business,-0.035927657509955566,Yes,Job Opportunities,-0.03597558855719299,0.24502884146669954,F1,Work Permit,IELTS,1.114451771140197,1
Ireland,India,Computer Science,-0.9168628523773489,Yes,Quality of Life,-0.8254673041883578,-0.5141388689837632,J1,Work Permit,PTE,0.9443359767398251,0
UAE,UAE,Business,0.856434613294506,Yes,Political Stability,1.5117025197345622,0.06124777826731186,J1,Blue Card,IELTS,0.266163404620021,0
South Africa,South Africa,Business,1.8058012267115677,No,Scholarship,1.6450682439728572,-2.0479115325859762,Student Visa,Work Permit,TOEFL,-0.0961711905348996,0
Canada,India,Social Sciences,-1.7972707101130705,No,Job Opportunities,-1.6279128125117772,1.6504575485184898,Schengen Student Visa,Post-Study Visa,PTE,-2.4778559810858343,1
India,South Africa,Natural Sciences,0.9118720493679822,Yes,Political Stability,0.7666091529255218,0.567220311146185,Study Permit,Work Permit,IELTS,1.391206412526027,0
South Africa,Finland,Business,-0.020711707430759955,No,Quality of Life,0.06259560089218034,-0.32782785612404847,Study Permit,OPT,PTE,0.8935390074010573,1
Ireland,Russia,Arts,1.7822132343884933,No,Higher Ranking,2.3250578547982825,-2.023604863250653,F1,Post-Study Visa,None,-0.15136553989092721,0
Finland,Germany,Computer Science,1.8063153698640309,No,Higher Ranking,2.247267618199635,0.8463070450865439,Schengen Student Visa,Work Permit,IELTS,-2.472158410649776,1
Canada,India,Arts,1.7500902959025393,Yes,Political Stability,1.5358368116944214,-1.5726311100381398,J1,Work Permit,PTE,-0.07921294474612726,0
Canada,Germany,Engineering,0.8626447217693267,No,Higher Ranking,0.7498283982811348,1.3340824388866848,F1,Blue Card,PTE,0.34332480199659765,1
UK,Finland,Social Sciences,-1.8368030149136434,Yes,Quality of Life,-2.3768471184379223,1.5362119222317687,F1,Blue Card,TOEFL,0.23433612157314682,0
Canada,USA,Business,-1.0009061995486634,No,Political Stability,-1.5270228046277852,1.0728109199244442,Study Permit,Blue Card,TOEFL,1.3318642873122635,1
Ireland,Ireland,Medicine,-1.8216405960254245,Yes,Political Stability,-0.6586294100919885,-1.799863911122627,Schengen Student Visa,OPT,IELTS,0.6130573848042882,1
Russia,Ireland,Social Sciences,0.89870821633683,No,Political Stability,0.8153914895886648,-1.1894304006482936,J1,Work Permit,None,-2.491014506110686,0
Ireland,Germany,Social Sciences,-0.016072558700310987,No,Job Opportunities,0.7352188680692258,0.13930361729240404,Student Visa,PSW,None,-2.514110983286678,0
Germany,India,Medicine,-0.035077809262656794,Yes,Job Opportunities,-0.8282924536867136,-2.2514445090478703,Student Visa,PSW,PTE,0.47167801271351534,0
USA,Finland,Business,-1.016129328476633,Yes,Higher Ranking,-0.04524507815048501,0.2063039991510161,F1,Work Permit,PTE,0.7414666487585787,0
Germany,Canada,Arts,-0.9357083326545447,Yes,Higher Ranking,0.05589620949272195,-1.7100861357779922,Student Visa,PSW,None,1.4000080102264352,0
Russia,USA,Engineering,0.8365344418423278,Yes,Quality of Life,1.5104147338677003,-2.097674291176413,F1,PSW,Duolingo,1.2825535182413996,1
Germany,UK,Engineering,-1.8568104773373546,No,Scholarship,-2.3586970112630827,2.0812649191255566,Tier 4,PSW,PTE,-0.11128006585992493,1
Ireland,Finland,Law,0.916989590279845,No,Quality of Life,0.7466308380890417,2.170905414465481,Student Visa,Blue Card,None,-2.4115013901093363,0
USA,Germany,Medicine,1.7282122549023873,No,Political Stability,2.2412342893199693,0.5517506580530749,Tier 4,Post-Study Visa,TOEFL,1.3195823997641194,0
Canada,South Africa,Social Sciences,-1.8760078253168768,Yes,Scholarship,-0.8204256790488155,0.9723827288370285,F1,PSW,None,-2.5014260312906638,1
India,Ireland,Business,1.8531241421472706,Yes,Scholarship,0.7858639534321016,0.47390104805262334,Student Visa,Blue Card,PTE,0.05462338774321557,1
UK,USA,Natural Sciences,-0.0378904710641448,No,Higher Ranking,-0.8640018170631925,-0.35201080236530236,Study Permit,Work Permit,PTE,0.4940937648269802,1
Canada,Ireland,Social Sciences,-0.9218049055565973,No,Political Stability,0.04983317283117483,-0.5455403880565068,Study Permit,Work Permit,PTE,-2.522926574973739,1
Finland,Ireland,Law,1.7816661464569978,Yes,Quality of Life,2.403553304838952,2.0073592827612616,Schengen Student Visa,PSW,TOEFL,0.6927406402510419,1
India,UAE,Engineering,1.8214708626875007,No,Quality of Life,2.3136707840211375,-1.7981595328143358,Schengen Student Visa,PSW,PTE,-0.1592380689087664,1
Canada,UK,Computer Science,-1.9194601287573925,Yes,Scholarship,-0.8530048647627886,-0.8199541052744479,J1,Blue Card,TOEFL,0.44504529874916543,1
USA,Germany,Law,-1.8690665291563298,Yes,Scholarship,-1.6052034792431562,-0.03390986058820739,Schengen Student Visa,PSW,IELTS,-2.5235921858767623,0
South Africa,Russia,Computer Science,1.8071718493759052,No,Political Stability,2.4126543886667875,-1.6169080030610394,F1,OPT,PTE,-2.4699185777879715,1
UK,UAE,Law,-0.8993795716303683,Yes,Quality of Life,-0.021143016687833947,-1.8772801252164049,Tier 4,Blue Card,IELTS,0.7598912265962979,0
Russia,Canada,Business,-1.86249177285211,No,Quality of Life,-0.7817393212641716,1.949916410984019,Student Visa,OPT,TOEFL,1.1738555512400324,0
South Africa,India,Medicine,-1.832951497411191,Yes,Political Stability,-1.6657515564375656,1.0017767307703958,F1,Work Permit,PTE,1.3426588528163785,0
UK,Finland,Medicine,0.8135786050559983,Yes,Higher Ranking,-0.01504531427295361,-1.2565220955765741,Student Visa,OPT,PTE,1.0668963616231286,0
Ireland,USA,Social Sciences,1.8658218858560351,Yes,Quality of Life,0.7624239833824198,-2.1755554873369003,Schengen Student Visa,Blue Card,PTE,0.6801468575497801,1
Germany,UAE,Arts,-0.0779971566909337,No,Higher Ranking,0.003620949660954536,0.38138982032897345,Study Permit,OPT,IELTS,0.08499971706656209,1
UAE,Germany,Social Sciences,0.8346909719518354,No,Higher Ranking,-0.03456464455163915,-1.2513239907984688,Study Permit,OPT,IELTS,0.5019604367317541,1
Finland,UK,Medicine,1.82112294034547,Yes,Job Opportunities,0.7586576799854892,-2.1380647516207167,Study Permit,Work Permit,Duolingo,-2.5846087744376947,0
Finland,Ireland,Engineering,1.8268381879068527,No,Quality of Life,2.2549420484062095,1.8999587201610022,Tier 4,Post-Study Visa,Duolingo,0.8550890195578817,1
Ireland,India,Medicine,0.9093701556570716,Yes,Job Opportunities,0.7714987421351427,-0.5876352984667195,Schengen Student Visa,PSW,None,0.5610821082209797,1
UK,Russia,Law,-0.8885326296700005,Yes,Political Stability,-1.6315255985024812,1.8382489572288383,J1,Post-Study Visa,TOEFL,1.1134247894805072,1
India,Finland,Natural Sciences,1.8560862372480909,No,Scholarship,2.355602046782005,-1.686190219870076,Schengen Student Visa,Work Permit,None,0.9843580003720439,0
Russia,USA,Social Sciences,0.8098103139139575,No,Higher Ranking,1.5282188012861104,1.9593784350859975,J1,PSW,IELTS,0.13412046614432033,0
Russia,UK,Natural Sciences,-0.9502583599214505,No,Higher Ranking,-0.003614643794382401,-0.9197586787218041,Student Visa,OPT,None,-2.5521324809637114,1
Russia,Canada,Engineering,0.007798441849720511,Yes,Quality of Life,-0.7471728070414068,-0.9127205535301799,F1,PSW,None,-2.45826381538103,1
Germany,UAE,Medicine,-0.0015106434986905271,No,Scholarship,0.022963712547692156,-0.1846478360442309,J1,OPT,Duolingo,1.4601714215879453,1
UK,South Africa,Arts,0.7989171920945202,Yes,Quality of Life,1.5438509458431442,1.6717917595922447,Tier 4,PSW,Duolingo,1.0004555447120163,1
USA,Russia,Natural Sciences,-0.9409543204854072,Yes,Scholarship,0.04872374502752562,-0.7821673468561909,F1,Blue Card,PTE,0.57689926895139,0
USA,India,Medicine,0.8808623602133171,No,Job Opportunities,1.5801607425033277,1.1936090716623826,Study Permit,PSW,TOEFL,-2.5578119353975706,0
India,Ireland,Computer Science,-1.8904149931085952,Yes,Higher Ranking,-1.631746951754594,1.2084128132644956,Study Permit,Post-Study Visa,TOEFL,0.5992071255791951,0
Canada,Russia,Law,-1.8222301820504982,Yes,Scholarship,-2.373825667107967,1.7241000264347797,Student Visa,OPT,IELTS,0.41059886847657767,0
Russia,Germany,Natural Sciences,0.8944175923860508,Yes,Scholarship,1.5285719512919376,-0.6369840999373289,Tier 4,PSW,None,0.5367467996167267,1
Germany,USA,Natural Sciences,-0.9669736424382767,No,Higher Ranking,-0.05495960564476511,-1.6970380156108573,Schengen Student Visa,Work Permit,TOEFL,0.4973255251756231,0
Canada,Canada,Medicine,1.7183640418850947,No,Job Opportunities,2.3481901965433027,-1.9868057400944061,Tier 4,OPT,Duolingo,0.3177196342296567,0
India,Finland,Medicine,-1.0065235874132432,No,Higher Ranking,-0.07852326326761867,1.9498668543463156,J1,Work Permit,None,-2.4366257045780872,1
South Africa,Finland,Engineering,-0.936445426818826,No,Scholarship,-0.7952080136130268,-1.8571539309943685,Study Permit,Blue Card,TOEFL,0.47699453439604905,1
Germany,Canada,Business,0.060994786060023724,No,Scholarship,-0.0546996747584621,-1.0913126769840116,J1,OPT,PTE,-2.4345579129576604,1
USA,Ireland,Medicine,-0.04428035899982889,No,Scholarship,-0.03134236958471273,0.5340896954644061,Tier 4,PSW,TOEFL,0.5597255550433435,0
India,South Africa,Medicine,-1.816330634428084,No,Higher Ranking,-2.352984874206011,1.4819137346134188,Schengen Student Visa,PSW,PTE,0.01582977710548617,0
India,USA,Arts,-0.039305211202655295,No,Scholarship,-0.8489553223475079,1.4772489930522181,Student Visa,Work Permit,None,-2.471304621786697,1
Ireland,Germany,Computer Science,-0.9650917113371771,Yes,Scholarship,-0.0002505154833185308,-1.5163200843921951,Study Permit,Post-Study Visa,None,-2.475131486263693,1
Germany,UK,Natural Sciences,1.8612697334762904,No,Scholarship,1.56318183486846,-1.0771843206265737,Schengen Student Visa,Post-Study Visa,Duolingo,0.40863980267738514,1
Ireland,Finland,Arts,0.9728899378432762,Yes,Job Opportunities,1.5099853508127319,0.46448771658361715,Study Permit,Blue Card,Duolingo,0.23813257989946507,0
UAE,Canada,Engineering,-0.9753213511940467,Yes,Job Opportunities,-1.641004919969315,1.196824519507933,Student Visa,PSW,TOEFL,1.1044774977056577,1
Ireland,Russia,Medicine,-0.030062894115810375,Yes,Quality of Life,-0.8123987539042226,-0.04103630039207318,Schengen Student Visa,PSW,None,-2.415100989499441,1
UK,Finland,Social Sciences,-0.11098123123779657,Yes,Job Opportunities,-0.7968183677311566,-0.6069457271369868,F1,Post-Study Visa,TOEFL,-2.4753441905952074,1
India,Russia,Natural Sciences,-1.7561742279157002,Yes,Political Stability,-2.3960578468592364,1.176809414694585,Study Permit,OPT,IELTS,0.24313897660404482,1
India,UK,Natural Sciences,0.9416739974105998,No,Political Stability,0.7527050653214971,-0.1650101299594806,Schengen Student Visa,Blue Card,TOEFL,0.8744683206616666,1
South Africa,Finland,Engineering,-0.8531948527099825,Yes,Scholarship,-0.7898954237893948,-0.009927014392858377,F1,PSW,PTE,0.2739731854050447,0
Germany,Ireland,Social Sciences,-1.8715724604626658,Yes,Quality of Life,-1.5149786970288197,0.671809755985489,Schengen Student Visa,Work Permit,PTE,0.4939593597841774,0
India,Finland,Business,-0.042753007452572996,Yes,Scholarship,-0.8040823262174667,-1.9769862477019862,Tier 4,OPT,PTE,0.5775234091278071,0
Canada,UK,Law,-1.8095069315932366,Yes,Job Opportunities,-2.339976762003251,0.9993280969830743,Schengen Student Visa,PSW,TOEFL,0.5333531641870205,0
Germany,Canada,Social Sciences,-1.8503166936325017,No,Higher Ranking,-0.8077195110601456,-1.3884432108390792,Study Permit,OPT,Duolingo,-2.5452200658097084,1
South Africa,Finland,Law,-1.8311278133890014,No,Political Stability,-0.7698885962686669,1.7270966040459594,Student Visa,Work Permit,Duolingo,1.0568273916509237,1
South Africa,USA,Computer Science,-0.9727817912649603,Yes,Higher Ranking,-0.8522411524057347,-2.06379787821512,Tier 4,Post-Study Visa,Duolingo,-2.4243102398062457,1
Germany,UK,Social Sciences,-1.83755730899968,Yes,Higher Ranking,-1.5221303064295981,1.2902806136085407,J1,Work Permit,IELTS,0.8273940531577263,0
Russia,Germany,Computer Science,-1.8019122184553942,No,Job Opportunities,-1.5687472014615254,-1.9278628402730067,F1,PSW,IELTS,-0.0338116117129283,1
Germany,South Africa,Natural Sciences,1.7156883915147663,No,Job Opportunities,2.4118423087901033,-0.8524849031840145,F1,Blue Card,Duolingo,1.515465403322292,0
India,India,Natural Sciences,0.9056292844829984,Yes,Job Opportunities,1.5340754692012004,1.1413305240709943,Study Permit,OPT,IELTS,-2.364648641288525,0
Ireland,Germany,Business,0.0142194114016103,No,Political Stability,-0.8223281865781483,0.15406691820684768,Tier 4,PSW,TOEFL,-0.08653340954445442,1
Ireland,Germany,Social Sciences,-0.8693735122237197,No,Job Opportunities,-1.6094153469614703,0.695317234524042,J1,PSW,PTE,-2.4765824415415834,0
Ireland,Finland,Engineering,1.8014535266294378,No,Political Stability,0.8557324433235014,-1.2416103390334046,J1,Blue Card,Duolingo,0.5995838755823012,1
UAE,Canada,Arts,-0.9366332504679242,Yes,Quality of Life,-1.5740160716780442,1.1761159996173869,Schengen Student Visa,Post-Study Visa,PTE,1.1176591786160526,1
Ireland,USA,Medicine,-0.9067375546091939,Yes,Quality of Life,-1.5823437090556172,-2.209060272887039,J1,Post-Study Visa,None,-2.4472911391661336,1
Canada,Russia,Arts,0.006393607680469664,No,Job Opportunities,-0.7713144916574431,0.6575713220152722,Schengen Student Visa,Blue Card,None,0.7534251949533811,0
Russia,Ireland,Engineering,-1.7859785632093526,Yes,Job Opportunities,-2.377959948641181,-0.24657563190237408,Student Visa,Blue Card,IELTS,0.9925799971634196,0
South Africa,Russia,Computer Science,0.8812167270769178,No,Quality of Life,1.4493205458797576,1.0402734917516696,Schengen Student Visa,Work Permit,PTE,0.1114519357946086,1
India,Canada,Law,0.854494919807672,Yes,Higher Ranking,0.05383040502341416,0.4649802099939727,Tier 4,PSW,IELTS,0.6395016883128052,0
Finland,South Africa,Business,-1.840866754810163,No,Higher Ranking,-1.5325136922895883,-1.4930950658558673,J1,OPT,TOEFL,0.6108497581426721,1
Germany,Canada,Arts,-0.8996695286254948,Yes,Higher Ranking,-1.4921181520054825,1.7652546612539908,Student Visa,PSW,None,-2.4670523238476827,1
Canada,Russia,Business,1.7970388464049103,No,Scholarship,0.7204309399396394,0.800755550637807,F1,OPT,None,-2.4735769858894217,1
Russia,USA,Arts,-0.02249085344447542,No,Quality of Life,0.6992593177076892,-1.6044209690754225,J1,Post-Study Visa,IELTS,0.7239924739456797,0
UAE,India,Law,0.9070073366410251,Yes,Job Opportunities,-0.05032521386273783,-0.7914450877496001,Tier 4,Work Permit,PTE,1.167452157128745,1
Canada,UAE,Computer Science,-0.02207362256615556,No,Scholarship,-0.7698269274046723,-2.0645848514350025,J1,Blue Card,None,-2.4473880171066624,1
Ireland,USA,Computer Science,1.7763746678863637,No,Job Opportunities,2.3316517563621137,-0.9596327177617756,Student Visa,PSW,PTE,0.4518475627725847,0
UK,Germany,Engineering,1.8823888032596174,No,Higher Ranking,0.7702411281226303,1.1893962490012941,Tier 4,OPT,PTE,1.2378805226568108,0
South Africa,Russia,Arts,0.8569882021805559,No,Higher Ranking,0.756958965149586,-0.5860708838092274,Tier 4,Blue Card,TOEFL,0.4190343539177946,0
Germany,Ireland,Engineering,-0.057435604846515206,No,Quality of Life,0.7375944467961169,-0.8740522854965947,Study Permit,Work Permit,TOEFL,0.6720549045792688,1
Russia,UK,Business,0.8834477140688441,Yes,Job Opportunities,-0.04989168143911517,2.1207210599136856,Study Permit,Work Permit,Duolingo,-2.477878446036482,1
Finland,South Africa,Business,0.9573423065473652,Yes,Higher Ranking,0.6674120153240525,-1.7291236752231287,Study Permit,Blue Card,PTE,1.452828456590285,0
Germany,Ireland,Law,-1.0049730182294936,No,Quality of Life,-0.8600586460778483,-0.4258981687651509,Study Permit,OPT,TOEFL,1.1122075494686563,0
UK,South Africa,Arts,0.9231333376553428,No,Quality of Life,1.5204952393679445,-2.0319665289304236,Tier 4,Work Permit,TOEFL,1.299438355066694,1
Ireland,Canada,Computer Science,-1.8372652483269913,No,Job Opportunities,-1.5784525659214932,-1.9044795049924348,Student Visa,Post-Study Visa,PTE,0.6853544859991727,1
UAE,Russia,Computer Science,-1.9123352320574138,No,Scholarship,-2.3549122962478903,-0.5876330951675659,Schengen Student Visa,Work Permit,None,-2.4882895814906334,0
Ireland,Canada,Social Sciences,0.9409235999660701,No,Scholarship,0.6963931074365228,-1.631121196487049,J1,PSW,Duolingo,-0.28389702566905883,1
UK,UAE,Natural Sciences,-0.023560894346438908,No,Political Stability,-0.7974034405740926,-2.087718930726961,Student Visa,Post-Study Visa,None,-2.4973722428249165,0
UK,USA,Social Sciences,0.9184574668609699,No,Job Opportunities,1.5798533176797926,-1.6080192764092578,Student Visa,Post-Study Visa,PTE,1.4670470344259425,0
South Africa,UAE,Medicine,-1.9262804182068018,No,Job Opportunities,-2.3008387828783348,-2.249208632035168,J1,PSW,None,-2.4679349024201227,0
UK,Ireland,Social Sciences,1.8787400144402087,Yes,Higher Ranking,0.8696312212413602,-0.4284383714362137,Schengen Student Visa,PSW,Duolingo,-0.1321429778992558,1
India,Ireland,Law,-1.8361413500829589,No,Job Opportunities,-1.5058589488614116,-2.01508047545074,Student Visa,Blue Card,IELTS,1.1802891832053686,0
Finland,Finland,Natural Sciences,0.8898895251268082,No,Quality of Life,0.04735027415760133,1.152594456734318,F1,OPT,None,-2.466176833783107,0
Germany,Germany,Computer Science,-1.8641577662600324,No,Higher Ranking,-2.329668854921112,0.9943750726964588,Student Visa,Work Permit,Duolingo,0.9282696529170887,1
Ireland,India,Arts,1.8483608232236717,No,Political Stability,2.3270086437089748,1.201782462035927,J1,Post-Study Visa,Duolingo,0.46617783019047593,0
India,Russia,Engineering,0.09655263727810841,No,Political Stability,0.775464680882227,1.0137389995502577,Student Visa,Blue Card,PTE,1.4160484803727498,0
Ireland,India,Business,-0.9281545688652587,Yes,Job Opportunities,-1.5778705850479342,-0.6990004411972318,Student Visa,PSW,IELTS,0.2968273234504147,0
Russia,India,Computer Science,-0.9661240623412771,Yes,Political Stability,-0.0028261394048013366,-1.915255853034225,J1,Work Permit,Duolingo,-0.2995350754878237,0
USA,UK,Medicine,-1.8372218836100511,No,Quality of Life,-1.496100613368296,-0.9528493363362619,Study Permit,Work Permit,None,0.2717619011565232,0
Russia,Ireland,Medicine,0.8536103498258827,Yes,Political Stability,-0.06401642303150061,-1.3298078157877153,Student Visa,PSW,None,0.4672523250939058,1
Canada,Germany,Engineering,-0.07189676846821569,Yes,Political Stability,-0.8180546356919446,0.029830167116594253,Tier 4,Work Permit,PTE,0.7737572831079659,1
Germany,South Africa,Medicine,-1.7844309286004887,No,Political Stability,-2.4786578836179745,1.1840061757513902,F1,Blue Card,IELTS,0.09700077132224225,0
Ireland,Russia,Law,1.8540537770659933,Yes,Scholarship,1.5108004199636833,-0.19581282539322753,F1,Post-Study Visa,None,1.2309879787884028,0
Germany,USA,Social Sciences,-1.8485844220675738,Yes,Job Opportunities,-0.8280732339667654,-0.42851630803609153,F1,OPT,TOEFL,-0.16442340637991043,1
UAE,Canada,Arts,-1.0213731636818753,Yes,Scholarship,-1.623628654079981,-2.219303649636749,Schengen Student Visa,Post-Study Visa,None,-2.489993536766151,1
UK,Russia,Engineering,-0.05248983023316542,Yes,Political Stability,-0.05913618287031165,1.8338706428029765,F1,Post-Study Visa,IELTS,0.5086971100165993,1
Germany,UAE,Arts,-0.8847980469017116,Yes,Higher Ranking,-1.5404707310821695,0.2389591315107338,F1,Post-Study Visa,None,0.147467804481395,1
UK,Ireland,Engineering,-0.9951188206134535,No,Job Opportunities,-0.7196723952279067,1.5505246307043379,F1,PSW,TOEFL,0.05942156805323145,1
Ireland,Germany,Arts,-1.7671553432391554,Yes,Quality of Life,-2.2499262144027603,-0.3578919493210708,F1,PSW,TOEFL,0.9777517561476023,1
UAE,Finland,Law,1.7966088798240847,No,Political Stability,1.6207480910307432,0.16266579003791282,Tier 4,Work Permit,Duolingo,0.1794010495369664,0
South Africa,Russia,Natural Sciences,-0.9368263057049923,Yes,Job Opportunities,-0.024860028476034426,-0.6687390800304007,Study Permit,PSW,TOEFL,0.3208094164089166,1
Ireland,India,Engineering,0.9792353825826404,Yes,Scholarship,-0.04535998341677247,-1.480975936619049,J1,Post-Study Visa,TOEFL,0.764398188405447,1
Finland,India,Medicine,-0.05618218892691389,No,Job Opportunities,-0.8845728125782543,-1.6793509995896798,Study Permit,OPT,TOEFL,0.4257683433535112,0
Finland,South Africa,Computer Science,-0.013840727266031872,Yes,Job Opportunities,-0.8382964268695206,-0.9092616331269567,Study Permit,Blue Card,Duolingo,-0.16475617100232962,0
India,UK,Natural Sciences,-0.9392539066793796,Yes,Political Stability,-0.8426675230976133,-0.23764620343059148,Schengen Student Visa,Work Permit,None,-2.4776748488596834,1
South Africa,Russia,Arts,1.8370737270072552,Yes,Scholarship,1.6176066835885987,-0.0987666535753739,F1,Blue Card,None,-2.4723498240095276,1
Germany,Germany,Social Sciences,-1.887761188065087,Yes,Political Stability,-1.5549297754441522,0.6067066030179027,Tier 4,Blue Card,IELTS,1.016734086282843,0
Ireland,UK,Business,-0.9262830584832397,No,Quality of Life,-1.5845329535162287,-1.9578953222538835,Study Permit,PSW,IELTS,-2.4338769081053178,1
Russia,South Africa,Business,-1.9335991886657184,No,Job Opportunities,-1.6009924335175851,1.03315100757979,Student Visa,Work Permit,Duolingo,0.2694282119953233,0
Ireland,UK,Law,0.8686823186399932,No,Quality of Life,0.684472263085068,-1.4957291695548225,Schengen Student Visa,OPT,TOEFL,1.3667877139898028,1
Canada,Ireland,Computer Science,-0.07656976371341497,Yes,Quality of Life,0.727520296351443,0.26504775037968814,Tier 4,Post-Study Visa,IELTS,-0.009140471654883728,1
South Africa,Russia,Engineering,0.8255486512275608,Yes,Quality of Life,1.5085750650516287,-0.92597772805998,Study Permit,PSW,None,-2.594250842509769,1
Germany,UK,Law,1.8554855554799592,No,Higher Ranking,2.242495828789441,1.4979399768914299,Schengen Student Visa,Blue Card,IELTS,1.508955912383857,0
Ireland,Russia,Computer Science,1.8415399281422151,No,Scholarship,0.8371183013228167,-1.043047243097133,Student Visa,Post-Study Visa,TOEFL,1.3506263228522601,0
India,Ireland,Natural Sciences,0.8367000998490027,Yes,Political Stability,0.788820191292051,-1.4397390053905947,F1,PSW,TOEFL,1.2241668583465126,1
UAE,UK,Engineering,-1.8222364491149448,No,Job Opportunities,-2.4215495009546335,1.1766871465279412,J1,Blue Card,None,-2.4953943597221255,0
Germany,South Africa,Computer Science,1.8183847759038843,No,Higher Ranking,1.503160491935325,0.4402076393616783,Schengen Student Visa,Blue Card,None,-0.21847050529541434,1
Germany,USA,Law,-0.9086109735988213,No,Higher Ranking,-0.02323369130330506,-0.686258642294005,J1,PSW,None,-2.4499699902303407,1
UK,India,Social Sciences,-0.9140781510882635,Yes,Scholarship,-1.598439155910036,0.26011672234391714,Schengen Student Visa,PSW,None,0.5457154511122629,0
Russia,USA,Engineering,-1.0175345555520718,Yes,Job Opportunities,0.017931683097700855,1.4811765499787328,Tier 4,Blue Card,TOEFL,-0.1688225263370662,0
UAE,Russia,Computer Science,-0.03393243773927262,No,Higher Ranking,-0.8334424655293345,-1.6140468267479329,F1,Post-Study Visa,IELTS,0.40411976547722933,0
UK,Germany,Arts,0.9156955172477537,Yes,Quality of Life,0.028698380836263294,-1.8408623557295467,Student Visa,OPT,PTE,-0.23836512020240394,1
Russia,UK,Medicine,0.9458724721053956,No,Quality of Life,0.8077020329179306,2.004117462747193,Tier 4,OPT,PTE,-0.17389771017294087,0
Germany,UK,Law,0.0032941599717771514,Yes,Political Stability,-0.057256249620731364,-1.3637466622738612,J1,Work Permit,TOEFL,-0.280349931965993,0
UK,South Africa,Medicine,-1.828981384681426,Yes,Quality of Life,-1.5599402226078174,-0.8217933886833325,Student Visa,OPT,None,0.7842109682974644,0
USA,Finland,Medicine,1.8761723716979848,Yes,Job Opportunities,1.5513344662237023,1.3418744962984854,Student Visa,PSW,None,-2.5449909689618457,1
Finland,UK,Business,-0.053143920616993544,Yes,Quality of Life,0.8066741161057948,0.9227076067182265,Student Visa,Work Permit,IELTS,-2.502803780393936,1
UK,UAE,Medicine,1.7969748601236952,No,Political Stability,1.633764822621651,0.1693911075020251,Study Permit,OPT,Duolingo,1.376132280327954,1
Canada,UK,Engineering,-1.8764838517405906,No,Higher Ranking,-0.816045688847883,1.2304099141736358,Study Permit,Work Permit,PTE,-0.08727518881163769,0
Russia,South Africa,Medicine,-1.9489892875460557,Yes,Scholarship,-1.5688925778624496,1.2265321917719874,Tier 4,Work Permit,IELTS,0.9173839980327972,0
UAE,South Africa,Arts,0.8325852649212805,No,Scholarship,0.060231097079579826,-0.4938067733876636,J1,PSW,TOEFL,0.6821927054237452,1
USA,Ireland,Social Sciences,-1.8457990071314545,Yes,Higher Ranking,-2.37634161031947,1.8747432148661811,Tier 4,Blue Card,None,1.3258422605631246,0
South Africa,Ireland,Business,1.7950881300580457,No,Job Opportunities,2.345798705796198,0.31545319834914176,Schengen Student Visa,Work Permit,Duolingo,1.2071892019535906,0
Ireland,USA,Business,0.9595872001288483,No,Job Opportunities,0.7075741939624014,1.394637924552075,Study Permit,Work Permit,IELTS,1.1831285304772303,0
Russia,UAE,Medicine,0.9002229472853992,No,Higher Ranking,0.8537342195094854,-0.6016112224505188,F1,Post-Study Visa,Duolingo,0.8925319220691521,1
Canada,USA,Medicine,1.743212916965768,No,Political Stability,0.6966912536107159,1.4432575367400262,Study Permit,Post-Study Visa,PTE,-0.23150588337786587,1
Ireland,UAE,Medicine,1.7302301473297472,Yes,Job Opportunities,1.5941692773858176,-1.4796686347198686,Tier 4,Post-Study Visa,None,-2.5205014755042825,0
South Africa,Germany,Social Sciences,-0.05502759941144137,Yes,Quality of Life,-0.01925452220963642,0.14044591410981414,Schengen Student Visa,Blue Card,None,-2.4664486693251075,0
Canada,Russia,Medicine,-1.8936037589911452,No,Quality of Life,-1.6051691340811831,0.3390378557006155,Schengen Student Visa,Blue Card,IELTS,0.8326681778196907,0
South Africa,Russia,Arts,-1.939880849536011,No,Higher Ranking,-1.6257243870001044,1.7162029486749812,Tier 4,OPT,None,-2.503430131893488,1
Russia,Germany,Social Sciences,-1.8605900586752229,Yes,Political Stability,-0.7432328954116477,2.0603588612334285,Student Visa,PSW,TOEFL,0.5110846035692579,0
Germany,USA,Law,-0.9678375177324373,No,Job Opportunities,-0.7764003096673009,0.07792533508730713,J1,PSW,IELTS,1.1762266385287263,1
Germany,South Africa,Medicine,-1.8779093804358138,Yes,Political Stability,-2.3514074508899343,-0.08976072811162636,J1,Blue Card,Duolingo,0.09411632917954259,0
Russia,South Africa,Arts,0.05362555586712873,Yes,Job Opportunities,-0.8182485969444081,-0.37268791478333924,Schengen Student Visa,PSW,None,1.05930487550396,1
Canada,USA,Natural Sciences,0.7987344660883569,Yes,Job Opportunities,0.6790193607730219,-0.5577541494890497,Student Visa,OPT,PTE,1.3934736791665143,0
Canada,USA,Natural Sciences,-1.8146112216602224,Yes,Political Stability,-1.5850958761070917,-0.9531654619723491,Student Visa,PSW,TOEFL,-0.13932428533288074,1
Germany,Canada,Engineering,-1.8093448371938403,No,Job Opportunities,-0.817395555549344,-0.655061515203321,Study Permit,OPT,IELTS,0.08431074838736843,0
South Africa,UK,Natural Sciences,-0.9756095436985992,No,Higher Ranking,-0.021659442282253936,-1.7464770886882295,Schengen Student Visa,PSW,None,-2.428440985404465,0
Ireland,UAE,Law,1.8609635022320732,Yes,Quality of Life,2.255217893273707,-1.8606877520220773,Study Permit,Work Permit,None,-2.4867716845345056,1
Canada,Finland,Business,-0.9411681765757978,Yes,Political Stability,-0.04296039572813343,2.1453700491287573,F1,Post-Study Visa,IELTS,-0.1504082526207195,1
Ireland,USA,Arts,0.031729255599955694,Yes,Political Stability,-0.0002460087214947136,-0.557690060212724,F1,Blue Card,TOEFL,1.2948707186487807,0
UK,Ireland,Social Sciences,-1.7558319084356058,No,Scholarship,-0.8257929653239316,0.1057971302416294,F1,Blue Card,IELTS,1.0393358968859285,0
Finland,Russia,Engineering,1.8926991083941394,No,Political Stability,1.5649506622584985,1.5507619368831542,Schengen Student Visa,Work Permit,TOEFL,1.1947750201144107,1
Russia,UK,Engineering,0.013282444428282773,No,Political Stability,-0.06499519689876934,-0.9835362535841504,Student Visa,Blue Card,PTE,-2.4461918849752555,0
Canada,UAE,Arts,-1.8250836340038028,Yes,Quality of Life,-2.3403798048081335,0.6742022852751962,Schengen Student Visa,OPT,PTE,0.7473213151638077,0
Canada,UAE,Natural Sciences,-1.8772187127132356,No,Quality of Life,-1.7134171725330687,-0.6366632065381725,Schengen Student Visa,PSW,None,0.9626477573302071,0
Ireland,India,Business,1.7477324083369592,Yes,Scholarship,2.297016070383659,-0.5819021708035669,Tier 4,Blue Card,None,-2.5744525969932863,1
USA,Canada,Engineering,0.9483002475138871,Yes,Political Stability,0.7762690272036873,-0.5245782286252938,Schengen Student Visa,Blue Card,None,-2.5176134329014106,0
USA,Finland,Law,0.9018289824579331,Yes,Political Stability,0.025571749617894723,2.057573856760166,Schengen Student Visa,Blue Card,TOEFL,0.8628430549614472,1
UK,Canada,Computer Science,-0.005648057715947221,Yes,Job Opportunities,0.8274110016800914,0.319507132575903,Study Permit,Work Permit,TOEFL,0.6901156979365664,1
Germany,South Africa,Medicine,-1.0535728752727818,No,Higher Ranking,-0.02350996374702879,1.9276096535715357,J1,OPT,IELTS,0.9120617579039328,0
South Africa,Canada,Medicine,-1.770109044540917,No,Scholarship,-0.7408315695348467,-0.07784212539424294,Schengen Student Visa,OPT,TOEFL,-0.09048989380530459,1
USA,Germany,Medicine,-0.9387573620807994,Yes,Political Stability,-1.583580305126388,-0.33361291690005773,Student Visa,Work Permit,None,-2.514236867426827,0
Canada,Russia,Law,0.9002006208227064,No,Job Opportunities,0.7626359322533348,0.30254187436347,Tier 4,OPT,TOEFL,0.8432032310380069,1
Finland,UAE,Natural Sciences,-1.8862903773404935,No,Job Opportunities,-0.8935925508188003,-0.1832673284528188,Student Visa,OPT,IELTS,0.033332982023912286,0
Finland,Canada,Business,-0.01766554914915795,No,Higher Ranking,0.050616218264233126,-1.2164709204178739,Schengen Student Visa,Blue Card,Duolingo,-0.010573707540042722,1
UAE,Canada,Arts,-0.10494071209506939,No,Quality of Life,-0.8184064101986981,-1.8761206686888912,Study Permit,OPT,PTE,-0.04129177839645344,1
Canada,UAE,Arts,-0.9170250109680076,No,Higher Ranking,-1.6208281087857366,-0.2666900917125641,Study Permit,Blue Card,TOEFL,0.2060678715219436,1
UAE,Germany,Natural Sciences,1.8002035064283302,Yes,Higher Ranking,0.711125652134155,-0.5774228198836157,Schengen Student Visa,PSW,TOEFL,-2.3845900595506397,0
South Africa,Finland,Business,0.060176298288505924,Yes,Job Opportunities,0.8039318568049283,0.24255053623300946,J1,Post-Study Visa,Duolingo,0.23889871459220663,1
Germany,UAE,Business,-1.8196916659447822,No,Job Opportunities,-0.7762910414034656,-1.2437088672119543,Tier 4,Post-Study Visa,None,-2.4765958575494866,0
USA,Germany,Social Sciences,-1.82714761667618,Yes,Higher Ranking,-1.5027503035073446,-1.3089496826686884,Study Permit,Post-Study Visa,PTE,0.3042685229510179,1
India,Russia,Computer Science,1.7879640242227512,Yes,Political Stability,2.3977693297456373,-1.1573731641320595,Study Permit,PSW,None,-2.444972160526836,0
India,Germany,Natural Sciences,1.8428212954226333,No,Political Stability,2.347482210794719,1.5165038028770137,F1,PSW,IELTS,-2.4523645102935476,0
UAE,UK,Law,-1.800853351800155,No,Scholarship,-1.6057322359224944,0.6657687291291761,J1,Blue Card,Duolingo,0.0785664183408071,0
Canada,USA,Computer Science,0.8891620147041089,Yes,Scholarship,0.6764001559005796,1.5294169893510454,Student Visa,PSW,None,-2.387948867720857,0
Germany,Canada,Social Sciences,0.02780980037679113,Yes,Scholarship,0.031645772009357795,-0.7053753651623091,Tier 4,OPT,None,-2.413017708051683,1
UAE,Finland,Arts,-0.9911862157443505,No,Job Opportunities,-1.6444639903414977,0.30699222441031576,F1,Work Permit,None,-0.05217315356898575,1
Russia,South Africa,Arts,-0.8967741500165186,Yes,Job Opportunities,-1.621415255050943,-1.0586064584893393,F1,Work Permit,TOEFL,0.4782821547670718,1
Canada,Russia,Arts,1.8180708375339867,No,Political Stability,2.3092143789096875,-1.982359746588255,Study Permit,Work Permit,Duolingo,1.0098277766750492,1
South Africa,Canada,Natural Sciences,-1.866278318042346,Yes,Quality of Life,-0.8479443693984928,-0.6354374314954945,Study Permit,OPT,PTE,0.12153564044426263,1
UK,Canada,Law,0.009313182558166886,No,Scholarship,0.7716907473184678,-2.072392975975348,J1,OPT,Duolingo,0.6045033952516238,1
Ireland,Germany,Engineering,0.9285036644475003,No,Higher Ranking,1.5202493138847861,1.1641327114281326,F1,OPT,IELTS,0.15300732187635374,1
India,UAE,Engineering,1.8966875706649777,No,Quality of Life,1.6463586407199047,-0.9314523577376486,F1,Work Permit,TOEFL,0.6075182381766019,1
UK,UAE,Business,0.009953165825453707,No,Political Stability,0.850427964033292,1.6870382294566177,Study Permit,PSW,TOEFL,-0.05370563237768479,0
India,UK,Law,1.7452277533515161,Yes,Job Opportunities,2.343142534624399,0.2937391837787378,Student Visa,PSW,TOEFL,-2.4977567320918235,0
South Africa,Ireland,Social Sciences,-1.751080003312412,No,Higher Ranking,-1.474138423081876,-2.095823368278787,Student Visa,Blue Card,IELTS,1.2976050905657945,0
Finland,India,Business,0.0025605805755630987,No,Scholarship,-0.014146202014867914,0.01085857165416049,F1,OPT,IELTS,-2.4442618079458773,1
Finland,UK,Computer Science,-0.9701245909245059,No,Political Stability,-0.7581054597166954,-1.632618897685408,Study Permit,Blue Card,TOEFL,1.1862738634130452,0
UK,Russia,Law,1.7308463838155985,Yes,Quality of Life,0.7876323109665434,-1.1318133898603056,Student Visa,OPT,TOEFL,0.4721920240337941,1
UK,Finland,Engineering,1.8261320163313806,Yes,Quality of Life,1.4871542176694803,-1.5001208178853924,Tier 4,Blue Card,IELTS,1.0682153902053768,0
UAE,USA,Arts,-0.00924105031916493,No,Scholarship,0.7467967921373934,1.7701269738135015,Tier 4,Work Permit,TOEFL,0.7925776375871969,0
UAE,Canada,Business,0.9758235908444216,No,Job Opportunities,0.013642710494255115,1.5239497742775936,J1,Post-Study Visa,Duolingo,1.2449117353133656,1
Russia,South Africa,Arts,0.8986654826189237,No,Higher Ranking,0.812524906472676,1.4333983926363765,Study Permit,OPT,PTE,0.5320891825032683,1
Canada,Russia,Medicine,-0.0011279032206495988,No,Job Opportunities,0.055302270021778385,1.431136573676452,Schengen Student Visa,PSW,IELTS,0.86166694524158,1
UAE,Finland,Business,0.9649100537027913,Yes,Higher Ranking,-0.010080308037422695,-1.661891657257635,J1,Work Permit,Duolingo,1.1391615773601864,0
Ireland,Germany,Natural Sciences,-1.8204033354141047,Yes,Job Opportunities,-2.358258032711777,0.17050517009392113,Student Visa,Post-Study Visa,Duolingo,1.409895408640232,0
Germany,UK,Computer Science,-1.841881791023925,Yes,Scholarship,-0.7301605802594842,0.43268204149217177,F1,Work Permit,Duolingo,0.6428683711002705,1
UAE,Finland,Medicine,-0.9616375727176616,Yes,Political Stability,-1.6295655551194264,-0.18805767201135298,J1,Blue Card,Duolingo,0.7317999385225431,0
South Africa,South Africa,Social Sciences,0.9428165864743442,No,Scholarship,0.8320624849498115,-1.1128929922650248,Tier 4,OPT,Duolingo,-0.04329766299979883,1
Ireland,UK,Medicine,0.8248036277232607,No,Quality of Life,0.019903917084436794,2.2451349681084634,Study Permit,Post-Study Visa,None,-2.541930213875145,1
Canada,UAE,Business,-1.8058299670837523,No,Scholarship,-2.436637060762879,0.774207619828056,Study Permit,OPT,None,-2.4275328740360353,1
South Africa,India,Business,-1.7295992972382703,No,Higher Ranking,-2.353208324602365,-1.8044235241943019,J1,Work Permit,Duolingo,0.3215073721345082,0
Canada,Ireland,Computer Science,1.8278267121656584,No,Political Stability,0.7450995709687925,-0.7287075529066365,F1,OPT,PTE,0.8500145081853113,1
Russia,Germany,Law,-0.07581472969199317,No,Political Stability,-0.010511493163528365,-0.7289953494277785,Tier 4,Work Permit,Duolingo,-0.19680140003098914,0
UAE,UK,Engineering,0.8883296555976506,Yes,Scholarship,1.5643607680946485,-1.4919352090173608,Tier 4,Work Permit,IELTS,0.23231848395895166,0
Finland,UAE,Business,0.938273432838184,No,Job Opportunities,1.5288438092221928,-1.7217843232934902,F1,Work Permit,Duolingo,1.4328783814656931,0
UK,Germany,Arts,1.740920437134514,No,Higher Ranking,0.7940521894518376,0.00018399018034027936,Schengen Student Visa,PSW,IELTS,0.31724625598573525,1
Germany,UAE,Business,0.8893703438620434,No,Political Stability,0.7619232335283915,-0.5219550980599992,J1,OPT,IELTS,1.0236666942217152,0
India,Germany,Medicine,-1.7371537195084925,Yes,Quality of Life,-1.6344956577765322,0.6470105129281363,Tier 4,PSW,Duolingo,0.6692087231817788,0
UAE,South Africa,Business,-1.8272635352435784,No,Quality of Life,-2.2928474016196363,0.08821371123800752,J1,Work Permit,Duolingo,0.6489593713557925,1
Germany,Finland,Natural Sciences,-1.8301753421613915,No,Political Stability,-2.39571941981981,1.0776353896620106,Student Visa,OPT,None,-2.5011336492500567,1
UAE,Russia,Engineering,1.7352631713912552,No,Political Stability,0.7150265641288028,0.5309087489430067,J1,Work Permit,PTE,0.6989559184144449,1
Finland,Canada,Law,-1.7704061039334975,No,Job Opportunities,-2.358503936599828,1.4185525347116186,Study Permit,OPT,IELTS,1.3124661457947067,1
Russia,Finland,Medicine,0.8622074062048585,Yes,Scholarship,1.5616390138077112,-0.5299473728711704,Student Visa,Work Permit,None,-2.4796019401458613,0
India,Finland,Medicine,-1.867982297111591,No,Political Stability,-0.7984574996367148,-1.1036157781283804,F1,Work Permit,Duolingo,0.5925796060842725,1
USA,UK,Computer Science,1.0343503129575735,Yes,Job Opportunities,-0.032597400528703274,-0.4408595001187479,Schengen Student Visa,Post-Study Visa,Duolingo,0.6989713275558906,0
USA,UAE,Arts,-0.008213574093010732,Yes,Higher Ranking,-0.8277939207433809,-1.7629330080306966,Schengen Student Visa,Work Permit,Duolingo,0.2916421347799914,0
Finland,Canada,Medicine,0.06821643927666539,Yes,Higher Ranking,0.7767307027487751,-0.4870581099866545,Schengen Student Visa,OPT,TOEFL,0.45048937052587185,0
UK,Finland,Natural Sciences,1.8197862299813743,Yes,Political Stability,2.2418931422276227,0.5074403931382823,Study Permit,Work Permit,Duolingo,0.22206687227649258,0
USA,UAE,Computer Science,-0.9462086312513879,Yes,Scholarship,-1.605810485609064,1.4674408060790742,Schengen Student Visa,PSW,TOEFL,0.522799258328521,0
Finland,Canada,Natural Sciences,1.6969898729926307,No,Scholarship,0.7302002847252138,0.9782229846195097,Tier 4,Post-Study Visa,PTE,-0.043087097157410145,1
India,South Africa,Natural Sciences,-0.011639732128133438,No,Political Stability,0.7878229533671393,-2.004364202059118,Student Visa,PSW,IELTS,0.5320595799821335,1
Ireland,India,Business,0.04042101240572921,Yes,Quality of Life,0.734270861845834,0.3784725176114523,J1,Work Permit,IELTS,0.24508280610155952,0
Canada,UAE,Arts,-1.831031425573408,No,Higher Ranking,-2.3855116559873517,0.37339656904994745,Schengen Student Visa,Blue Card,None,0.8454933478351296,1
UAE,South Africa,Natural Sciences,1.8466999898586387,No,Job Opportunities,0.689879799279214,0.18070514723369752,J1,Post-Study Visa,None,0.9205275520235814,1
South Africa,USA,Business,-1.8937857529988726,No,Job Opportunities,-0.821952677500182,-1.8049480900222548,J1,Work Permit,IELTS,0.12677455233317644,1
UK,South Africa,Computer Science,0.9441286466714223,No,Scholarship,0.7332452424662076,-0.35643693589489645,Study Permit,OPT,PTE,0.9722352807839396,0
Finland,Russia,Engineering,0.9426755202640262,No,Higher Ranking,1.5578941270617417,1.4028454182226349,Student Visa,PSW,IELTS,-0.26788519382868453,0
UK,Russia,Social Sciences,0.9055969395135729,No,Job Opportunities,1.5211043420547885,2.1393721870242595,Tier 4,Work Permit,IELTS,0.2949691898641367,0
South Africa,UK,Medicine,0.039164835699549545,No,Higher Ranking,-0.8771696183385769,-0.512309445937469,Study Permit,Work Permit,Duolingo,-2.4925229893043856,1
South Africa,Germany,Computer Science,-0.062245097556155676,Yes,Job Opportunities,0.10789579209918809,-1.8124084283021191,Student Visa,PSW,IELTS,1.2337385839604709,0
Germany,UK,Engineering,1.7491926241298974,No,Political Stability,0.7771273946452695,0.760651239534132,Schengen Student Visa,OPT,None,0.6818519117955505,1
Finland,UAE,Social Sciences,0.0024182539794906453,No,Higher Ranking,0.6865383704800088,1.2153926439168734,J1,OPT,Duolingo,1.0485832436083757,1
Canada,Russia,Social Sciences,0.01609685460130053,Yes,Political Stability,-0.7815634486065101,1.093383719254738,Schengen Student Visa,Blue Card,None,-2.5459045941060636,0
Russia,South Africa,Arts,0.8328487461719342,No,Political Stability,-0.02176456742402813,-1.1251643444169341,F1,Blue Card,TOEFL,0.48773128561068824,0
UK,USA,Natural Sciences,-1.839362250533709,No,Higher Ranking,-0.8622036768432507,0.20790526962154635,Study Permit,Work Permit,PTE,0.3868879205746181,1
South Africa,Finland,Computer Science,-0.9046982632994564,No,Higher Ranking,0.0083202455366054,-0.013032992480176496,Schengen Student Visa,Post-Study Visa,Duolingo,1.1283223445806096,1
UAE,Canada,Arts,0.9495131312869354,No,Quality of Life,0.717964577172216,1.2280268777566983,J1,OPT,Duolingo,1.459711601532201,0
India,India,Social Sciences,-1.882835053325432,Yes,Political Stability,-2.4498041306674105,-1.0635810071351155,Schengen Student Visa,Work Permit,IELTS,-2.503799598710963,0
Germany,USA,Natural Sciences,-0.9087123781610233,No,Job Opportunities,-0.8029509720651778,-0.47381087769460356,Schengen Student Visa,PSW,None,1.3900480316156247,0
Finland,USA,Medicine,0.8071447148144156,No,Job Opportunities,0.008469666643269244,0.07761976233868333,Student Visa,PSW,PTE,-2.5162054771992155,0
UAE,UAE,Engineering,-0.006998939806177873,No,Job Opportunities,0.704428087027202,0.12645609849211747,Study Permit,PSW,None,-2.531795611736541,1
Canada,Russia,Law,1.7354788668685859,Yes,Job Opportunities,0.8213435371761456,-1.5774180254308223,Tier 4,PSW,PTE,1.2676896899027248,0
India,UK,Arts,1.7757458235034647,No,Political Stability,0.8016894325403319,0.2931484318895006,Schengen Student Visa,Work Permit,Duolingo,1.273484799669666,0
Russia,Germany,Natural Sciences,-1.8936472558060469,Yes,Political Stability,-0.789107146396182,2.1483984979637807,F1,Work Permit,TOEFL,0.7382181866316255,0
Russia,UK,Social Sciences,0.8649573774089727,Yes,Scholarship,1.5214710843678998,-1.2715801985639592,J1,OPT,None,-2.3727927021938475,0
Ireland,Germany,Law,-1.8635013726737686,No,Quality of Life,-2.243911367423389,0.623214517292311,F1,OPT,None,-2.4545652750826332,1
Canada,Ireland,Arts,1.847145067014631,No,Political Stability,2.2757021544839646,-0.07202327389073514,Tier 4,Work Permit,PTE,-2.481770432614459,0
Canada,Finland,Engineering,-0.02496443453882258,Yes,Higher Ranking,0.7385628719271213,1.1063084065503188,Study Permit,Blue Card,TOEFL,0.12662146865373516,0
UK,Finland,Arts,1.8380427357427382,Yes,Higher Ranking,2.3433446559969036,0.15033184746736641,Tier 4,PSW,TOEFL,0.020088279426724996,0
Finland,UK,Law,0.8987964986791503,No,Job Opportunities,1.5540639947448767,-0.5440158132679404,Tier 4,PSW,Duolingo,0.38811330886080886,1
India,South Africa,Business,-0.9423576285119961,Yes,Higher Ranking,-0.8819751846754553,2.2472576366737695,J1,Work Permit,None,-2.52905441077822,0
South Africa,Ireland,Natural Sciences,0.021987959136195376,Yes,Quality of Life,-0.715435112057068,-1.9462061173915854,J1,Blue Card,None,-2.4615195436138566,1
UAE,UK,Social Sciences,1.7839667137945654,No,Quality of Life,0.7277740940757503,0.1126589066301788,Student Visa,Work Permit,TOEFL,0.6600333485427808,1
South Africa,India,Computer Science,-1.8201327043820121,No,Scholarship,-2.3079287267491373,0.026198465637566094,J1,PSW,IELTS,0.05366422939981675,0
India,UAE,Computer Science,-1.8344318846388152,Yes,Higher Ranking,-2.296354867528173,0.07331806064474153,Study Permit,OPT,PTE,1.208440541875794,0
India,UK,Engineering,0.9275552891805324,No,Higher Ranking,1.524219465412179,-0.8646238642811901,Study Permit,OPT,TOEFL,0.6692535062719649,1
Ireland,Germany,Law,-0.08070330222116444,No,Scholarship,0.04697123411324024,-0.4723434441566842,Study Permit,Work Permit,IELTS,0.2758780219003806,1
Ireland,India,Business,1.76278196107329,Yes,Higher Ranking,2.2736286549532703,-2.0561446359214,F1,Post-Study Visa,PTE,-0.18403936196713702,1
UAE,India,Computer Science,0.8789041372915011,No,Scholarship,1.4844462128710032,-1.115795948704887,Student Visa,OPT,TOEFL,1.1137689128819905,0
Germany,India,Medicine,0.011894216153903596,Yes,Political Stability,-0.8114863477937468,-1.8601213787232962,J1,Work Permit,IELTS,1.2507819030370797,1
Germany,Finland,Engineering,-0.9475124941359157,No,Job Opportunities,-0.8137987114526867,1.2435221061511343,Tier 4,OPT,None,-2.489763372072095,0
Germany,Canada,Natural Sciences,1.0277498842820894,Yes,Higher Ranking,0.8305693927925486,-1.58777124669447,J1,Post-Study Visa,IELTS,0.014035448839615595,1
India,UK,Computer Science,-0.9718690109857914,No,Job Opportunities,-0.09565443287720174,1.9967811076397748,Study Permit,Blue Card,Duolingo,0.05276926684722489,0
Germany,Russia,Natural Sciences,1.831869925348628,Yes,Scholarship,0.8045497945966695,0.17239253581461508,Tier 4,Blue Card,TOEFL,0.6867019385818278,1
USA,Germany,Business,0.844406994702002,No,Quality of Life,0.006984655566629895,-0.7430966295628528,J1,Post-Study Visa,IELTS,0.7096394451379933,0
South Africa,UAE,Computer Science,1.8084333696076995,Yes,Quality of Life,1.4896339783531956,-1.5099560820057094,Tier 4,OPT,IELTS,0.748275694675354,0
UAE,Germany,Computer Science,0.035818062877117786,Yes,Political Stability,-0.0044495680544937525,1.088641112864082,Tier 4,Blue Card,PTE,1.2299416086974848,0
Ireland,USA,Medicine,1.8187316107904412,Yes,Higher Ranking,0.8016652253864572,0.5330450771757276,F1,Work Permit,None,-2.4902973847051877,1
Canada,Canada,Arts,-0.002695442240889044,Yes,Quality of Life,-0.7770077582907658,1.8217447331174093,Study Permit,PSW,None,-0.2662540217893417,1
Ireland,Canada,Business,1.7466208829384695,No,Higher Ranking,1.4956217717972282,1.0541494442352963,J1,PSW,IELTS,1.2200438422430386,0
India,Russia,Medicine,-0.9592290663928205,Yes,Political Stability,0.008324281750983875,0.5633103541168454,Schengen Student Visa,Blue Card,Duolingo,0.055859020585838234,0
Finland,Canada,Law,-0.9446604562508246,Yes,Higher Ranking,-1.6722551705611697,2.1765220292478222,F1,PSW,IELTS,1.0008022032902786,0
Ireland,USA,Social Sciences,0.8812028088480752,No,Quality of Life,-0.04538319120480126,1.120453537088265,J1,OPT,None,0.5264676606839528,0
USA,India,Natural Sciences,-0.1120956024874078,Yes,Job Opportunities,0.747012804053967,0.1627315837601189,Tier 4,PSW,IELTS,0.646653947833113,0
Germany,UK,Computer Science,-0.8890769487424427,No,Quality of Life,-0.020525697248766815,-1.9965647381274132,Study Permit,Blue Card,None,-2.4781384829392787,1
Germany,USA,Computer Science,0.9049669904007259,Yes,Political Stability,-0.031672249789015554,-1.1655001789706285,Schengen Student Visa,PSW,None,-2.4931827147602967,1
Finland,Ireland,Natural Sciences,-0.9312477849914347,Yes,Job Opportunities,-0.8656968879617273,-1.9030226224190847,Tier 4,Work Permit,TOEFL,1.1166622175712353,0
Russia,UK,Business,1.82355300522127,No,Quality of Life,0.72108546720414,1.6364022717833926,Schengen Student Visa,PSW,IELTS,0.7960586066892325,1
Canada,Finland,Business,0.05187525052001513,No,Higher Ranking,0.7145088537562772,1.2820719096211146,Schengen Student Visa,Work Permit,IELTS,1.383959550067719,0
South Africa,Canada,Medicine,-0.05698406239057506,No,Job Opportunities,0.7713369179879285,-0.5681798484315433,Study Permit,Post-Study Visa,PTE,1.113200118606367,0
Finland,South Africa,Business,0.8119083070204656,Yes,Quality of Life,0.006946518593493028,2.1566032974935387,F1,Work Permit,IELTS,0.30596645562676733,1
UK,UK,Law,1.8518209697437407,No,Scholarship,1.421296253872023,-2.146941063515644,Study Permit,PSW,TOEFL,1.2502214816835746,0
Russia,UAE,Computer Science,-1.8592532292875894,No,Scholarship,-2.4187200933119644,-0.05262166560134071,Tier 4,Blue Card,PTE,1.3390558872282443,0
Ireland,USA,Social Sciences,1.8164596720284123,Yes,Higher Ranking,0.8601229792187781,-2.1357960737543156,Schengen Student Visa,PSW,PTE,0.4535509376086492,0
Russia,India,Medicine,-1.8149017790667799,Yes,Political Stability,-2.375685046978392,-0.5987835996581533,F1,Post-Study Visa,Duolingo,0.4118669573855929,0
India,Ireland,Business,-0.9280093428639326,Yes,Scholarship,-0.8342677503422734,1.910881519698213,F1,Blue Card,TOEFL,-0.19474060862695317,1
UAE,Germany,Medicine,1.887678250479156,No,Quality of Life,2.2745703888930775,1.655241093014704,Schengen Student Visa,OPT,PTE,0.16315949858498863,1
USA,Canada,Natural Sciences,1.810269786901813,No,Political Stability,1.480066267289013,-2.0542193479379587,Student Visa,PSW,IELTS,1.3588062070026818,0
India,USA,Engineering,-1.9067728173089533,Yes,Higher Ranking,-0.7762919593858002,1.926798398913067,F1,OPT,None,-2.438403137484208,0
UAE,Russia,Natural Sciences,-1.827720443980031,Yes,Political Stability,-2.404380586342816,0.6625128413974022,F1,Post-Study Visa,IELTS,0.7851288770678394,1
UK,Germany,Social Sciences,0.9741501573932777,Yes,Scholarship,0.7041689136443432,-0.25609574547103015,Tier 4,Blue Card,PTE,0.09374530426851638,1
UK,USA,Medicine,1.8441663444280854,No,Job Opportunities,2.2027498458950423,1.2311134860243422,Schengen Student Visa,Work Permit,TOEFL,1.2813865194915328,1
Canada,Ireland,Social Sciences,0.8259402486523619,Yes,Quality of Life,-0.057569792544139325,-1.8774932897323235,Schengen Student Visa,Blue Card,IELTS,0.8873978092194678,0
USA,Russia,Medicine,0.946141444292346,Yes,Job Opportunities,-0.14826277744796793,1.6332387467681102,F1,Blue Card,TOEFL,0.3062573451024643,1
South Africa,South Africa,Natural Sciences,1.7332342043706963,Yes,Scholarship,1.57394641574015,-1.0331408587103805,F1,Work Permit,Duolingo,1.0930227764626472,1
South Africa,UAE,Business,-1.8582283807321918,Yes,Quality of Life,-0.7722058948727739,-1.9255776956569517,Student Visa,Post-Study Visa,TOEFL,1.1099430709158733,1
Canada,UAE,Arts,-1.9023384648027428,No,Political Stability,-0.7689078198491479,1.955098950805386,Tier 4,Blue Card,TOEFL,1.3942407738217155,1
Germany,Ireland,Arts,-0.061501668781719504,No,Political Stability,-0.050453984130021626,-0.6058470771688503,F1,Blue Card,TOEFL,0.8904367710144006,0
Germany,USA,Social Sciences,-1.7482684352105076,Yes,Higher Ranking,-0.8264822718381236,1.4577573139935054,J1,OPT,None,-2.4839457921049655,1
Germany,Finland,Social Sciences,0.056879973859522336,Yes,Higher Ranking,-0.821498681731598,0.7530845716104103,F1,Blue Card,TOEFL,1.1580718735470032,1
India,Ireland,Law,-0.014608234362715437,No,Job Opportunities,-0.7839005374205226,0.6225838433996486,Schengen Student Visa,OPT,IELTS,1.0114386154037847,0
Finland,Finland,Arts,-0.9475154651147386,No,Job Opportunities,0.02882610429697736,2.140575200085187,J1,Post-Study Visa,TOEFL,0.05184305730943993,0
Russia,India,Computer Science,-1.7613356972668246,Yes,Political Stability,-1.5928008185430145,-0.15853233502060474,J1,Blue Card,PTE,0.7698671896190242,0
UAE,USA,Computer Science,-1.8954245441140534,No,Job Opportunities,-1.5855208083286119,-0.7923238172516847,Schengen Student Visa,PSW,IELTS,-2.4338879475611708,1
Canada,Canada,Arts,-1.8890354284952962,No,Job Opportunities,-2.303613887798024,-1.667058155938181,F1,Blue Card,IELTS,-2.499393226021552,0
UK,Finland,Computer Science,1.8042411318070963,No,Political Stability,2.213856188782606,-1.6917372879720045,Tier 4,Blue Card,IELTS,0.494097882736394,1
Russia,Germany,Arts,0.8548963382212216,No,Quality of Life,-0.010341269431347491,1.2747126907109743,Schengen Student Visa,Work Permit,TOEFL,0.19115780147542535,0
Russia,Germany,Natural Sciences,-1.9305785470174552,No,Political Stability,-1.6286541223569018,0.16167687696148994,Study Permit,OPT,PTE,-0.25609617453416134,1
Finland,Russia,Social Sciences,0.9613611295849764,Yes,Political Stability,-0.00721489166034894,-0.6682672386287279,Tier 4,OPT,Duolingo,0.12871394078450316,0
USA,Russia,Natural Sciences,1.868150968887313,No,Quality of Life,1.491495501142797,-0.7238638527554795,Student Visa,Post-Study Visa,None,-2.5046552902167605,0
South Africa,Finland,Computer Science,0.046405839026381346,Yes,Higher Ranking,0.7795144638548195,-1.8000097901135574,J1,Blue Card,Duolingo,1.2204711080558195,0
Russia,Ireland,Engineering,-0.921175331997905,No,Quality of Life,0.05036868726596859,1.7108717793463635,Tier 4,Work Permit,Duolingo,0.4795912118532839,1
Germany,UAE,Social Sciences,0.9789260636549155,Yes,Quality of Life,1.5653076010903963,1.4510725438996537,Tier 4,Post-Study Visa,PTE,1.0550971036431624,0
Russia,UK,Natural Sciences,-1.873635536973347,Yes,Quality of Life,-0.8109162203336915,0.6859816264407989,Student Visa,Work Permit,IELTS,-0.20061830341669964,1
UK,Ireland,Medicine,-0.9010768484927897,No,Higher Ranking,-0.7060130589836264,-1.8858279423561455,Schengen Student Visa,Work Permit,TOEFL,0.25210479884582404,0
India,Germany,Business,-1.902235553692351,Yes,Higher Ranking,-1.5999893564764938,0.732328613218636,J1,Work Permit,TOEFL,0.8775064904597958,0
USA,Germany,Social Sciences,1.004048374452188,Yes,Quality of Life,0.019365343202972108,-0.07471552799520985,J1,OPT,PTE,-0.21013137338293975,0
Ireland,Canada,Engineering,-0.8950968925908279,Yes,Political Stability,-1.5818424665880482,1.091934779480389,J1,Work Permit,PTE,0.1806139091429122,0
USA,UAE,Business,-1.8103412224502136,Yes,Job Opportunities,-1.5402707132618727,-2.143816690928288,Study Permit,Post-Study Visa,PTE,-0.09903404811757542,1
India,UAE,Business,-0.9415557569483634,No,Scholarship,-0.03693244800116553,-1.176160209016074,Tier 4,Post-Study Visa,PTE,1.1150669229560513,0
Germany,Russia,Law,-1.8310026405613364,Yes,Quality of Life,-0.7188184797646922,0.7053945116004753,J1,Work Permit,IELTS,0.6463384354053482,1
USA,South Africa,Medicine,-0.016985098300235493,Yes,Political Stability,-0.05319730201635649,1.5411307258249365,J1,Work Permit,PTE,0.6840993223829628,1
South Africa,Ireland,Business,0.9373119760516886,Yes,Quality of Life,0.8064005131258464,1.5441965481894857,Student Visa,Post-Study Visa,TOEFL,-0.03647458925184707,1
Germany,India,Engineering,1.7967330209805072,Yes,Job Opportunities,2.3234341935593976,-0.2927064371228557,Study Permit,Post-Study Visa,Duolingo,-2.4077621800283593,1
USA,Germany,Engineering,0.014651658199150543,No,Higher Ranking,-0.8806435035571666,1.6514594149868491,Tier 4,PSW,IELTS,0.08301267723464255,1
Germany,India,Social Sciences,-1.9223398480151723,No,Scholarship,-2.3103057331753085,-1.6782217130021124,Study Permit,Post-Study Visa,IELTS,0.5082324729852989,1
Canada,India,Medicine,0.9073852606786725,No,Quality of Life,1.555281042087324,2.078027116622224,Schengen Student Visa,Work Permit,Duolingo,0.9527453585709695,0
UK,India,Arts,1.8456049261019813,Yes,Political Stability,2.3443579176287224,-1.7741673363423878,Student Visa,Post-Study Visa,None,-0.20339384960972673,0
Ireland,Canada,Arts,-0.964672293382024,No,Scholarship,-0.8568746991462252,-2.1713526313373386,Tier 4,Work Permit,PTE,1.032620117224723,0
USA,Canada,Law,0.8341273679355142,Yes,Scholarship,1.536928660363906,-2.0916733664311224,J1,OPT,None,1.147260135139312,1
Ireland,Russia,Arts,-1.8595553166591277,No,Political Stability,-2.3674194436079317,-0.4463885917204205,J1,OPT,None,0.8944123153417283,1
Germany,USA,Social Sciences,-0.06151387696557852,Yes,Job Opportunities,0.026274067712667385,-1.2262083178546035,J1,OPT,None,-2.5172089225463585,0
USA,Finland,Arts,1.8421150652312677,No,Scholarship,2.272918777308385,0.5780121775749191,Study Permit,Post-Study Visa,None,-2.505762848700861,1
Ireland,Ireland,Law,-0.935952225493536,Yes,Job Opportunities,-0.8168483320903049,-0.8725773220484092,Tier 4,PSW,None,-2.5463271274521264,0
South Africa,Ireland,Engineering,0.8815152164726899,No,Political Stability,-0.08133153655618165,-1.415460107834704,J1,Post-Study Visa,TOEFL,-0.0072443787777862895,0
Ireland,South Africa,Engineering,-0.931823752958474,Yes,Political Stability,-1.4847061665346406,0.5358901238719218,Study Permit,Post-Study Visa,Duolingo,1.0486192447707112,0
USA,South Africa,Computer Science,-1.8960357411112547,No,Quality of Life,-1.5322016007993757,-0.40994713248860476,Study Permit,PSW,TOEFL,0.7431392490146439,0
USA,Germany,Business,0.8220702735351638,No,Quality of Life,1.524821378700486,1.8492580110364858,F1,Post-Study Visa,TOEFL,0.9724044457292346,0
Ireland,Germany,Medicine,0.9019279081690209,Yes,Scholarship,0.7001862904422694,-1.0894912926695892,Student Visa,Blue Card,None,-2.377734977013736,1
Finland,UK,Engineering,-0.8744656285975643,Yes,Higher Ranking,0.00497969153690038,-1.066704418992942,Tier 4,Work Permit,None,-2.483661158426512,1
Ireland,Finland,Business,1.7989705316659552,No,Quality of Life,2.234562587973204,0.144997934888858,Student Visa,Post-Study Visa,Duolingo,0.45123610421242516,1
Ireland,UK,Engineering,-0.9240714047120449,Yes,Higher Ranking,-0.823946360791095,1.9788881419006097,F1,OPT,Duolingo,1.2597598987041685,0
Ireland,USA,Engineering,-0.8170048611136325,Yes,Quality of Life,-0.7201540628973988,-0.5738247886101956,Tier 4,Work Permit,TOEFL,0.9957486896512584,0
UK,Russia,Business,0.8912006507114,No,Political Stability,-0.009751731495738054,-2.2473629583250245,Study Permit,Work Permit,IELTS,0.2809764372658728,1
India,Canada,Law,1.7951789318204137,Yes,Higher Ranking,1.560174432135011,0.7116706957136253,Schengen Student Visa,Post-Study Visa,None,0.3835250455845759,0
Germany,Ireland,Computer Science,1.781126270573755,Yes,Scholarship,0.755396686705593,0.7649178593347197,Schengen Student Visa,PSW,IELTS,-0.034874124761691355,1
UK,Canada,Medicine,-1.8524849567948738,No,Political Stability,-1.608609303194129,0.6733819382051754,Schengen Student Visa,PSW,Duolingo,0.8355280021562158,1
UAE,Russia,Natural Sciences,-0.9821464980003456,Yes,Scholarship,-1.502596752414471,-0.3539203761002591,Tier 4,PSW,PTE,0.6107950387930288,0
Germany,India,Medicine,-0.8753231989076601,Yes,Scholarship,-1.5162903136299795,0.4965429561723894,F1,Work Permit,Duolingo,1.066947588818163,0
Germany,Russia,Computer Science,-1.8695146379280962,Yes,Quality of Life,-2.401273055777519,1.1727977281463091,Student Visa,Blue Card,IELTS,0.0695071293013229,1
South Africa,Finland,Business,-1.9061259805846824,No,Quality of Life,-2.4370643191499113,0.22139401632691427,Schengen Student Visa,Blue Card,TOEFL,0.12797209799406384,1
South Africa,Ireland,Computer Science,0.9392236950904634,No,Job Opportunities,-0.05710795894841107,-1.8170065452946602,F1,OPT,Duolingo,0.9378458477864344,0
USA,UK,Computer Science,-1.750083430366986,Yes,Quality of Life,-0.8595287998071073,1.9248157608754488,F1,Blue Card,IELTS,0.641922992896594,0
Canada,USA,Natural Sciences,-0.8796610018582592,No,Political Stability,-0.12050655546374832,0.24185661574927622,J1,Work Permit,IELTS,1.0110346438251656,1
USA,USA,Computer Science,0.027031729658018547,No,Quality of Life,-0.028991691101435194,0.9331836327540709,Schengen Student Visa,Post-Study Visa,None,-2.411243554648977,0
Finland,Canada,Engineering,-0.8346015954922685,Yes,Job Opportunities,-0.7627982712480019,1.0020196747529753,Tier 4,PSW,Duolingo,0.7864343327164737,1
USA,Canada,Law,0.930097917335962,No,Quality of Life,1.6069577144222578,-0.02659145651450535,J1,Blue Card,TOEFL,1.2793207285884163,0
UAE,USA,Social Sciences,-0.02647485537663235,No,Scholarship,-0.0012926304113050277,1.8030968737680229,Study Permit,Post-Study Visa,Duolingo,1.2029159809355123,1
Canada,Germany,Law,-0.9118310465962627,Yes,Political Stability,-0.018325113299401147,1.5550965812320998,Schengen Student Visa,Blue Card,None,-2.4235204533588024,1
India,UK,Law,-0.010938905058985673,Yes,Political Stability,0.8180554077979812,-0.24651084765271564,Student Visa,Post-Study Visa,None,-2.4985143639571055,0
Germany,UAE,Computer Science,0.99552410937469,No,Scholarship,1.5815867953775324,0.9654998809668643,Student Visa,OPT,Duolingo,0.2532691490496156,1
Ireland,Germany,Engineering,1.7411030935608482,Yes,Scholarship,1.6724498369710838,0.7586865082295553,Tier 4,OPT,IELTS,0.9547675118608314,0
India,South Africa,Computer Science,1.8547949875674583,Yes,Higher Ranking,1.4651873823235044,1.0244168097014705,J1,Post-Study Visa,Duolingo,0.9321672163751749,0
UAE,USA,Business,-1.8811360794138066,No,Scholarship,-1.5510145660658912,-1.0634289230183918,J1,OPT,Duolingo,1.3378332733201337,1
UK,USA,Law,-1.8684351923402347,No,Political Stability,-0.8110553768575753,0.9730482988318352,Study Permit,Post-Study Visa,PTE,-0.3710612304720511,0
Russia,USA,Business,0.8986543583378123,Yes,Job Opportunities,0.8102852455607298,-1.770386618504452,Student Visa,Blue Card,None,0.8288862146452994,0
UK,Finland,Computer Science,0.9069011083992204,Yes,Quality of Life,-0.05234403699075581,-2.2276775589536864,Student Visa,Work Permit,None,-2.477363342637502,1
UAE,UAE,Natural Sciences,1.7925066012263615,Yes,Job Opportunities,2.27263539008595,-1.4278446007135837,Student Visa,OPT,None,1.422844318639047,1
USA,Canada,Business,0.8841581595116169,No,Scholarship,1.5209665355909048,-1.8637410455238377,Study Permit,Post-Study Visa,TOEFL,0.704241825138118,0
India,Ireland,Law,-1.874429911655675,Yes,Job Opportunities,-1.6175902292187647,2.223681112627837,Schengen Student Visa,OPT,PTE,0.8784157951367265,0
UAE,South Africa,Social Sciences,0.012750121711150695,Yes,Job Opportunities,-0.0002757953460367328,0.9535704746936655,Tier 4,OPT,IELTS,0.9686868337181733,1
India,Canada,Engineering,0.007084363790020214,No,Job Opportunities,-0.022353035402460013,-0.5672117938615959,Study Permit,Post-Study Visa,Duolingo,0.8066770453732519,0
UAE,Finland,Business,1.8743862317256188,No,Scholarship,2.336603645857404,1.4941831925280917,F1,Post-Study Visa,Duolingo,-2.4326403981101503,0
India,South Africa,Computer Science,-0.15283252454773402,No,Political Stability,-0.8037105271650504,2.22209131072475,Tier 4,PSW,TOEFL,-2.468353220874667,1
South Africa,UAE,Medicine,-1.8361705999299645,No,Job Opportunities,-2.4383684226986024,1.4267262400608043,Study Permit,PSW,PTE,0.960176165726626,1
UAE,UAE,Natural Sciences,0.020006845460821744,No,Political Stability,-0.7806065704661749,1.7779334684151284,Schengen Student Visa,Blue Card,Duolingo,1.388255770834871,1
UAE,Germany,Arts,0.8388609989452206,No,Scholarship,0.06847662669308102,1.6848856865488935,Study Permit,Work Permit,None,-2.399311680216137,0
South Africa,South Africa,Engineering,1.78973963372834,No,Higher Ranking,1.6333165048943399,1.9187302926811902,J1,PSW,None,-2.513254585926912,0
UAE,India,Engineering,0.8959145651728553,Yes,Higher Ranking,0.7966589652321002,1.6044391787708547,Student Visa,Work Permit,PTE,0.548319746307262,0
USA,Finland,Social Sciences,1.879244340037533,No,Higher Ranking,1.5560552465700292,1.6667860868593602,Student Visa,Blue Card,None,-2.4562707488503794,0
Russia,India,Law,-0.9014529983789272,Yes,Quality of Life,-1.5757806875824374,-1.6543876693465764,Tier 4,PSW,Duolingo,1.2915079872040642,0
Canada,Ireland,Engineering,1.7935023600794084,No,Higher Ranking,1.5169306887098197,0.624028986880831,F1,OPT,IELTS,0.4989626012373947,1
USA,Russia,Engineering,-0.9451552086356326,No,Higher Ranking,-1.566797332437379,0.9074648320768572,F1,OPT,IELTS,1.3760375633788358,0
USA,UAE,Social Sciences,0.008079070191610862,Yes,Job Opportunities,-0.7789978161238534,-1.16218796009495,Student Visa,OPT,IELTS,1.4272304006897005,1
UK,UK,Computer Science,0.8358482458382603,Yes,Political Stability,0.03827030609087023,1.8077128778029958,Student Visa,PSW,None,-2.513587544870498,0
USA,India,Natural Sciences,-1.739784299548762,Yes,Job Opportunities,-1.5881935594084613,-0.9081363318044238,J1,PSW,Duolingo,0.49289435039012064,0
Russia,Russia,Computer Science,-0.9156470297175372,Yes,Job Opportunities,-0.007818010394043924,1.8052792142121639,J1,Blue Card,Duolingo,-0.2922348782593093,1
Russia,Finland,Law,0.9196265011995928,Yes,Higher Ranking,0.7367013197337627,-0.3622794050868139,Tier 4,Post-Study Visa,IELTS,1.0174990931735513,1
UAE,Ireland,Law,0.8751517443036732,No,Higher Ranking,1.4592298274399031,-0.5958041733893126,Study Permit,Work Permit,Duolingo,-0.08980451253420672,1
Finland,Germany,Arts,-0.09819355415621685,Yes,Quality of Life,-0.8398309359676001,-2.1422158140672756,J1,Work Permit,Duolingo,1.0444670433851717,1
Canada,UAE,Arts,1.006830685416363,No,Job Opportunities,0.7090517723498331,0.36417032874729316,Tier 4,PSW,TOEFL,0.786926779044831,1
South Africa,UK,Law,1.8485978794658728,Yes,Political Stability,2.276209294206255,-1.9419247703554419,Study Permit,PSW,IELTS,0.5175237233179406,1
USA,South Africa,Natural Sciences,-0.9414575403340283,Yes,Political Stability,-0.7745416382408336,2.275037137919849,Schengen Student Visa,Post-Study Visa,None,1.0272500125590565,0
Germany,Finland,Computer Science,-1.929559632285744,No,Higher Ranking,-2.4048815366913616,0.29884120350706805,Tier 4,Blue Card,None,-2.486103811733936,0
Finland,South Africa,Arts,0.878052962289371,No,Job Opportunities,0.6829710345040135,0.9971116503084219,Tier 4,Post-Study Visa,Duolingo,1.2342931901586802,1
India,Finland,Arts,-0.06149021805378757,No,Quality of Life,-0.050559601277123487,0.8368765960316303,J1,OPT,PTE,0.9891347666300748,0
Canada,India,Natural Sciences,-1.0114759777557516,No,Scholarship,-1.578299081726076,1.763447821060735,F1,PSW,None,-0.09268929624636496,1
UK,Finland,Business,1.8234139143170387,No,Political Stability,1.4747624932335979,-1.248617932812146,Study Permit,Blue Card,IELTS,0.8373815260214991,1
Russia,India,Business,-0.10587421402718286,Yes,Quality of Life,0.013061254290630073,1.7238943790052905,J1,Blue Card,IELTS,1.2771684868980786,1
South Africa,Germany,Natural Sciences,0.8982262520643236,No,Quality of Life,1.4919918738017943,0.5689364972866928,Schengen Student Visa,OPT,PTE,1.418054993058976,1
Ireland,Canada,Natural Sciences,0.009662231642119488,No,Quality of Life,0.7218387342361505,-0.12046327654299196,Study Permit,PSW,Duolingo,1.1965202870110347,1
India,USA,Arts,0.9196969403441861,No,Higher Ranking,0.07375286500950147,0.11743636986758342,Study Permit,OPT,Duolingo,-2.4932731222194677,0
Germany,South Africa,Social Sciences,-1.8119792047948666,Yes,Job Opportunities,-1.4955790104438789,-1.03040951671499,Tier 4,OPT,TOEFL,1.4748052480790985,1
Finland,Ireland,Arts,0.9427433726815645,Yes,Political Stability,-0.03776762618499568,2.0971148966759046,Tier 4,OPT,TOEFL,0.22410555749215333,0
Ireland,UAE,Arts,1.866612442578284,Yes,Higher Ranking,0.6056761643088509,0.9738296889236429,Schengen Student Visa,Post-Study Visa,Duolingo,1.3621137199059359,1
Finland,USA,Arts,-0.03440850817349894,No,Quality of Life,-0.7242669779885751,-2.0301211857152,Schengen Student Visa,Blue Card,TOEFL,1.3614250212593306,0
Ireland,South Africa,Medicine,-1.8927056011171532,No,Political Stability,-2.3943614834868194,1.8409441830051836,Student Visa,Post-Study Visa,Duolingo,0.29455623765680033,1
Finland,UAE,Computer Science,-0.03705737109225208,Yes,Political Stability,-0.7763526167642809,1.6711384265809985,Tier 4,Blue Card,IELTS,0.6739689632390148,0
Germany,USA,Social Sciences,1.7812962658487566,Yes,Quality of Life,1.521632093062581,2.0244688022619104,J1,Post-Study Visa,TOEFL,1.0145202584233641,1
Finland,UK,Social Sciences,1.8495698525648052,No,Higher Ranking,1.5266799425730315,-0.872888570907992,Schengen Student Visa,Post-Study Visa,IELTS,-2.5581806408768695,1
USA,Finland,Engineering,-0.020579984019593482,No,Higher Ranking,-0.7845741741601963,1.491555815659246,J1,PSW,None,-2.4638410960004773,1
Canada,Canada,Law,-1.85379254517213,No,Higher Ranking,-2.391443266002681,0.8445137768412021,Student Visa,Blue Card,Duolingo,0.5247963999983903,0
Russia,UAE,Medicine,0.09887313021424975,No,Political Stability,0.6760535346570778,1.814662724794706,Schengen Student Visa,Blue Card,None,0.9244249374106318,0
South Africa,South Africa,Business,-1.8782842972387708,Yes,Quality of Life,-0.7295325924394127,-1.7819537971725516,Schengen Student Visa,PSW,IELTS,0.5227315439767113,0
India,South Africa,Medicine,-0.9500712564625207,Yes,Political Stability,-0.09815999215092724,-1.0365004848103425,Tier 4,Post-Study Visa,TOEFL,0.6593365146055779,1
Germany,UK,Arts,1.8081141122974347,No,Political Stability,2.378337514539916,0.42662283482560964,J1,OPT,Duolingo,1.4511866483381428,0
Germany,UAE,Computer Science,-0.9931553041489171,Yes,Political Stability,-0.03644929105052505,1.9504835165476309,F1,Work Permit,PTE,0.39337584296595846,1
Canada,South Africa,Social Sciences,0.9630149597698944,Yes,Higher Ranking,1.5298398769805497,-1.3905194313805431,J1,Post-Study Visa,PTE,0.95294514845011,1
Germany,Canada,Social Sciences,0.9249852029663882,No,Political Stability,0.7729782309897388,0.09438919753332761,Tier 4,PSW,IELTS,0.7340139453058365,0
UK,UAE,Law,-0.9315167546076417,No,Higher Ranking,-0.8471625619280647,-0.1554703632426983,F1,Blue Card,TOEFL,1.381558566895922,0
USA,Canada,Business,1.8772816951654776,No,Scholarship,2.3022403911200326,-1.54450254316669,Study Permit,Blue Card,PTE,0.19621269031402094,1
USA,Finland,Computer Science,1.0088134842820717,No,Political Stability,-0.0047713104013307,-0.7977322188702196,Tier 4,Blue Card,TOEFL,0.6807379239511603,1
UK,Canada,Business,-1.7867022258070915,No,Scholarship,-2.326648687846878,2.1082925530396577,F1,Post-Study Visa,Duolingo,1.3722733905883797,1
Finland,Russia,Social Sciences,0.8777645319621937,No,Scholarship,-0.07300960066932398,1.2582552790443937,Tier 4,Blue Card,PTE,0.2769471610045299,0
UK,UK,Medicine,0.8038612594583668,Yes,Quality of Life,1.5605652625741067,0.39713644105467033,Student Visa,PSW,PTE,-2.5230435097855346,0
Canada,Germany,Social Sciences,0.9248160922330009,No,Scholarship,-0.044619866085030616,0.7058255188910869,Study Permit,PSW,Duolingo,0.8811287237598265,0
India,India,Computer Science,-0.014205922193869375,Yes,Scholarship,-0.10694438081239302,-0.9941572459785663,J1,Work Permit,PTE,0.7149715063926583,0
UAE,UK,Computer Science,1.8102935744720587,Yes,Scholarship,0.686893806781172,1.4007781149131355,Schengen Student Visa,Post-Study Visa,TOEFL,0.3814737048525317,0
Germany,Canada,Natural Sciences,-0.8762826069128838,No,Job Opportunities,-0.7901060421358199,-0.34854326502394933,F1,OPT,TOEFL,0.3950921480986266,0
USA,India,Engineering,1.8506160086506487,No,Quality of Life,2.297672900164857,0.4323522990750628,F1,Post-Study Visa,PTE,1.1183213191303227,0
India,UK,Arts,-1.7286990237114477,No,Higher Ranking,-2.357218472950218,1.3220616631035835,Schengen Student Visa,Blue Card,TOEFL,-0.14819302428308287,1
UK,Canada,Business,-1.825403895519228,Yes,Job Opportunities,-1.6092860069653574,-1.5642451374524085,Schengen Student Visa,OPT,PTE,1.360360227692738,0
Finland,UK,Social Sciences,-1.877687830244393,No,Higher Ranking,-2.4150642783375424,-1.560065994368307,Tier 4,Post-Study Visa,Duolingo,0.07552534669136218,1
Germany,South Africa,Business,-0.9144712985655185,Yes,Political Stability,-0.7694806661475877,1.2975941469578807,Student Visa,Post-Study Visa,Duolingo,1.4426192671800584,1
USA,Finland,Natural Sciences,-1.8974041041462286,Yes,Political Stability,-1.6527918512245583,0.8131224807390635,Study Permit,Post-Study Visa,TOEFL,0.43354682847864207,1
Russia,UK,Law,-0.8755961265863323,No,Political Stability,-0.8334742145112125,-1.0291343402775863,Study Permit,Blue Card,None,0.9425471809068656,0
Germany,USA,Engineering,0.8981087884620935,No,Job Opportunities,-0.11849034324147267,2.087557679178122,Schengen Student Visa,OPT,Duolingo,0.540738064685429,0
Russia,India,Business,-1.744568978854301,Yes,Higher Ranking,-0.8243748030272228,-0.5027242183659216,Schengen Student Visa,Work Permit,None,1.4562518779628764,1
Finland,India,Medicine,-1.8281290902169065,Yes,Job Opportunities,-0.6997833889431234,-1.6551860515945944,Schengen Student Visa,Post-Study Visa,TOEFL,1.0717957509055713,0
Germany,Russia,Natural Sciences,0.9989240279458714,Yes,Quality of Life,1.5202344113090127,-0.3835579509451821,J1,PSW,None,-2.427370122952549,0
Canada,Ireland,Natural Sciences,-0.9505654114711569,No,Job Opportunities,-0.8216346905429579,-0.08328689441265483,Student Visa,Blue Card,PTE,1.3392106709719875,0
Canada,Russia,Law,1.7525506331460017,No,Scholarship,1.557529745766894,1.643066116853309,Study Permit,Work Permit,None,-2.482136813140617,1
Canada,Russia,Natural Sciences,0.9039552556072303,No,Higher Ranking,0.7564063424819111,2.064457524963661,Schengen Student Visa,Post-Study Visa,IELTS,0.9752955373097012,0
USA,UK,Computer Science,0.9065152171617612,No,Quality of Life,0.7401521814959828,1.121809945373682,F1,Post-Study Visa,IELTS,0.5034559397461758,0
Canada,Finland,Social Sciences,-1.8565124907619694,Yes,Job Opportunities,-1.558624886026913,-1.9327123375902584,Schengen Student Visa,Post-Study Visa,TOEFL,0.4042366542063811,1
Russia,UAE,Business,1.8748271844175175,Yes,Political Stability,0.8245481252778455,-0.8954444950222218,F1,Post-Study Visa,Duolingo,1.4177684241291106,0
USA,South Africa,Engineering,0.008985644550246264,Yes,Job Opportunities,0.7412661106360083,-0.5785293225479788,Tier 4,PSW,IELTS,0.8286757423903657,1
Ireland,UK,Social Sciences,-0.04589880791835013,No,Higher Ranking,-0.8354645238969229,-2.241223473685986,Schengen Student Visa,Blue Card,TOEFL,-0.22743415129000366,0
UAE,Ireland,Engineering,0.9123880791548477,No,Higher Ranking,1.5878944463210476,1.782887188227234,Tier 4,Post-Study Visa,Duolingo,-2.384897897655788,1
India,Ireland,Engineering,-1.879605888844502,No,Scholarship,-0.7447783281255943,0.7820286604513247,Schengen Student Visa,PSW,Duolingo,0.45860385789441177,1
Canada,India,Medicine,-0.870760588487165,Yes,Higher Ranking,-0.04544504628148568,-1.9149776183936205,Study Permit,Post-Study Visa,TOEFL,0.9984175066905873,1
Russia,Canada,Natural Sciences,0.942134287998456,Yes,Job Opportunities,0.8201344801030646,0.3814748034760854,Schengen Student Visa,Work Permit,TOEFL,0.5356886078709282,0
Germany,Russia,Computer Science,-1.8341524431695584,Yes,Higher Ranking,-0.7615429856452902,-1.614559474357197,Study Permit,Blue Card,IELTS,0.2065578969323399,1
USA,UK,Arts,-0.917247227161778,Yes,Scholarship,-0.010732397918700124,-1.468672604763651,Study Permit,Blue Card,IELTS,0.6525481020511575,0
UAE,India,Computer Science,-1.7889815719321411,Yes,Job Opportunities,-1.5066708022997195,-0.8450464269977819,Study Permit,OPT,None,0.016552264297817677,0
India,Finland,Business,-1.8282429291544178,No,Higher Ranking,-0.8827158648117,1.9126541570394173,F1,PSW,PTE,1.137298799322202,1
India,UK,Natural Sciences,-1.8396635780511161,No,Political Stability,-0.8218741307269288,-1.4051801978026492,Schengen Student Visa,PSW,TOEFL,0.08773899912722026,1
Germany,India,Arts,0.9631082389202708,No,Scholarship,0.7928989523560328,1.7999362645115105,Tier 4,OPT,TOEFL,0.3834150970255858,0
Canada,Russia,Arts,1.7904487589646083,Yes,Quality of Life,2.3405575388963547,1.4814266642029976,F1,Post-Study Visa,Duolingo,1.1690691804889302,1
Finland,Germany,Business,-1.9127899989805357,Yes,Job Opportunities,-2.297799409749941,0.09704628754794456,Study Permit,Work Permit,PTE,0.812172064883821,0
USA,Canada,Arts,-0.0496406365200159,Yes,Scholarship,0.7314072258381671,2.0184861084208863,Study Permit,PSW,IELTS,0.2931146527803792,0
South Africa,Russia,Natural Sciences,1.7849726426518326,Yes,Scholarship,0.795572855873404,-0.9821964332196924,J1,Work Permit,TOEFL,-2.403384858178836,0
India,UAE,Arts,-1.8528527233263679,No,Job Opportunities,-0.8563637605474652,1.3955177259800537,Study Permit,Work Permit,IELTS,-2.510072133022582,1
USA,UK,Medicine,0.029078752518325444,No,Scholarship,-0.0818194490833427,-1.9279686173494368,Tier 4,OPT,Duolingo,0.13305978885231565,0
Germany,South Africa,Natural Sciences,-0.023944145309373464,No,Higher Ranking,0.7508871806140491,2.066310288475884,Schengen Student Visa,PSW,TOEFL,0.9027674598777597,1
Canada,USA,Computer Science,0.019431408920830416,No,Job Opportunities,0.017124523600656517,1.3650958038370387,Schengen Student Visa,Work Permit,None,-2.513539194016715,0
UAE,Ireland,Social Sciences,-1.0177925861632073,No,Job Opportunities,-1.6087535518455753,-0.607061315878403,Student Visa,Work Permit,Duolingo,-0.23216653598070797,0
UAE,South Africa,Business,-1.9059992398129233,Yes,Higher Ranking,-1.5230761549738396,0.21401421048777425,Study Permit,Blue Card,PTE,-2.4671724792223086,0
USA,Finland,Business,0.9657149512708424,Yes,Higher Ranking,0.8332781777522918,-1.2874914987540729,Schengen Student Visa,Work Permit,PTE,0.39187259286256465,0
Russia,USA,Engineering,-0.9419426911418801,No,Political Stability,-0.837130268569565,-1.9449793440476082,J1,Work Permit,None,-2.526896458038146,1
India,UK,Engineering,-0.11791502869387999,No,Scholarship,-0.7110543726243099,-1.1205763570407676,Schengen Student Visa,PSW,IELTS,-0.2914357811415494,1
India,Russia,Engineering,-0.04436702486353294,Yes,Quality of Life,0.017906221481046394,-1.3189872277443153,Schengen Student Visa,Work Permit,PTE,0.17805476601019515,1
Canada,South Africa,Arts,0.8846290762745828,Yes,Higher Ranking,1.5920527061425844,-1.5099873472458956,Student Visa,Blue Card,None,-2.458880657801951,0
Canada,Canada,Arts,0.011336819466541416,No,Political Stability,0.1615101313239973,0.13826087081235783,Tier 4,Blue Card,TOEFL,0.5274471625353618,1
Russia,Ireland,Natural Sciences,-0.961167922574701,Yes,Political Stability,-0.6808421818422413,0.8813651386778542,Study Permit,Post-Study Visa,PTE,0.47553332646816543,1
India,Germany,Business,1.8363223483738247,Yes,Political Stability,2.321906846488157,1.8933156176183419,Study Permit,Work Permit,IELTS,1.4830775741741393,0
Germany,South Africa,Law,-0.9411708329087599,No,Scholarship,-0.8310499768674573,-1.5758693528230314,J1,PSW,None,-2.426085592586612,0
Russia,South Africa,Arts,1.7038558343197434,Yes,Scholarship,0.7603119044178508,-0.7873006137337061,J1,Post-Study Visa,IELTS,-2.408630251115715,1
Ireland,Finland,Business,1.8313291494839443,Yes,Job Opportunities,2.336462204003801,-1.9471273915387228,J1,Blue Card,TOEFL,0.8465351264507402,1
India,Russia,Computer Science,-0.13686846435719455,No,Job Opportunities,-0.7649108823675946,-1.8685543967560998,Tier 4,PSW,Duolingo,1.194932998855007,0
India,India,Law,-0.04456464648211654,Yes,Scholarship,-0.07873420090129978,0.8460224820806124,Schengen Student Visa,OPT,None,-2.4441538305440504,1
Germany,Canada,Arts,-0.04907164940399057,Yes,Political Stability,0.8167330794560661,1.7443609529207027,Tier 4,OPT,PTE,0.17972112029029658,1
Russia,UK,Computer Science,1.853621751774239,No,Higher Ranking,2.226050871351761,-1.8233247260292929,Schengen Student Visa,Post-Study Visa,Duolingo,0.34506689410642194,1
Finland,India,Law,0.8871902298579466,Yes,Scholarship,-0.07399510914705629,1.9862346355228488,Schengen Student Visa,Post-Study Visa,IELTS,-2.4637722464925034,0
Ireland,Germany,Medicine,-0.8711210824221018,Yes,Scholarship,-1.514992951338831,1.8482047069260807,F1,Blue Card,None,-2.4639518615051412,0
Canada,UAE,Computer Science,1.862170009807459,No,Scholarship,0.7379474533513851,-1.457202732700429,Study Permit,OPT,TOEFL,0.5717395342944976,0
Russia,UK,Natural Sciences,-1.8529263054056246,Yes,Job Opportunities,-0.80248048589439,-1.1000612448070781,Schengen Student Visa,Post-Study Visa,IELTS,-0.2660777443483781,1
Russia,Canada,Social Sciences,-1.8173927954253575,Yes,Scholarship,-0.8167531005289422,-2.0704970411783403,J1,OPT,None,0.6226945114220068,0
India,Russia,Business,1.8384352111892037,Yes,Higher Ranking,0.7496210171358791,2.04659383393953,J1,Work Permit,PTE,-0.042466452850273555,1
South Africa,UK,Business,-1.9204483236755687,Yes,Political Stability,-2.3685065054234538,0.3696800039764949,Tier 4,Blue Card,IELTS,-0.15874819845836755,0
India,Canada,Law,-0.9482331769428244,Yes,Scholarship,-0.8913536261982028,-0.3552737095996397,Tier 4,Blue Card,Duolingo,0.03447877168268752,0
Finland,South Africa,Social Sciences,-1.7758866446155106,No,Higher Ranking,-1.6329446240608403,1.6149209920029244,Tier 4,PSW,IELTS,-0.1005410092686295,1
UK,UAE,Natural Sciences,-0.9103557550066839,Yes,Higher Ranking,-1.5900728564647102,0.6635231541753881,Student Visa,PSW,PTE,1.4266518236329173,0
Finland,Ireland,Social Sciences,1.7554295041774963,No,Scholarship,2.396776594022534,-1.879487292806581,F1,Blue Card,PTE,-2.4480219228054376,1
Finland,Ireland,Law,-0.06255505908010853,No,Job Opportunities,-0.7155232041859133,1.6611690851475995,Schengen Student Visa,OPT,None,-2.5628889485993267,1
UK,UAE,Engineering,-1.7938900282594827,No,Scholarship,-1.5950387097064258,1.411910921921342,Student Visa,Post-Study Visa,None,-2.5127022883956993,0
Germany,UAE,Computer Science,-0.9591114366646537,No,Higher Ranking,-0.8829151401482853,-0.12496483767309456,J1,OPT,Duolingo,0.07468886745611665,1
Germany,Finland,Social Sciences,-1.819430680696065,No,Scholarship,-0.8860419501417742,-1.40843854008296,Schengen Student Visa,Blue Card,IELTS,1.1655222099055251,1
UAE,Russia,Law,0.9738572548138004,Yes,Job Opportunities,0.7805908513792306,1.6374305700591698,Student Visa,OPT,None,-2.4962264863629793,0
Finland,Ireland,Law,0.9406396586531213,No,Quality of Life,1.54703683847584,0.05155083078317117,Student Visa,Work Permit,Duolingo,0.03231057531219958,1
Russia,India,Business,0.8134776584589172,Yes,Higher Ranking,1.571435240925681,-0.5257241896979492,Student Visa,OPT,None,0.09613684472602137,0
Ireland,UAE,Medicine,1.847294828288151,Yes,Political Stability,0.7110045610563498,1.9139264133280687,Schengen Student Visa,PSW,None,-2.4130167972661978,1
Ireland,USA,Engineering,-0.9628354598139008,Yes,Job Opportunities,-1.609063562881606,0.6981250390823626,Schengen Student Visa,Work Permit,None,1.0050020111844364,0
Finland,Ireland,Arts,0.8996187702383066,Yes,Quality of Life,1.5434871840055782,1.8495139530051454,Study Permit,Work Permit,PTE,-0.3036349696063263,0
India,India,Arts,0.8501811352311326,No,Job Opportunities,0.780790066356352,0.14091702460076078,J1,Post-Study Visa,IELTS,-0.14599011743496418,0
Finland,Germany,Business,0.9473459965234158,Yes,Quality of Life,1.5765390271898618,-1.1896057422063155,Tier 4,PSW,Duolingo,-2.478960373234261,1
South Africa,Finland,Business,0.7459419441467691,Yes,Higher Ranking,1.5242894273013796,-0.17658307917469704,Tier 4,Work Permit,Duolingo,1.2343149375123803,0
Ireland,UAE,Law,-1.8210491253781482,Yes,Political Stability,-1.5777880031340696,-0.04549104830976959,J1,PSW,None,0.358309963228862,0
India,UK,Law,0.8989830538633191,Yes,Political Stability,-0.02017779670407726,1.071739049523789,Schengen Student Visa,OPT,IELTS,1.2772151484762528,1
South Africa,Ireland,Natural Sciences,-1.8607384372801743,Yes,Scholarship,-2.4164359381263187,-0.2590886644949635,Tier 4,Work Permit,IELTS,0.5640757908085494,0
India,Russia,Natural Sciences,0.8651483509059454,Yes,Political Stability,0.7691514250493423,0.7642732932251213,Study Permit,Post-Study Visa,None,-2.565736660731814,0
Finland,Germany,Engineering,1.8243947198614103,No,Political Stability,2.2786438303500547,2.0997397608397854,Schengen Student Visa,Work Permit,TOEFL,0.5731683859726661,1
Germany,Ireland,Medicine,0.7863527660881411,Yes,Political Stability,1.4321650503282313,0.6465776095560102,F1,OPT,Duolingo,-0.27325692057378737,0
USA,USA,Computer Science,0.9692633408672768,Yes,Higher Ranking,0.8226303150122114,0.49834854345419033,Study Permit,PSW,TOEFL,0.021021844974165746,1
South Africa,USA,Medicine,0.08556704616075682,Yes,Job Opportunities,-0.8246295048741273,-1.151144389233646,Study Permit,OPT,None,-2.5200043742176175,0
Canada,Canada,Arts,-0.027546223290650873,No,Political Stability,0.7911634646816322,1.5411278650381237,Study Permit,Work Permit,PTE,-2.5286952243346406,0
USA,India,Engineering,-1.8451646835752507,Yes,Job Opportunities,-0.8605259719407448,2.045553883926735,J1,PSW,IELTS,1.091752913254968,1
Finland,South Africa,Business,-1.7867827144997492,No,Job Opportunities,-1.622223271607796,1.2031023933221765,Student Visa,Work Permit,PTE,-2.5207837108568305,1
South Africa,Ireland,Computer Science,-0.8802793092929312,Yes,Scholarship,-0.7156699453047309,1.483452061580838,Tier 4,Post-Study Visa,TOEFL,0.827594085980459,0
USA,India,Law,-0.9332604791513747,Yes,Quality of Life,0.03853753734130304,1.7325074127577367,Tier 4,Blue Card,Duolingo,0.59452640695026,1
Finland,Ireland,Natural Sciences,0.900826201237006,No,Political Stability,-0.054678534489564695,-0.23125996114043307,Study Permit,Blue Card,Duolingo,1.211092944851785,0
UAE,India,Computer Science,0.011503725217992413,No,Job Opportunities,-0.8019237184038626,1.8874617533191245,Schengen Student Visa,Post-Study Visa,TOEFL,0.9938723771757602,0
UK,Canada,Natural Sciences,-0.026988468539229052,No,Higher Ranking,-0.7310675712905609,1.6460772188536905,Study Permit,OPT,PTE,0.8812191391497332,0
UAE,UK,Law,-0.9793509312124435,Yes,Political Stability,0.02563040916919036,-0.8236710403965306,Study Permit,OPT,Duolingo,1.1324863738978617,0
UK,Ireland,Arts,1.8908006754251114,Yes,Quality of Life,1.5176677249584634,-0.5532163272170114,Schengen Student Visa,Blue Card,PTE,0.639395951338334,0
UAE,UAE,Law,-0.9563451093246942,No,Higher Ranking,-0.7493577008688749,-0.6926714136026706,J1,OPT,IELTS,0.8386344219127763,0
USA,Ireland,Arts,-1.8747720340977716,No,Political Stability,-2.3266426041490256,-0.23204288405114953,Tier 4,Post-Study Visa,None,-2.534761963898617,0
Finland,Russia,Law,1.81030654246384,No,Job Opportunities,2.3905187917570907,-1.7209324181910277,F1,Blue Card,IELTS,0.16592481633511091,1
UAE,Russia,Social Sciences,0.894918924468074,No,Quality of Life,1.539435036705878,-1.661954176922106,J1,Work Permit,TOEFL,0.3812047663293739,1
USA,UAE,Natural Sciences,0.8962983860012611,No,Political Stability,0.7655797068464628,1.9968610140955567,J1,OPT,PTE,-0.0573111591476025,0
India,Russia,Natural Sciences,-0.8624050687460675,Yes,Scholarship,-1.571165819378456,-0.5905941124355389,Student Visa,OPT,None,-2.4462929871699464,0
UAE,Germany,Medicine,0.9370378609608458,No,Political Stability,-0.12785026218069295,-1.8209753655564862,Student Visa,OPT,Duolingo,0.7215431374711944,1
Canada,Russia,Engineering,-0.937950377270257,No,Job Opportunities,-0.7379164839252176,-0.5532920566831365,J1,Blue Card,PTE,1.0279567011421922,1
UAE,Canada,Law,1.79727813935098,Yes,Political Stability,1.589759521577572,-1.58444296784803,Student Visa,Work Permit,Duolingo,0.9667182407605578,0
USA,Russia,Social Sciences,-0.07298867796615287,No,Higher Ranking,0.8174298271059077,0.46255448200056065,Schengen Student Visa,PSW,Duolingo,0.951992434503831,1
UK,Ireland,Law,-0.8562457401112242,Yes,Job Opportunities,-0.7504010491406544,-1.1193470929155693,Tier 4,PSW,Duolingo,1.311856674592347,1
Russia,Finland,Computer Science,-0.9426439024550315,Yes,Job Opportunities,-0.7882284372268865,0.3704648073957285,F1,Work Permit,Duolingo,0.24398609112905045,0
Canada,UK,Arts,-1.784428162928053,Yes,Scholarship,-1.5203374117259902,-1.609461327942493,J1,OPT,PTE,0.5113569928284567,0
USA,Ireland,Engineering,0.8587192244961587,Yes,Political Stability,0.1187461864885257,1.6471737075860855,Study Permit,Work Permit,None,-2.3890128329774662,0
USA,Russia,Business,0.9125787534514568,Yes,Scholarship,1.6075352201583224,-0.5277915808328703,Schengen Student Visa,Work Permit,Duolingo,0.7221675920654844,0
Ireland,USA,Engineering,1.8017380633611297,Yes,Higher Ranking,1.5886780349122536,1.118436553220337,J1,OPT,IELTS,0.591537588342977,0
Ireland,UAE,Medicine,-0.057421339634257204,No,Job Opportunities,0.7560405584803993,-1.72465772663506,Schengen Student Visa,Post-Study Visa,Duolingo,-0.03125982660716229,0
India,Canada,Business,-1.8917348586420233,No,Higher Ranking,-0.8781570821599368,1.8552889096466467,Student Visa,OPT,TOEFL,0.13085744021786574,1
Ireland,USA,Social Sciences,0.9060002518378419,Yes,Scholarship,1.6034781552271018,-0.04209203488617026,J1,Blue Card,TOEFL,0.6348904244719155,1
Finland,South Africa,Computer Science,-1.864790529671031,Yes,Higher Ranking,-0.8171940560335783,0.972205466455782,J1,Work Permit,Duolingo,1.1390065204504423,1
Ireland,Canada,Engineering,1.8480853390225576,No,Higher Ranking,1.4872102796087943,1.168523582306225,F1,Blue Card,IELTS,0.23211067573044064,0
Ireland,UK,Social Sciences,-0.07075601851965845,No,Quality of Life,-0.8096197696205839,0.824843107975377,Tier 4,PSW,IELTS,0.5669082825855563,1
Canada,Canada,Arts,1.7684990634361393,No,Political Stability,0.6839104816759002,0.8112176445208873,Schengen Student Visa,Work Permit,IELTS,0.9020553924863152,1
Germany,Germany,Natural Sciences,1.8365103616023857,Yes,Scholarship,1.5435235922485797,-0.18869111765647154,F1,Post-Study Visa,Duolingo,1.3139084115177857,0
Canada,India,Arts,-0.9072172101911415,No,Higher Ranking,-1.691988509528121,1.036565940241864,Schengen Student Visa,PSW,None,0.6825577491938468,0
India,Germany,Computer Science,1.9126502099645646,Yes,Job Opportunities,2.254898902163755,-0.8499994259377577,J1,OPT,None,-2.513106572566764,0
Finland,South Africa,Computer Science,0.9916063949131934,Yes,Job Opportunities,0.08547921867409476,-1.5371801529431284,Student Visa,Blue Card,None,-2.4959601168976846,0
Ireland,Finland,Engineering,0.9192778269623644,No,Political Stability,0.003842757328472595,-0.28845682184446464,Schengen Student Visa,PSW,IELTS,-0.16931857936395986,1
Russia,UK,Medicine,0.03531688280322282,No,Quality of Life,-0.7910955560990814,1.6216084602416079,Study Permit,Post-Study Visa,PTE,1.4715122168051828,0
India,South Africa,Natural Sciences,-0.9211302342543742,Yes,Job Opportunities,0.011292631912686119,-0.8318335915606284,F1,OPT,TOEFL,1.3624688197427521,1
USA,India,Medicine,-0.9370360441585458,Yes,Quality of Life,-1.5870490785055318,1.335320152893673,Tier 4,PSW,Duolingo,0.056427663168665404,0
USA,Germany,Business,-0.05419621247175689,No,Political Stability,-0.761902103016847,-1.9009189264101252,Tier 4,Work Permit,None,-2.457313183287688,1
USA,UK,Computer Science,0.9727275634979601,Yes,Scholarship,1.5471529524405883,-1.7382310755604098,Student Visa,OPT,PTE,0.5324151794159283,1
UAE,Germany,Medicine,1.8200627661860873,Yes,Political Stability,2.3032011731788353,0.6574872382083831,Schengen Student Visa,PSW,None,-2.400612751454766,0
Germany,India,Computer Science,0.8697043820388216,No,Job Opportunities,1.5120613657532551,-2.232362824024304,F1,Post-Study Visa,None,-2.474943886175468,1
Finland,Ireland,Engineering,0.8969864531581978,No,Higher Ranking,1.6648773362131446,0.2928081256671627,Student Visa,Blue Card,PTE,1.4559088683617543,1
Finland,Ireland,Computer Science,1.7074585016117856,Yes,Quality of Life,1.572006872203808,-2.134904127450719,Student Visa,Blue Card,IELTS,1.447109058649676,1
Russia,Finland,Social Sciences,-0.034245252116151065,No,Quality of Life,-0.7920988372956151,1.4152689146124067,F1,Work Permit,None,-0.056685448584304444,1
USA,UAE,Social Sciences,-1.8551849134030425,Yes,Job Opportunities,-2.3848316376188916,-0.23993020568023576,Tier 4,Work Permit,Duolingo,0.29474093124529394,0
Russia,UK,Business,1.7603492590503516,No,Quality of Life,1.610365662020619,0.9488659667973842,Study Permit,Post-Study Visa,Duolingo,0.8669007255270955,1
Finland,Russia,Law,-0.027935324622321123,Yes,Political Stability,-0.7233485623943178,0.9165376387041526,Tier 4,Post-Study Visa,Duolingo,0.20781900124331074,0
South Africa,UAE,Arts,-1.8038281934323486,No,Scholarship,-2.3645570889415954,1.1063752001073945,Schengen Student Visa,Work Permit,IELTS,0.9773358104379785,0
Germany,UK,Engineering,-1.7977384822076914,Yes,Higher Ranking,-0.8758393596728999,1.2211107070680904,Study Permit,Blue Card,Duolingo,0.017079011320374787,0
UAE,India,Law,0.8603935231796808,No,Job Opportunities,1.5390906579117938,-2.099547354611073,F1,Post-Study Visa,IELTS,0.44239818758953375,1
Germany,Ireland,Arts,0.924248158620585,No,Political Stability,0.8522877359502785,2.083324213721694,J1,Work Permit,IELTS,0.24835375897107634,0
Finland,UAE,Natural Sciences,1.7745275886261134,No,Higher Ranking,2.296089770726408,-1.347030735312906,J1,Post-Study Visa,IELTS,0.721264667426028,0
Russia,USA,Medicine,-1.8683785549243186,No,Political Stability,-1.5920690928460222,-0.41359317064313816,Student Visa,OPT,TOEFL,0.5677909207012749,0
USA,South Africa,Medicine,1.799332264610845,No,Higher Ranking,0.7699989212310628,2.124531803663191,Schengen Student Visa,Work Permit,IELTS,-2.4298489267567027,0
Germany,UAE,Natural Sciences,-0.05924168126496817,Yes,Job Opportunities,-0.7627152553458616,-1.9105196876400634,Schengen Student Visa,OPT,PTE,1.0953999229862255,0
Ireland,Canada,Engineering,-1.909101109680821,No,Job Opportunities,-1.5588364433506576,-2.164356802517553,Schengen Student Visa,OPT,None,-2.513604709360217,1
UAE,India,Engineering,-0.9130612319323738,No,Quality of Life,-0.7597337712530917,-0.48707609072674896,Study Permit,Post-Study Visa,PTE,0.8292244739700972,0
UAE,Ireland,Social Sciences,-0.8851028544076732,No,Scholarship,-1.5847290679268493,-0.2020502354795474,J1,OPT,Duolingo,1.257846234546476,0
Germany,Germany,Medicine,-1.8088289246585652,No,Political Stability,-1.6066322659419183,1.3821901984799911,F1,PSW,TOEFL,0.1555675263904274,1
UAE,Germany,Arts,1.792446288693371,No,Political Stability,2.244449012587087,-2.131089443591797,Student Visa,OPT,None,1.352221363391163,1
Russia,Germany,Medicine,-0.9597790354137136,Yes,Scholarship,-0.8378558125328489,1.1924848819351208,Student Visa,Blue Card,IELTS,0.20294395848558539,0
India,UAE,Business,-0.9640054596755884,No,Scholarship,-1.532049938225154,-2.1156514517290694,F1,Post-Study Visa,None,0.02408367834963131,1
UK,UAE,Social Sciences,0.005634182576417178,No,Quality of Life,0.024963679759010263,-0.4709042866515131,Study Permit,Post-Study Visa,PTE,0.464099139681427,1
India,UK,Engineering,1.8911140756942788,Yes,Higher Ranking,1.5614613383954874,-0.6752252209957963,Schengen Student Visa,Post-Study Visa,IELTS,0.9859036374705464,0
USA,Germany,Social Sciences,1.8222950343025237,No,Job Opportunities,1.5473589747637113,0.22839932157394677,J1,Blue Card,IELTS,0.9480983613064997,0
India,UK,Law,1.7801705705218653,Yes,Job Opportunities,2.3195204430693623,1.864125171129852,Tier 4,Post-Study Visa,None,-2.4273575995098784,1
USA,South Africa,Engineering,-0.9448474712056331,Yes,Job Opportunities,-0.06068283415152016,1.3952519857357382,Schengen Student Visa,OPT,Duolingo,-0.07022435201063199,0
Russia,Russia,Social Sciences,0.006022548340045694,No,Political Stability,0.7553816697192903,-1.0639257380382405,Tier 4,Post-Study Visa,TOEFL,0.1297918933661148,1
Germany,Russia,Medicine,0.9104585955074089,No,Higher Ranking,1.5569475252715732,0.3825761591262019,J1,Post-Study Visa,IELTS,-0.08668037047606501,0
Canada,South Africa,Law,0.8674836568212009,Yes,Political Stability,0.859443059929276,0.7146330414331953,F1,Post-Study Visa,IELTS,1.268959477863103,0
UAE,Finland,Social Sciences,-0.8820472775002897,Yes,Job Opportunities,-1.565191901058795,2.016093873371205,Schengen Student Visa,PSW,IELTS,1.2761934555824446,1
Ireland,Canada,Law,-0.02701792627948031,No,Scholarship,-0.7554943334267901,-0.8296933427431498,Student Visa,Work Permit,None,0.026658125835637744,0
Germany,India,Business,0.9358054729390359,Yes,Quality of Life,1.5818536102279135,-1.3799721751205154,Student Visa,OPT,Duolingo,-0.06717201739959039,0
Finland,UK,Social Sciences,0.08312491975388488,No,Scholarship,-0.031796019902477594,2.2575944675889232,Tier 4,Work Permit,PTE,-0.046348438172549036,0
Finland,UAE,Business,-1.7896378614088528,Yes,Quality of Life,-2.3853123067066377,1.9640978293542963,Schengen Student Visa,Blue Card,None,-2.511675543458652,1
South Africa,Russia,Business,0.00012903919965480057,No,Scholarship,-0.042346070915053505,-0.4193986628009068,Study Permit,Blue Card,PTE,0.984967501186729,1
Russia,Ireland,Arts,0.9328666984831905,No,Political Stability,0.7278573624209143,1.0951594684266566,Study Permit,Work Permit,Duolingo,-2.5135521991756296,0
UAE,Russia,Engineering,-0.03778712027140258,No,Higher Ranking,-0.6926387815576266,1.1398728418129327,Student Visa,Blue Card,IELTS,0.9382169589786117,0
Ireland,Germany,Business,1.8201022791219739,Yes,Political Stability,0.8180686465733026,-1.6612219944415034,Schengen Student Visa,Work Permit,PTE,1.5919254317025875,1
Russia,Finland,Arts,-1.8349635635448784,No,Political Stability,-2.426239924510462,1.924328122786628,Schengen Student Visa,Work Permit,PTE,1.4822891796360458,0
Germany,UAE,Arts,-1.8362369714420084,Yes,Job Opportunities,-1.5562619748029967,-1.5188119952186032,Study Permit,PSW,Duolingo,-2.5320429000847877,1
USA,Germany,Engineering,0.8303510984528445,No,Political Stability,1.5158573339637043,1.1509369355605414,Tier 4,OPT,IELTS,1.4429058216740402,1
USA,India,Medicine,0.8939902482840222,No,Political Stability,0.7385307727789535,0.9690110241378543,Tier 4,Post-Study Visa,PTE,1.5897445016141858,0
UAE,Canada,Arts,0.04226790784035664,Yes,Quality of Life,-0.8373733196706151,-1.0825747178413503,F1,Post-Study Visa,PTE,0.6865940199716681,0
Germany,UAE,Medicine,0.05062084776640217,No,Higher Ranking,0.030802235477333375,-1.573719676856653,Study Permit,Post-Study Visa,None,-0.12643796396659945,1
South Africa,USA,Natural Sciences,0.9159650091322634,No,Higher Ranking,0.07323226866045263,-1.4264156227077773,Study Permit,Post-Study Visa,Duolingo,1.224880500157206,1
Germany,India,Social Sciences,0.8598735494828761,No,Political Stability,-0.08256426801438678,-0.5328245721363889,Study Permit,Work Permit,IELTS,0.5169201524592755,0
India,South Africa,Social Sciences,1.8692146758534445,No,Quality of Life,0.8208835129979072,-0.9981194822369956,Study Permit,OPT,IELTS,0.8004156842651892,1
Russia,USA,Arts,0.08056828994567819,No,Quality of Life,0.7723033075906598,-0.8753710593893255,F1,Work Permit,None,-2.4412024612933494,0
Canada,Germany,Social Sciences,-1.8454825051997856,Yes,Quality of Life,-2.37015521488051,-0.31621250307456333,Schengen Student Visa,PSW,None,0.33731801705024717,1
USA,Finland,Business,0.021315479124691894,Yes,Scholarship,-0.8033648661314864,0.6517905080829676,J1,Blue Card,None,0.6721472479486189,1
UK,India,Natural Sciences,-0.9186444841748165,No,Quality of Life,-0.026921604424137314,-1.3740195997162552,J1,Post-Study Visa,TOEFL,0.02904637253670208,1
USA,Germany,Arts,0.011438464857814792,Yes,Quality of Life,0.0033960142425821654,0.23579683214033142,Schengen Student Visa,PSW,TOEFL,1.4791608578401927,0
UK,Russia,Engineering,-1.7999650666058695,Yes,Political Stability,-1.5578732903606187,-0.15012139305706393,Student Visa,OPT,IELTS,0.43998566867426747,1
Canada,Germany,Social Sciences,1.8321098799606739,No,Job Opportunities,1.574257206823316,1.5281234524855392,Tier 4,OPT,PTE,-0.31303535427516477,0
Finland,South Africa,Natural Sciences,-0.9339562097382327,No,Higher Ranking,-0.020878092326120826,-1.347912156400399,Schengen Student Visa,Work Permit,Duolingo,1.0176300451769418,0
UAE,UK,Law,1.7184204844287965,Yes,Higher Ranking,2.3929794662759543,1.2873539476521898,Study Permit,PSW,Duolingo,1.2901214120354716,1
UAE,Russia,Computer Science,0.8911735171478956,Yes,Higher Ranking,-0.03448046335570751,-1.5392497689027016,Tier 4,Post-Study Visa,None,1.3015443463149197,0
South Africa,Canada,Business,0.8215447734752312,No,Job Opportunities,-0.007119154318019509,-0.5050679510699015,Student Visa,OPT,None,-2.5166102821905705,0
South Africa,UK,Social Sciences,1.8097593540250798,Yes,Political Stability,0.7413252368282133,1.2127455039929982,Student Visa,Work Permit,Duolingo,-0.21684557119318923,0
Germany,Canada,Computer Science,0.04058123980007277,Yes,Higher Ranking,0.7653318645445633,1.351124086187392,Study Permit,PSW,PTE,0.7540275626388255,0
USA,UAE,Computer Science,-0.006773465409399688,No,Scholarship,0.02107988369726078,-1.9897514047207951,Student Visa,Work Permit,None,-2.4660541812031473,0
Russia,UK,Law,1.7985367597910409,No,Political Stability,2.3551595721416523,-0.29942742042067877,F1,PSW,PTE,0.3752111641492449,0
Finland,UK,Medicine,1.8387552470918462,Yes,Higher Ranking,2.3052204429449183,-1.800599460941393,Tier 4,Blue Card,Duolingo,1.219410819034448,0
Germany,Finland,Medicine,-0.03770797350336107,Yes,Higher Ranking,0.7161883439400345,1.1783491296992608,Student Visa,Work Permit,IELTS,0.029186922785338278,1
USA,Russia,Social Sciences,0.9299069267626683,No,Political Stability,0.6562082529361765,-1.506428010327425,Study Permit,OPT,PTE,0.481763487990424,1
Russia,UK,Medicine,1.8568994263157674,No,Higher Ranking,0.7303557866548401,0.38758387672460837,Schengen Student Visa,OPT,IELTS,1.1303339207175704,0
USA,Canada,Arts,1.7481419354722554,Yes,Quality of Life,2.3524012605726337,0.13197093738632237,Study Permit,PSW,PTE,0.4641724472770644,1
Finland,South Africa,Social Sciences,-1.0013282045014946,No,Scholarship,-1.5381263850054732,-0.3357445082194065,F1,Post-Study Visa,None,-2.5017452960283277,1
UK,Finland,Medicine,-1.8486817347831705,No,Job Opportunities,-0.8738084090621453,1.4273127037336333,Student Visa,Blue Card,PTE,0.5402913955351688,1
USA,USA,Social Sciences,-1.8032084803975703,Yes,Quality of Life,-1.5826466696613624,-0.23970195534481095,Student Visa,PSW,Duolingo,0.7601811079018708,0
Canada,India,Social Sciences,1.7285411149182532,Yes,Job Opportunities,0.8565847783458159,-0.3784953561687185,Schengen Student Visa,OPT,None,0.7313982423473512,0
Canada,Russia,Law,1.8685697403299077,No,Political Stability,0.656712061564129,-0.7659743534370421,Schengen Student Visa,Blue Card,None,1.150097917182284,1
Germany,South Africa,Social Sciences,0.011120364369302962,No,Higher Ranking,-0.046007368458102285,1.3813351677543921,J1,Work Permit,PTE,0.7491519165501472,1
Ireland,Canada,Law,-1.0040432521332172,No,Quality of Life,-0.7877748273017523,-1.212628289463912,Student Visa,Work Permit,IELTS,-0.10638078053549527,0
India,UK,Engineering,0.7966650082501532,No,Quality of Life,0.011707253239327045,1.5016912413400045,J1,Post-Study Visa,IELTS,1.3861278820868763,0
Ireland,Ireland,Computer Science,-0.06153901539774652,Yes,Higher Ranking,-0.7417236715740394,0.5664498621902964,Schengen Student Visa,OPT,PTE,0.369319539746439,0
India,Canada,Arts,-0.8953478591477606,Yes,Quality of Life,-0.7261814700860975,-1.2233344137227848,F1,Post-Study Visa,TOEFL,1.2031294221788462,1
Canada,USA,Engineering,-0.8888655304039542,Yes,Political Stability,-0.003108135282371532,0.04858392658388479,Study Permit,OPT,PTE,0.731611461931231,0
Russia,Germany,Medicine,-0.9661472104964426,Yes,Scholarship,-1.5703930399278716,-1.4333251481096974,Student Visa,OPT,Duolingo,0.5307409000049231,1
Russia,UAE,Medicine,1.8078772508259042,Yes,Scholarship,2.311513200572247,1.7433960062565008,Student Visa,Work Permit,IELTS,-0.08022171666731726,0
Russia,UAE,Natural Sciences,0.8053384842032807,No,Political Stability,1.536562541634707,-1.6845220302807504,Student Visa,PSW,PTE,-2.493668316981874,1
Germany,Finland,Natural Sciences,-1.821100377329061,Yes,Political Stability,-2.35119593981954,0.44321997001383184,F1,PSW,IELTS,-0.23320545745895854,0
South Africa,Germany,Medicine,1.7596316562147287,No,Higher Ranking,1.5751390493538244,-0.9470186176821899,Tier 4,PSW,IELTS,0.20676091266016505,1
Germany,Canada,Law,1.7342769417752988,No,Higher Ranking,1.493855268609791,-1.5977386872507753,Schengen Student Visa,Work Permit,IELTS,-0.004279574300834921,1
Ireland,Germany,Natural Sciences,-0.8984407858984663,Yes,Higher Ranking,-0.816533927186456,0.8545318680752055,Student Visa,PSW,TOEFL,-0.08014021196631836,1
Russia,Ireland,Computer Science,-0.8751617354301438,Yes,Scholarship,-0.055026826691242134,1.760629631654399,Study Permit,Post-Study Visa,Duolingo,0.6065110853488971,0
UAE,USA,Natural Sciences,1.8013009310942452,Yes,Scholarship,2.256962280857598,1.0813980802745586,F1,PSW,None,-2.392586780337052,1
Russia,UAE,Business,0.9252288232317107,No,Job Opportunities,0.7962513895428902,0.1052208433121613,F1,Blue Card,IELTS,0.8262428214764659,0
Canada,UK,Arts,0.8352028516466331,No,Job Opportunities,0.6943329517774567,0.31135424889534574,Study Permit,PSW,None,-2.4584511728156087,0
UK,UAE,Social Sciences,-1.7970466524792446,No,Scholarship,-1.5749329032965833,-0.7743598553116587,F1,Post-Study Visa,TOEFL,-0.0959230928006727,0
India,Finland,Computer Science,1.8428607819515375,Yes,Job Opportunities,2.385983045629182,2.247959684485113,Tier 4,Work Permit,IELTS,0.7203080088418665,0
Russia,India,Natural Sciences,1.9076548566299922,No,Political Stability,2.4013517242251137,1.1634512554280945,Study Permit,Blue Card,TOEFL,0.19145630667574987,0
USA,Germany,Business,1.892463133008791,Yes,Quality of Life,1.6241020302186011,0.6964970624573574,Schengen Student Visa,Blue Card,PTE,-2.4619567682652876,1
Finland,UK,Natural Sciences,1.771676984382626,No,Job Opportunities,0.7653445934632321,-2.2184067610360314,Study Permit,PSW,IELTS,1.252059977184412,0
South Africa,India,Natural Sciences,-1.762530703522858,Yes,Higher Ranking,-2.4203229488612097,1.5912858916933363,Student Visa,Post-Study Visa,IELTS,0.9977943662305809,0
Ireland,UAE,Engineering,0.8526162156046098,Yes,Quality of Life,-0.006644538913923486,1.6337273271544295,F1,Work Permit,Duolingo,0.7699945937394693,1
Russia,Ireland,Social Sciences,1.8190415301537874,Yes,Job Opportunities,1.57929224180525,1.7330453733473972,Tier 4,Post-Study Visa,Duolingo,0.7553402237010064,0
South Africa,USA,Computer Science,1.7672794869680473,Yes,Job Opportunities,2.2674443389658743,0.9899471086819728,Study Permit,OPT,IELTS,0.7064946469796829,0
Germany,Germany,Natural Sciences,1.7828097909747687,Yes,Scholarship,0.8431082986501829,2.149708071458508,F1,OPT,IELTS,0.48894200463074433,1
Canada,Russia,Law,0.017786587869543916,Yes,Quality of Life,0.7809133299097605,2.213435037269221,J1,Blue Card,Duolingo,0.2368589878329684,1
UK,South Africa,Medicine,0.9027138438831246,Yes,Quality of Life,1.5561586796847464,0.423614082791485,F1,OPT,Duolingo,0.4420336823758176,0
USA,Russia,Arts,1.8224980543560076,No,Quality of Life,1.5130090566100365,-0.9540928857232124,Student Visa,Post-Study Visa,None,1.333299273058691,0
USA,Germany,Arts,-0.11019140955140856,Yes,Higher Ranking,0.7192655062737328,0.6582685936327297,F1,PSW,TOEFL,0.767652930936169,1
Germany,UK,Social Sciences,0.040804403395161934,Yes,Quality of Life,-0.8911525799594827,-0.958610407526471,F1,Post-Study Visa,None,-2.515467130626533,0
UAE,UK,Engineering,0.07813840566456227,No,Scholarship,-0.031871630869686765,-0.32058201645830614,Schengen Student Visa,OPT,Duolingo,1.1965841959982582,0
USA,Russia,Natural Sciences,0.9458643212575021,Yes,Quality of Life,1.5378402453545437,2.1623298356997243,Schengen Student Visa,PSW,TOEFL,1.388991077520513,1
UAE,Russia,Computer Science,0.8969699333580918,No,Political Stability,1.5595442562938264,-1.5280247918875822,J1,Post-Study Visa,IELTS,1.3270342725661957,0
South Africa,Russia,Arts,1.8727296285610895,No,Job Opportunities,1.4688584523858197,-0.9547300653200597,Study Permit,Work Permit,Duolingo,0.15386214250715124,1
Finland,Russia,Law,0.9319425132127608,No,Quality of Life,0.734030696890579,-0.8349840032485103,F1,Blue Card,IELTS,1.4086849840111784,1
Canada,UK,Arts,-0.016190471378645047,Yes,Higher Ranking,-0.7779443218368198,1.7442233733905848,Study Permit,Blue Card,PTE,0.2211140874189884,0
Germany,South Africa,Social Sciences,0.9356231050626651,No,Political Stability,0.7679400846572726,-0.04739676155244383,J1,Blue Card,None,-2.537309135725406,1
USA,India,Business,1.8041041629255834,Yes,Political Stability,0.807704285514226,-1.4118864824352237,Student Visa,PSW,IELTS,1.0123547158806387,1
Canada,India,Social Sciences,-0.022163288921344792,Yes,Quality of Life,-0.09116325362073516,1.4670062361984435,Study Permit,PSW,PTE,0.6003991111423699,1
South Africa,USA,Computer Science,1.8011275080223235,No,Political Stability,0.738330968272762,-0.8162287360534738,F1,PSW,IELTS,-0.38243912653374057,0
Ireland,India,Law,-1.8089948703662626,Yes,Political Stability,-0.8529494874379744,0.47555382948413494,Tier 4,Post-Study Visa,Duolingo,0.45668504876443483,0
Germany,Germany,Computer Science,0.00622785041805555,No,Scholarship,-0.005746810381148595,-0.03483362875872309,J1,OPT,None,-2.5807414693897948,0
South Africa,Finland,Natural Sciences,0.8163466220735156,No,Quality of Life,0.07020925153950194,1.0508037849819827,Study Permit,PSW,TOEFL,0.38315566092511183,0
South Africa,India,Social Sciences,0.062993074641131,Yes,Higher Ranking,-0.8078716375155675,-0.8064395774886841,Tier 4,Blue Card,PTE,-0.21862139793530755,1
India,Canada,Medicine,-1.9186689688367287,Yes,Higher Ranking,-0.7764054457963994,-0.039364032092467485,F1,Work Permit,TOEFL,-2.455658977168958,1
Germany,South Africa,Social Sciences,-1.8380146839306866,Yes,Scholarship,-0.7087428349888465,-0.25735788862609166,J1,OPT,Duolingo,1.3048755593059556,1
South Africa,USA,Computer Science,1.8095194858871677,No,Higher Ranking,2.3259758723022625,0.8103447476247178,J1,Post-Study Visa,IELTS,0.5200692087126142,0
South Africa,India,Arts,0.06521150391508412,Yes,Scholarship,0.7100428050021236,0.610776461637761,Tier 4,OPT,TOEFL,0.05785743806240552,0
UK,UAE,Arts,1.8468376223745464,Yes,Higher Ranking,1.6226594218855426,1.8514828272298476,Study Permit,PSW,TOEFL,1.1870583325303883,0
Ireland,India,Natural Sciences,-1.7859661156844204,Yes,Job Opportunities,-2.3195787166508928,-2.001695951891838,Student Visa,PSW,None,-2.4240864788558136,0
UK,Germany,Arts,0.8667407701730621,No,Political Stability,1.6070518167531174,1.594148759574279,Study Permit,PSW,Duolingo,0.35891448803617276,1
Canada,South Africa,Social Sciences,0.843729775815399,Yes,Political Stability,0.7123927633618818,2.132365007961842,J1,Blue Card,PTE,1.3295869799285156,1
South Africa,Canada,Social Sciences,0.9236848669232707,No,Job Opportunities,0.790633177263756,-1.3250832983653344,Student Visa,OPT,IELTS,1.221032462473157,1
Finland,Canada,Engineering,-0.06820676727364007,Yes,Political Stability,0.009690741680342271,0.20281361093670783,Study Permit,Work Permit,TOEFL,1.427442677301057,0
USA,Canada,Business,0.8363451204505741,Yes,Job Opportunities,0.7687617539632576,-1.7812690539148042,Student Visa,Work Permit,None,-2.4949793818244057,0
India,Germany,Engineering,-0.8576117246747468,Yes,Quality of Life,-0.028313643758496272,0.7403579917158531,Tier 4,Post-Study Visa,IELTS,1.0279068510750928,0
Germany,Canada,Social Sciences,0.8762611654146651,No,Higher Ranking,0.7453357541948333,-0.9962096194539861,Tier 4,PSW,Duolingo,1.0896903471371095,1
Germany,USA,Natural Sciences,-0.02961788276929693,No,Scholarship,-0.744506461585393,1.9362352664035003,Tier 4,Work Permit,TOEFL,0.3476893889997822,1
UK,UK,Law,0.049892661459058844,No,Scholarship,-0.7979111625991288,0.6713448680955538,Schengen Student Visa,Post-Study Visa,TOEFL,0.41025138179293075,1
Germany,India,Business,0.8826554184753674,Yes,Political Stability,0.6994732894168972,-1.3017669977878898,Study Permit,OPT,TOEFL,1.1192354371776723,1
UK,UAE,Medicine,1.7949533056049494,No,Scholarship,0.715663162723418,0.705401923182911,Student Visa,Work Permit,TOEFL,0.3055813200659113,0
Canada,South Africa,Arts,-1.8537394923181516,No,Job Opportunities,-2.371617443134672,-2.0429541808445673,J1,Blue Card,PTE,0.6820062418908406,0
Ireland,South Africa,Arts,1.7877564704197753,Yes,Political Stability,1.5811972364566858,0.002854214163367546,Study Permit,OPT,PTE,-2.578607513949045,1
Finland,India,Computer Science,1.8887012886816104,Yes,Job Opportunities,1.5334915571135053,0.49053263719045,Student Visa,Blue Card,Duolingo,-2.4577568175410898,1
Germany,UK,Engineering,-1.7929128897439381,No,Higher Ranking,-2.361403264358031,1.8703817685879627,J1,PSW,None,-2.464744134012834,0
Ireland,UAE,Law,-0.8834755391809141,No,Political Stability,-0.08378432900554447,-1.8478449323152542,F1,OPT,TOEFL,1.0106131856279328,1
Ireland,Canada,Engineering,-0.8416256756885862,Yes,Scholarship,0.0031955070732415276,0.37674216600865784,Schengen Student Visa,Blue Card,TOEFL,1.0048220873518827,1
South Africa,UAE,Social Sciences,0.8907062122245323,No,Higher Ranking,0.8162589026245142,2.0520780348618968,F1,Blue Card,PTE,1.0364270031671616,0
UK,Russia,Law,1.767582512082421,Yes,Political Stability,0.6861124013238963,-1.2381695769869308,Tier 4,PSW,PTE,0.649339873442942,1
Ireland,India,Business,-0.9320853030543058,No,Higher Ranking,-1.5582802199688421,2.0034456302936516,Student Visa,OPT,Duolingo,1.3191401517988028,1
Finland,Finland,Computer Science,1.752819765630302,Yes,Job Opportunities,1.5456100987288575,0.7945845561612148,J1,Work Permit,Duolingo,1.4009760797069817,1
South Africa,Canada,Law,0.8296262025331288,No,Higher Ranking,0.787694089550182,0.19051579574875008,Student Visa,Post-Study Visa,TOEFL,0.02441359100395523,0
Canada,Ireland,Law,-0.9145825548989812,No,Political Stability,0.007144184516136881,-0.8904878800772761,Tier 4,Blue Card,Duolingo,-2.5310305719971544,1
USA,Germany,Computer Science,0.06705182812395588,Yes,Political Stability,-0.8327705186360105,1.2252858147209158,F1,OPT,None,-2.5250320602137197,0
Germany,India,Arts,-0.1155232831572532,No,Job Opportunities,0.7283724519079994,-0.9318904162679287,Tier 4,PSW,None,-2.4530483420715776,0
Russia,Germany,Medicine,-1.8576393796287327,No,Political Stability,-0.8436676093168679,0.04981984755073242,J1,PSW,Duolingo,-0.2423165050365336,0
USA,South Africa,Law,1.8821624199697928,No,Quality of Life,2.3111913068468395,-0.04857770082237024,J1,Blue Card,PTE,0.7188766921730918,1
Russia,India,Social Sciences,-0.9433190758555101,No,Political Stability,-1.5605433248457756,-2.2263208535753227,J1,OPT,Duolingo,0.7704525576199547,1
USA,Ireland,Business,-0.8789034700131599,Yes,Political Stability,0.06385854909759713,-1.6299571934721346,Student Visa,Blue Card,TOEFL,1.3764988951493187,1
Canada,South Africa,Natural Sciences,-0.06593582540864397,No,Job Opportunities,-0.7913262703330505,0.4570116295591561,Tier 4,PSW,Duolingo,1.386392560513078,1
UK,Finland,Law,0.9291326487805118,Yes,Higher Ranking,-0.02730800830754565,0.060031297533600925,Schengen Student Visa,OPT,PTE,0.11489294788669863,0
Germany,UK,Business,-0.036842817258565884,No,Scholarship,-0.7604610201711608,-0.5956571067800388,Study Permit,Post-Study Visa,TOEFL,1.284360822187861,0
India,USA,Computer Science,1.8042794750155926,No,Job Opportunities,2.369230939317595,-1.9181727080964623,J1,Post-Study Visa,PTE,-0.06271674039892845,1
UAE,UK,Natural Sciences,1.8945254536609306,Yes,Higher Ranking,2.3140025049794026,-1.9784275187714273,F1,Work Permit,IELTS,1.0973272088231671,1
Germany,South Africa,Engineering,0.906177636014586,No,Scholarship,0.7116583929378921,-0.15061329855131023,Tier 4,OPT,TOEFL,0.27304659062977177,1
Ireland,Russia,Business,-1.8719284734782882,Yes,Higher Ranking,-2.299222237216643,1.9424310021019058,Tier 4,Work Permit,None,-2.4843767357433295,1
USA,Ireland,Engineering,0.8637075431417515,No,Job Opportunities,0.007766377012015536,-1.9406208273851508,J1,Work Permit,Duolingo,1.4081233507295559,1
USA,South Africa,Computer Science,1.7884460809540188,No,Political Stability,1.4755562415762098,-1.0534235019198595,Study Permit,OPT,IELTS,-2.485425817378738,0
UK,USA,Business,0.9785613565785745,Yes,Job Opportunities,1.582395940552819,-2.29244448529364,Tier 4,OPT,PTE,1.2322624150389307,0
Ireland,South Africa,Medicine,-1.895914029324694,No,Higher Ranking,-0.8719159776272323,-0.7968474350465476,J1,Work Permit,PTE,0.5825558505676437,0
Ireland,UAE,Natural Sciences,-0.8321837575319814,No,Quality of Life,-1.6585518380318403,-1.7944444234820665,J1,PSW,TOEFL,-0.16098609780989298,0
India,UK,Medicine,0.8741414521892076,No,Quality of Life,0.6946735998061712,-1.6153561514032215,Tier 4,Work Permit,TOEFL,0.3842225273563976,1
Russia,Finland,Law,1.756280609150939,No,Higher Ranking,2.363593338370635,-0.9595231631374332,Schengen Student Visa,PSW,None,-2.4567860928790366,0
Russia,Finland,Natural Sciences,0.015107537823029026,No,Political Stability,0.8372475812456598,0.8186903877391318,J1,Work Permit,Duolingo,0.37349128670694215,0
Finland,UAE,Computer Science,1.8533435249361743,No,Higher Ranking,0.7411788123473523,1.273382492340503,Tier 4,Blue Card,Duolingo,0.08416544188804165,0
India,Russia,Engineering,-0.024100974709928967,No,Job Opportunities,-0.14852169359669481,0.06691841314602431,Schengen Student Visa,Work Permit,PTE,-0.29214819727895275,1
UK,Finland,Law,1.815934027760175,No,Quality of Life,1.5807941633106475,0.005029520581228632,Study Permit,Post-Study Visa,IELTS,-2.4292090364453367,0
Finland,UK,Engineering,1.8494832587966146,No,Political Stability,0.8643760558108787,-1.2678277835918264,F1,Post-Study Visa,PTE,1.2204084080688924,1
India,UK,Arts,-0.9851081155006555,No,Job Opportunities,-0.08272631753064355,-1.1994625216841648,Tier 4,Blue Card,None,0.7133477657248508,0
Germany,Ireland,Law,1.7645803688905637,No,Political Stability,0.758695994356796,0.6346800255304437,Student Visa,Blue Card,IELTS,0.6671219074482612,1
UK,UK,Engineering,1.871761112906468,Yes,Quality of Life,1.5446081353569379,0.5126063718175432,Study Permit,Post-Study Visa,PTE,1.0016713366678116,0
India,India,Natural Sciences,1.0203653755039461,No,Higher Ranking,0.7880282173141667,-2.1650474671569704,F1,Blue Card,TOEFL,1.2032108855213477,0
Ireland,UAE,Business,0.9152507272218273,Yes,Higher Ranking,0.8495912177421617,0.1013078965227246,J1,PSW,Duolingo,0.6485494849096602,1
Canada,South Africa,Medicine,0.9357344475693059,Yes,Higher Ranking,0.7011199425400622,-0.288442571995127,Student Visa,OPT,None,-2.552811627676974,0
Russia,Russia,Medicine,0.023141005396947065,Yes,Scholarship,0.7249771756362448,-1.2450023780618191,F1,OPT,PTE,0.12022418901053952,1
UK,Germany,Arts,-0.9122447682816806,Yes,Political Stability,-0.05955756822311567,-1.242758753395477,Schengen Student Visa,Post-Study Visa,None,-2.4694284730470772,1
South Africa,South Africa,Law,-1.9137672553163516,No,Quality of Life,-2.4217605810176583,1.6815978971207741,Student Visa,PSW,Duolingo,1.1142996279733155,0
UK,Finland,Business,0.04051413697193966,No,Quality of Life,0.7840733334594089,-1.82940992651307,J1,Work Permit,IELTS,1.2438706510224256,0
South Africa,Ireland,Business,-0.956726407578109,No,Political Stability,-1.5975941023268816,-0.2934790338811652,Schengen Student Visa,Post-Study Visa,TOEFL,1.4378631034318157,1
UK,Finland,Medicine,-1.9681109333222906,No,Scholarship,-2.3380282777781742,-1.7675944042717988,Tier 4,Post-Study Visa,None,-2.489555387678768,1
Russia,Ireland,Natural Sciences,0.8571244167969845,Yes,Political Stability,0.0008245361514503634,1.6171557428107695,F1,OPT,TOEFL,1.2892162684524462,1
Finland,Russia,Computer Science,-0.9269953002519167,Yes,Quality of Life,-0.828392454922474,1.2118021237414514,J1,PSW,TOEFL,0.4628360088066499,1
Canada,Ireland,Natural Sciences,0.9568747410661379,No,Scholarship,1.5303608987599588,0.22893802621833734,Study Permit,Post-Study Visa,IELTS,0.9791470635806055,1
Russia,USA,Natural Sciences,-1.874970806342919,No,Political Stability,-1.5817998207731871,0.43059808551898515,Student Visa,Blue Card,IELTS,-0.043332429723879996,1
USA,India,Medicine,0.861451137976063,No,Political Stability,1.518390794820313,2.025932133442812,F1,OPT,PTE,1.2392228394869595,1
USA,UK,Arts,-1.8138705739444165,Yes,Job Opportunities,-0.7920170448575985,0.6024052787436684,Student Visa,OPT,Duolingo,0.5393501324186355,1
Germany,UAE,Natural Sciences,-0.9326306033399522,Yes,Higher Ranking,-0.008699069813620766,-0.6876240156047297,Tier 4,Work Permit,TOEFL,1.0852119128479578,1
Canada,USA,Computer Science,1.8387770183466947,No,Job Opportunities,2.377419254534711,-0.31315874395126736,F1,PSW,TOEFL,0.6523710731330672,0
Germany,Germany,Business,-1.905039650377857,Yes,Higher Ranking,-1.4998507174149576,1.3538634974673194,J1,Blue Card,Duolingo,1.1004746947396349,1
Germany,Finland,Social Sciences,-1.8385677713778343,Yes,Higher Ranking,-2.4581946071671132,2.0647923386241898,J1,Post-Study Visa,PTE,-0.10826695852142201,0
India,Finland,Business,-0.9075521190971645,Yes,Job Opportunities,-0.6356203615427467,-1.5275265235816173,Schengen Student Visa,Work Permit,Duolingo,0.8009354483885984,0
Russia,India,Law,0.9514892961169289,No,Job Opportunities,1.6071808905411946,0.7722175170844574,Schengen Student Visa,PSW,IELTS,0.895694240634421,1
Finland,South Africa,Arts,0.9565522213171804,Yes,Political Stability,-0.06870272512945949,0.30641589330840846,Student Visa,OPT,IELTS,0.7027919063640279,1
India,Ireland,Law,1.7610371536728116,Yes,Higher Ranking,0.7433446841656126,-0.5240589128967442,J1,OPT,IELTS,0.2255133611021986,0
Germany,UK,Medicine,0.9925113476142703,No,Political Stability,0.785399895096285,1.9892460653201103,J1,Post-Study Visa,IELTS,-2.6049704334467796,0
USA,India,Medicine,-1.0063320807886929,Yes,Quality of Life,0.043744820547560986,-1.4012639992104217,Tier 4,Post-Study Visa,PTE,0.951965490096371,1
Russia,Ireland,Medicine,-1.8994675052809105,No,Job Opportunities,-0.828310814220295,-1.4548077581053849,F1,Post-Study Visa,PTE,0.1910581981785921,0
Canada,Russia,Computer Science,-0.9479590527063788,Yes,Political Stability,-1.5713450775439466,1.4378217980144117,J1,PSW,None,-2.5260526136798367,0
South Africa,Canada,Medicine,0.9579129115177554,No,Higher Ranking,0.005913193036300189,1.597363202032949,J1,OPT,TOEFL,-0.006737348648836031,0
Finland,Russia,Business,-1.8217606847991468,No,Job Opportunities,-1.6534242983132759,-0.13950866626933353,Tier 4,Blue Card,Duolingo,0.054503439629640646,0
Russia,UAE,Natural Sciences,1.7948087436403235,Yes,Quality of Life,0.7641472412020689,1.0003758485646401,Schengen Student Visa,Blue Card,TOEFL,1.0410884690178868,0
Ireland,South Africa,Business,-0.013436964251659253,Yes,Higher Ranking,0.732777845942685,1.4089364728986982,Tier 4,Work Permit,Duolingo,0.4349204033549162,0
Ireland,Canada,Social Sciences,-1.9180477125291273,Yes,Scholarship,-0.7175858246463606,1.105098503967269,Schengen Student Visa,Post-Study Visa,IELTS,0.09395125898468759,1
Germany,UAE,Engineering,-0.018780679742630545,Yes,Political Stability,-0.758484413700325,-0.9354573446778649,F1,Blue Card,IELTS,-0.2507323180115915,1
Canada,Russia,Law,-1.8482298668465413,No,Higher Ranking,-0.8814263468996796,-0.43250489327090175,F1,OPT,PTE,0.7290870723042734,0
USA,Finland,Arts,0.009704923479864699,No,Quality of Life,-0.06085813776034682,-0.24738065998003944,F1,Work Permit,IELTS,0.5628652575644371,1
Finland,UAE,Engineering,1.7585087800215595,Yes,Political Stability,2.2511832314405265,1.5155734869628008,Study Permit,Work Permit,Duolingo,1.5408920684344634,1
UK,South Africa,Medicine,1.8248940951199304,No,Political Stability,2.327546649186025,-0.07029798067877906,Study Permit,Blue Card,IELTS,0.5559240576581763,0
USA,Ireland,Medicine,0.9269747885082096,Yes,Political Stability,0.8081996709339803,0.1897258590526683,Tier 4,Post-Study Visa,None,-2.410596369439877,0
Canada,South Africa,Social Sciences,-1.776964620232743,No,Job Opportunities,-0.7793129448885449,-1.7585271523312558,Study Permit,OPT,TOEFL,0.36668854882041296,0
USA,India,Engineering,-0.941391096200094,No,Job Opportunities,-0.6859422040077414,-0.8564122612345848,F1,Post-Study Visa,None,-2.5881125036569634,0
Germany,Canada,Law,-0.02668895395768548,No,Job Opportunities,0.7125656119392269,1.5263571692801732,Study Permit,Post-Study Visa,TOEFL,0.728532049438425,0
South Africa,Canada,Business,1.7644683151204794,Yes,Political Stability,1.4882652864346577,-1.9275841769463409,J1,Blue Card,PTE,-0.08135449340029699,0
Ireland,USA,Arts,-0.9940759506674045,Yes,Political Stability,-0.05396457726557509,-0.71350345733427,Study Permit,OPT,PTE,1.3011375804247542,0
India,UAE,Computer Science,1.7407218020101363,No,Higher Ranking,2.365977878201779,-1.309191127666418,Study Permit,PSW,None,-2.470120984653091,0
Russia,Ireland,Social Sciences,-1.7559769419365439,Yes,Quality of Life,-1.658126457304222,-0.5485984321047398,Student Visa,Blue Card,TOEFL,0.585560236729173,0
South Africa,Russia,Engineering,-1.8119719747691316,No,Scholarship,-1.577868944974776,-2.2419121250957086,F1,Post-Study Visa,IELTS,0.5014070458189025,0
Germany,USA,Business,0.02905368267143274,Yes,Quality of Life,0.043313533665038415,1.8048818096324237,Tier 4,Blue Card,Duolingo,-0.23195602500311935,0
South Africa,UAE,Medicine,-1.7973347704890639,Yes,Scholarship,-2.326443256994876,-0.9763384421994289,J1,Blue Card,IELTS,0.5553624050966925,0
India,UK,Social Sciences,0.881566861799985,Yes,Scholarship,0.7174093235765626,-2.1613056575847733,F1,OPT,None,-0.09760591119994294,0
South Africa,South Africa,Business,-1.8928503154600445,Yes,Scholarship,-2.3448188973577513,0.6985510368551834,F1,OPT,PTE,-0.1192741644493247,0
UAE,South Africa,Law,1.8099964267999442,Yes,Job Opportunities,0.7531771843212711,0.23946250886187792,Student Visa,PSW,None,0.24978928886961946,1
USA,South Africa,Computer Science,-0.004690800013559362,No,Quality of Life,0.7871042258058245,-1.190857732313129,F1,Post-Study Visa,PTE,0.8726818063752537,0
Finland,India,Engineering,-1.8605633809934414,Yes,Scholarship,-2.449210443363449,1.6540840480679233,Tier 4,PSW,TOEFL,1.3348950581576244,1
Finland,UAE,Computer Science,-0.8860647631551859,Yes,Job Opportunities,-0.0014039077847886536,-1.534030150283009,Student Visa,Post-Study Visa,TOEFL,0.45405414048381604,0
Finland,Ireland,Law,-0.006251055418093914,Yes,Higher Ranking,-0.054910262668579485,-1.847230704588177,Student Visa,Blue Card,TOEFL,0.8259938704177223,0
Russia,UAE,Arts,1.8706582319077927,Yes,Job Opportunities,2.309510319950032,1.8663969526863362,J1,Work Permit,TOEFL,0.8272325025050352,1
UK,Russia,Law,-0.9170137581569703,No,Scholarship,-0.7759753828509475,-1.779373055188707,Study Permit,Post-Study Visa,Duolingo,0.9956503632570574,1
Canada,India,Natural Sciences,1.7508864015629912,No,Higher Ranking,1.5289708873510925,1.2314552602344595,Tier 4,Post-Study Visa,IELTS,1.2876104079996347,0
Finland,UAE,Arts,-0.09463472443581508,Yes,Higher Ranking,-0.8412117581658216,-0.3636509216161432,Study Permit,Blue Card,Duolingo,-0.032244591762634736,1
India,UK,Arts,0.9152733149170389,No,Job Opportunities,0.7133323588141829,-0.27113454686986904,J1,Post-Study Visa,None,-0.04064307091100555,1
India,USA,Arts,0.018385180926104493,No,Higher Ranking,-0.6391857532638178,2.095656304917998,Schengen Student Visa,Blue Card,Duolingo,1.2731524675963548,1
Ireland,UK,Business,1.8094619316396257,Yes,Quality of Life,2.3741253553382102,-2.1107867864831933,Schengen Student Visa,OPT,PTE,0.6552861513772703,1
Finland,USA,Business,-0.015859970522769117,Yes,Quality of Life,-0.8621426166120023,1.5435291761646301,Student Visa,Work Permit,PTE,0.10563899550240613,0
USA,UK,Arts,1.7014784091716106,Yes,Quality of Life,1.560106798536004,0.747608432084954,Study Permit,OPT,None,0.5970887797422725,0
